TITULO_ORIGINAL;CPB;DATA_EMISSAO_CPB;SITUACAO_OBRA;TIPO_OBRA;SUBTIPO_OBRA;CLASSIFICACAO_OBRA;ORGANIZACAO_TEMPORAL;DURACAO_TOTAL_MINUTOS;QUANTIDADE_EPISODIOS;ANO_PRODUCAO_INICIAL;ANO_PRODUCAO_FINAL;SEGMENTO_DESTINACAO_INICIAL;COPRODUCAO_INTERNACIONAL;REQUERENTE;CNPJ_REQUERENTE;UF_REQUERENTE;MUNICIPIO_REQUERENTE
10 & FAIXA;B2600208700000;26/06/2026;DEFERIDO;FICÇÃO;;BRASILEIRA INDEPENDENTE CONSTITUINTE DE ESPAÇO QUALIFICADO;NÃO SERIADA;20,2;;2026;;OUTROS MERCADOS;NÃO;RCV MIDIAS DIGITAIS LTDA;19.647.763/0001-57;RJ;RIO DE JANEIRO
10.000 RPM;B2600012200000;14/01/2026;DEFERIDO;VARIEDADES;;BRASILEIRA CONSTITUINTE DE ESPAÇO QUALIFICADO;SERIADA EM MÚLTIPLAS TEMPORADAS;720;24;2025;2025;COMUNICAÇÃO ELETRÔNICA DE MASSA POR ASSINATURA (TV PAGA);NÃO;NIRVANA TECNOLOGIA DIGITAL LTDA;24.815.120/0001-05;SP;SÃO PAULO
10.000 RPM 2A. TEMPORADA;B2600180100000;01/06/2026;DEFERIDO;VARIEDADES;;BRASILEIRA CONSTITUINTE DE ESPAÇO QUALIFICADO;SERIADA EM MÚLTIPLAS TEMPORADAS;1300;52;2026;2026;COMUNICAÇÃO ELETRÔNICA DE MASSA POR ASSINATURA (TV PAGA);NÃO;NIRVANA TECNOLOGIA DIGITAL LTDA;24.815.120/0001-05;SP;SÃO PAULO
100 AMIGOS - 1ª TEMPORADA;B2600270500000;18/08/2026;DEFERIDO;VARIEDADES;;BRASILEIRA CONSTITUINTE DE ESPAÇO QUALIFICADO;SERIADA EM MÚLTIPLAS TEMPORADAS;288;12;2026;2026;COMUNICAÇÃO ELETRÔNICA DE MASSA POR ASSINATURA (TV PAGA);NÃO;UNIVERSO ONLINE S.A.;01.109.184/0001-95;SP;SÃO PAULO
12 MILHÕES DE TONELADAS;B2600217000000;07/07/2026;DEFERIDO;FICÇÃO;;BRASILEIRA INDEPENDENTE CONSTITUINTE DE ESPAÇO QUALIFICADO;NÃO SERIADA;5,8;;2026;;OUTROS MERCADOS - AUDIOVISUAL EM CIRCUITO RESTRITO;NÃO;CIRCOLAB PRODUÇÕES CULTURAIS LTDA;21.250.807/0001-52;SP;SÃO PAULO
126;B2600059200000;24/02/2026;DEFERIDO;FICÇÃO;;BRASILEIRA CONSTITUINTE DE ESPAÇO QUALIFICADO;NÃO SERIADA;18,9;;2025;;SALAS DE EXIBIÇÃO;NÃO;ANA CAROLINA RESENDE LEITE;PESSOA FÍSICA;DF;BRASÍLIA
17 DE MARÇO;B2600080200000;17/03/2026;DEFERIDO;FICÇÃO;;BRASILEIRA INDEPENDENTE CONSTITUINTE DE ESPAÇO QUALIFICADO;NÃO SERIADA;24,9;;2025;;OUTROS MERCADOS - AUDIOVISUAL EM CIRCUITO RESTRITO;NÃO;UNIVERSIDADE DE SÃO PAULO;63.025.530/0001-04;SP;SÃO PAULO
1988 - A CONSTITUIÇÃO DE UM SONHO;B2600256200000;04/08/2026;DEFERIDO;DOCUMENTÁRIO;;BRASILEIRA INDEPENDENTE CONSTITUINTE DE ESPAÇO QUALIFICADO;NÃO SERIADA;87,0;;2026;;SALAS DE EXIBIÇÃO;NÃO;ONA FILMS LTDA;20.824.498/0001-14;RJ;ITAPERUNA
2025;B2600075500000;12/03/2026;DEFERIDO;FICÇÃO;;BRASILEIRA INDEPENDENTE CONSTITUINTE DE ESPAÇO QUALIFICADO;NÃO SERIADA;15,4;;2026;;SALAS DE EXIBIÇÃO;NÃO;DIA D PRODUCOES ARTISTICAS LTDA;04.149.018/0001-00;RJ;RIO DE JANEIRO
26 DE DEZEMBRO;B2600095100000;26/03/2026;DEFERIDO;VÍDEOMUSICAL;Registro de Eventos;BRASILEIRA CONSTITUINTE DE ESPAÇO QUALIFICADO;NÃO SERIADA;2,5;;2024;;COMUNICAÇÃO ELETRÔNICA DE MASSA POR ASSINATURA (TV PAGA);NÃO;BONDE RECORDS MUSIC LTDA;21.857.777/0001-47;RJ;RIO DE JANEIRO
3 PALAVRINHAS - VAMOS CANTAR JUNTOS!;B2600137500000;28/04/2026;DEFERIDO;ANIMAÇÃO;;BRASILEIRA INDEPENDENTE CONSTITUINTE DE ESPAÇO QUALIFICADO;SERIADA EM MÚLTIPLAS TEMPORADAS;208;3;2026;2026;RADIODIFUSÃO DE SONS E IMAGENS (TV ABERTA);NÃO;ANIMASSAURO PRODUÇÕES LTDA;06.077.962/0001-25;MG;BELO HORIZONTE
3 PALAVRINHAS SHOW;B2600147500000;05/05/2026;DEFERIDO;ANIMAÇÃO;;BRASILEIRA INDEPENDENTE CONSTITUINTE DE ESPAÇO QUALIFICADO;SERIADA EM MÚLTIPLAS TEMPORADAS;286;13;2026;2026;RADIODIFUSÃO DE SONS E IMAGENS (TV ABERTA);NÃO;ANIMASSAURO PRODUÇÕES LTDA;06.077.962/0001-25;MG;BELO HORIZONTE
30ª PARADA DO ORGULHO LGBT+ DE SÃO PAULO 2026 A RUA CONVOCA A URNA CONFIRMA.;B2600267100000;14/08/2026;DEFERIDO;JORNALÍSTICA;;COMUM;NÃO SERIADA;22,4;;2026;;OUTROS MERCADOS - VÍDEO POR DEMANDA;NÃO;ENCONTRO INFORMAL COMUNICACAO E SERVICOS LTDA;00.035.199/0001-93;SP;SÃO PAULO
31º PRÊMIO JOVEM CIENTISTA;B2600122500000;20/04/2026;DEFERIDO;VARIEDADES;;BRASILEIRA CONSTITUINTE DE ESPAÇO QUALIFICADO;SERIADA EM MÚLTIPLAS TEMPORADAS;14,9;4;2026;2026;COMUNICAÇÃO ELETRÔNICA DE MASSA POR ASSINATURA (TV PAGA);NÃO;FUNDAÇÃO ROBERTO MARINHO;29.527.413/0001-00;RJ;RIO DE JANEIRO
365 AO VIVO;B2600105500000;07/04/2026;DEFERIDO;VÍDEOMUSICAL;Registro de Eventos;BRASILEIRA INDEPENDENTE CONSTITUINTE DE ESPAÇO QUALIFICADO;NÃO SERIADA;44,2;;2026;;COMUNICAÇÃO ELETRÔNICA DE MASSA POR ASSINATURA (TV PAGA);NÃO;GABRIELA RICCIARDI CASERTA;42.271.245/0001-01;SP;SÃO PAULO
3X CAMILO;B2600067900000;04/03/2026;DEFERIDO;DOCUMENTÁRIO;;BRASILEIRA INDEPENDENTE CONSTITUINTE DE ESPAÇO QUALIFICADO;NÃO SERIADA;2,6;;2026;;SALAS DE EXIBIÇÃO;NÃO;50.077.912 LIVIA MARCELA DA SILVA UCHOA;50.077.912/0001-30;RJ;NITERÓI
4 X JOÃO;B2600176300000;27/05/2026;DEFERIDO;DOCUMENTÁRIO;;BRASILEIRA INDEPENDENTE CONSTITUINTE DE ESPAÇO QUALIFICADO;NÃO SERIADA;17,9;;2026;;COMUNICAÇÃO ELETRÔNICA DE MASSA POR ASSINATURA (TV PAGA);NÃO;TON TON FILMES & PRODUÇÃO ARTÍSTICA LTDA;10.403.803/0001-40;RJ;RIO DE JANEIRO
40º GRAUS;B2600030100000;03/02/2026;DEFERIDO;FICÇÃO;;BRASILEIRA INDEPENDENTE CONSTITUINTE DE ESPAÇO QUALIFICADO;NÃO SERIADA;65,5;;2025;;SALAS DE EXIBIÇÃO;NÃO;AQUARELLA CINE LTDA;43.419.148/0001-78;RJ;RIO DE JANEIRO
60 SEGUNDOS -  RETRATOS DE PELOTAS;B2600143400000;04/05/2026;DEFERIDO;DOCUMENTÁRIO;;BRASILEIRA INDEPENDENTE CONSTITUINTE DE ESPAÇO QUALIFICADO;SERIADA EM TEMPORADA ÚNICA;12;12;2026;2026;OUTROS MERCADOS - VÍDEO POR DEMANDA;NÃO;45.604.800 ALLAM MAGNO MELLO GONCALVES;45.604.800/0001-50;RS;PELOTAS
70 ANOS UMA SÓ FAMÍLIA;B2600212300000;01/07/2026;DEFERIDO;DOCUMENTÁRIO;;BRASILEIRA INDEPENDENTE CONSTITUINTE DE ESPAÇO QUALIFICADO;NÃO SERIADA;52;;2026;;RADIODIFUSÃO DE SONS E IMAGENS (TV ABERTA);NÃO;37.784.767 FELIPE SIMAO CABELLO;37.784.767/0001-69;SP;SÃO BERNARDO DO CAMPO
A ANTIFÁBULA DO PAPAI NOEL;B2600023600000;27/01/2026;DEFERIDO;DOCUMENTÁRIO;;BRASILEIRA INDEPENDENTE CONSTITUINTE DE ESPAÇO QUALIFICADO;NÃO SERIADA;23,7;;2026;;NENHUMA DAS OPÇÕES;NÃO;39.402.196 NATALIA FERREIRA CARUSO;39.402.196/0001-86;RJ;RIO DE JANEIRO
A ARANHA-MARROM;B2600120400000;17/04/2026;DEFERIDO;FICÇÃO;;BRASILEIRA INDEPENDENTE CONSTITUINTE DE ESPAÇO QUALIFICADO;NÃO SERIADA;19,9;;2026;;OUTROS MERCADOS;NÃO;RAPHAEL DE JESUS;PESSOA FÍSICA;PR;CURITIBA
A ARTE DE MORRER OU MARTA DÍPTERO BRAQUÍCERO;B2600191900000;12/06/2026;DEFERIDO;FICÇÃO;;BRASILEIRA INDEPENDENTE CONSTITUINTE DE ESPAÇO QUALIFICADO;NÃO SERIADA;14;;2026;;OUTROS MERCADOS;NÃO;NARRATIVA FILMES LTDA;20.820.497/0001-00;PB;JOÃO PESSOA
A ARTE DE SER;B2600037400000;09/02/2026;DEFERIDO;DOCUMENTÁRIO;;BRASILEIRA CONSTITUINTE DE ESPAÇO QUALIFICADO;NÃO SERIADA;21,6;;2026;;OUTROS MERCADOS - AUDIOVISUAL EM CIRCUITO RESTRITO;NÃO;PEDRO AUGUSTO ALVES TEIXEIRA;PESSOA FÍSICA;RJ;BARRA DO PIRAÍ
A ARTE NA VOZ DE QUEM FAZ;B2600090800000;25/03/2026;DEFERIDO;DOCUMENTÁRIO;;BRASILEIRA INDEPENDENTE CONSTITUINTE DE ESPAÇO QUALIFICADO;SERIADA EM MÚLTIPLAS TEMPORADAS;63;7;2026;2026;RADIODIFUSÃO DE SONS E IMAGENS (TV ABERTA);NÃO;INSTITUTO ARTE NA ESCOLA;03.684.257/0001-06;SP;SÃO PAULO
A BALADA PARA UM PEIXE ROUBADO;B2600064800000;02/03/2026;DEFERIDO;FICÇÃO;;BRASILEIRA CONSTITUINTE DE ESPAÇO QUALIFICADO;NÃO SERIADA;15;;2026;;NENHUMA DAS OPÇÕES;NÃO;SAMUEL GOMES CARVALHO;PESSOA FÍSICA;SP;UBATUBA
A BATALHA DA CRUZ;B2600084700000;19/03/2026;DEFERIDO;RELIGIOSA;;COMUM;SERIADA EM TEMPORADA ÚNICA;285;5;2026;2026;RADIODIFUSÃO DE SONS E IMAGENS (TV ABERTA);NÃO;TELEVISAO CACHOEIRA DO SUL LTDA;89.784.037/0001-61;RS;CACHOEIRA DO SUL
A BAÍA QUE NOS CONECTA;B2600038600000;09/02/2026;DEFERIDO;DOCUMENTÁRIO;;BRASILEIRA CONSTITUINTE DE ESPAÇO QUALIFICADO;SERIADA EM TEMPORADA ÚNICA;39,4;4;2025;2025;COMUNICAÇÃO ELETRÔNICA DE MASSA POR ASSINATURA (TV PAGA);NÃO;MASH UP AGENCIA DE PUBLICIDADE COMUNICACAO E EVENTOS LTDA;05.166.886/0001-61;RJ;RIO DE JANEIRO
A BOLA;B2600121600000;17/04/2026;DEFERIDO;FICÇÃO;;BRASILEIRA INDEPENDENTE CONSTITUINTE DE ESPAÇO QUALIFICADO;NÃO SERIADA;22;;2026;;SALAS DE EXIBIÇÃO;NÃO;PMF PRODUTORA LTDA;39.867.426/0001-82;SP;ATIBAIA
A CACHOEIRA;B2600262900000;07/08/2026;DEFERIDO;DOCUMENTÁRIO;;BRASILEIRA INDEPENDENTE CONSTITUINTE DE ESPAÇO QUALIFICADO;NÃO SERIADA;20;;2026;;SALAS DE EXIBIÇÃO;NÃO;COSMORAMA PRODUÇÕES LTDA;51.210.325/0001-30;BA;VITÓRIA DA CONQUISTA
A CASA CAIU, LÁ EM CASA;B2600151600000;07/05/2026;DEFERIDO;VÍDEOMUSICAL;;BRASILEIRA INDEPENDENTE CONSTITUINTE DE ESPAÇO QUALIFICADO;NÃO SERIADA;2,6;;2026;;COMUNICAÇÃO ELETRÔNICA DE MASSA POR ASSINATURA (TV PAGA);NÃO;BEST PRODUCOES ARTISTICAS LTDA;24.809.258/0001-00;GO;FORMOSA
A CASA DA KENA;B2600191800000;12/06/2026;DEFERIDO;DOCUMENTÁRIO;;BRASILEIRA CONSTITUINTE DE ESPAÇO QUALIFICADO;NÃO SERIADA;11,7;;2026;;SALAS DE EXIBIÇÃO;NÃO;ANDRILENE DE OLIVEIRA;PESSOA FÍSICA;SP;SÃO CARLOS
A CASA DE ANINHA;B2600219000000;09/07/2026;DEFERIDO;FICÇÃO;Erótico/Pornográfica;COMUM;NÃO SERIADA;64,1;;2026;;COMUNICAÇÃO ELETRÔNICA DE MASSA POR ASSINATURA (TV PAGA);NÃO;PAULA CRISTINA MANN LTDA;21.942.299/0001-73;SP;SÃO PAULO
A CIDADE;B2600189100000;10/06/2026;DEFERIDO;VÍDEOMUSICAL;Registro de Eventos;BRASILEIRA INDEPENDENTE CONSTITUINTE DE ESPAÇO QUALIFICADO;NÃO SERIADA;2,9;;2026;;COMUNICAÇÃO ELETRÔNICA DE MASSA POR ASSINATURA (TV PAGA);NÃO;LAGUM PRODUCAO MUSICAL LTDA;31.133.282/0001-29;MG;BELO HORIZONTE
A COLMEIA DA AZIZA;B2600100400000;31/03/2026;DEFERIDO;ANIMAÇÃO;;BRASILEIRA INDEPENDENTE CONSTITUINTE DE ESPAÇO QUALIFICADO;NÃO SERIADA;14,5;;2026;;OUTROS MERCADOS;NÃO;VIU CINE COMUNICACAO LTDA;18.274.744/0001-60;PE;RECIFE
A CONSPIRAÇÃO CONDOR;B2600061700000;26/02/2026;DEFERIDO;FICÇÃO;;BRASILEIRA INDEPENDENTE CONSTITUINTE DE ESPAÇO QUALIFICADO;NÃO SERIADA;113,5;;2026;;SALAS DE EXIBIÇÃO;NÃO;LEP LUGAR DE ENCONTROS E PRODUCOES LTDA;07.716.572/0001-10;SP;SÃO PAULO
A CONSTITUIÇÃO E A LIBERDADE;B2600100800000;31/03/2026;DEFERIDO;JORNALÍSTICA;;COMUM;SERIADA DE DURAÇÃO INDETERMINADA;1200;20;2026;2026;COMUNICAÇÃO ELETRÔNICA DE MASSA POR ASSINATURA (TV PAGA);NÃO;EDITORA TIPUANA LTDA.;19.608.677/0001-35;SP;SÃO PAULO
A CORTE OCULTA;B2600138400000;28/04/2026;DEFERIDO;FICÇÃO;;BRASILEIRA CONSTITUINTE DE ESPAÇO QUALIFICADO;NÃO SERIADA;11,6;;2026;;OUTROS MERCADOS - AUDIOVISUAL EM CIRCUITO RESTRITO;NÃO;ANDERSON COSME DE SOUZA;PESSOA FÍSICA;SP;ITAPECERICA DA SERRA
A COZINHA DO CHEF LUCA - 2ª TEMPORADA;B2600079200000;16/03/2026;DEFERIDO;ANIMAÇÃO;;BRASILEIRA INDEPENDENTE CONSTITUINTE DE ESPAÇO QUALIFICADO;SERIADA EM MÚLTIPLAS TEMPORADAS;35;14;2026;2026;COMUNICAÇÃO ELETRÔNICA DE MASSA POR ASSINATURA (TV PAGA);NÃO;GLM MARKETING SOLUÇÕES EMPRESARIAIS EIRELI;40.737.325/0001-76;SP;SÃO PAULO
A DAMA DO RAP;B2600075700000;12/03/2026;DEFERIDO;DOCUMENTÁRIO;;BRASILEIRA INDEPENDENTE CONSTITUINTE DE ESPAÇO QUALIFICADO;NÃO SERIADA;51,7;;2026;;COMUNICAÇÃO ELETRÔNICA DE MASSA POR ASSINATURA (TV PAGA);NÃO;CAVIDEO PRODUÇÕES COMÉRCIO E LOCAÇÃO DE FILMES LTDA;01.666.326/0001-15;RJ;RIO DE JANEIRO
A DANÇA DA BRUXA É NUM ES-PÁSSARO DE TERRA, COM-PASSOS EM CHAMAS DE ÁGUAS DO CÉU;B2600096900000;27/03/2026;DEFERIDO;FICÇÃO;;BRASILEIRA INDEPENDENTE CONSTITUINTE DE ESPAÇO QUALIFICADO;NÃO SERIADA;90,3;;2026;;NENHUMA DAS OPÇÕES;NÃO;NAESSA MARQUES PEREIRA;PESSOA FÍSICA;MG;ARAGUARI
A DANÇA DO UNIVERSO COM MARCELO GLEISER;B2600212000000;01/07/2026;DEFERIDO;DOCUMENTÁRIO;;BRASILEIRA INDEPENDENTE CONSTITUINTE DE ESPAÇO QUALIFICADO;NÃO SERIADA;80,8;;2026;;SALAS DE EXIBIÇÃO;NÃO;FELISTOQUE CINEMA LTDA.;39.967.359/0001-78;DF;BRASÍLIA
A DESCONHECIDA LENDA DE MACULELÊ: AQUILOMBAMENTOS CULTURAIS TRANSFORMADORES;B2600232500000;17/07/2026;DEFERIDO;DOCUMENTÁRIO;;BRASILEIRA INDEPENDENTE CONSTITUINTE DE ESPAÇO QUALIFICADO;NÃO SERIADA;103,8;;2026;;OUTROS MERCADOS - VÍDEO POR DEMANDA;NÃO;VIVIANE ROSA JUGUERO MARTINS;07.506.740/0001-43;RS;PORTO ALEGRE
A DESLUMBRANTE VINGANÇA DE MARA E LADY;B2600010400000;13/01/2026;DEFERIDO;FICÇÃO;;BRASILEIRA INDEPENDENTE CONSTITUINTE DE ESPAÇO QUALIFICADO;NÃO SERIADA;15,8;;2025;;OUTROS MERCADOS - AUDIOVISUAL EM CIRCUITO RESTRITO;NÃO;LUCCAS E QUINT PRODUCOES AUDIOVISUAIS LTDA;15.248.246/0001-54;SC;SÃO JOSÉ
A DISSONANTE POLIFONIA DA BANDA BATE LATA;B2600178100000;28/05/2026;DEFERIDO;DOCUMENTÁRIO;;BRASILEIRA CONSTITUINTE DE ESPAÇO QUALIFICADO;NÃO SERIADA;85,3;;2026;;VIDEO DOMÉSTICO;NÃO;ALEXANDRE RANDI;PESSOA FÍSICA;SP;CAMPINAS
A EQUIPE;B2600228100000;14/07/2026;DEFERIDO;VÍDEOMUSICAL;;BRASILEIRA INDEPENDENTE CONSTITUINTE DE ESPAÇO QUALIFICADO;NÃO SERIADA;2,3;;2026;;COMUNICAÇÃO ELETRÔNICA DE MASSA POR ASSINATURA (TV PAGA);NÃO;47.707.461 BARBARA DA SILVA FIGUEIREDO;47.707.461/0001-62;SP;SÃO PAULO
A EXTRAORDINÁRIA VIDA DE CARLO ACUTIS;B2600159900000;18/05/2026;DEFERIDO;DOCUMENTÁRIO;;BRASILEIRA INDEPENDENTE CONSTITUINTE DE ESPAÇO QUALIFICADO;NÃO SERIADA;70,1;;2026;;SALAS DE EXIBIÇÃO;NÃO;RUBI FILMES E PRODUCOES ARTISTICAS LTDA;17.383.231/0001-24;RJ;RIO DE JANEIRO
A FABULOSA MÁQUINA DO TEMPO;B2600070500000;06/03/2026;DEFERIDO;DOCUMENTÁRIO;;BRASILEIRA INDEPENDENTE CONSTITUINTE DE ESPAÇO QUALIFICADO;NÃO SERIADA;72;;2026;;SALAS DE EXIBIÇÃO;NÃO;TVA2 PRODUÇÕES LTDA.;09.514.942/0001-62;RJ;RIO DE JANEIRO
A FACE;B2600276700000;20/08/2026;DEFERIDO;ANIMAÇÃO;;BRASILEIRA CONSTITUINTE DE ESPAÇO QUALIFICADO;NÃO SERIADA;7,4;;2026;;OUTROS MERCADOS;NÃO;FLAVIO FREIRE CARVALHO;PESSOA FÍSICA;PR;CURITIBA
A FACE ESCURA DA LUA;B2600166000000;22/05/2026;DEFERIDO;FICÇÃO;;BRASILEIRA INDEPENDENTE CONSTITUINTE DE ESPAÇO QUALIFICADO;NÃO SERIADA;84,1;;2026;;OUTROS MERCADOS - VÍDEO POR DEMANDA;NÃO;MINOTAURO PRODUCOES CINEMATOGRAFICAS LTDA;08.991.166/0001-29;SP;SÃO PAULO
A FAMÍLIA DO N° 1.154;B2600110500000;13/04/2026;DEFERIDO;DOCUMENTÁRIO;;BRASILEIRA INDEPENDENTE CONSTITUINTE DE ESPAÇO QUALIFICADO;NÃO SERIADA;34,6;;2026;;SALAS DE EXIBIÇÃO;NÃO;NIRA COMUNICACAO, PRODUCAO E TREINAMENTO LTDA;42.764.242/0001-00;RJ;NITERÓI
A FELICIDADE É UMA ARMA QUENTE;B2600011900000;14/01/2026;DEFERIDO;DOCUMENTÁRIO;;BRASILEIRA INDEPENDENTE CONSTITUINTE DE ESPAÇO QUALIFICADO;SERIADA EM TEMPORADA ÚNICA;60;4;2026;2026;RADIODIFUSÃO DE SONS E IMAGENS (TV ABERTA);NÃO;FOGUEIRA DOCE FILMES PRODUCOES LTDA;37.486.556/0001-40;ES;VILA VELHA
A FLOR AZUL DO TIBETE;B2600022400000;26/01/2026;DEFERIDO;ANIMAÇÃO;;BRASILEIRA CONSTITUINTE DE ESPAÇO QUALIFICADO;NÃO SERIADA;14,5;;2026;;SALAS DE EXIBIÇÃO;NÃO;PRISCILA ANDREONI RIBEIRO;PESSOA FÍSICA;SP;SÃO PAULO
A FLOR QUE É CHEF;B2600171100000;25/05/2026;DEFERIDO;REALITY-SHOW;;BRASILEIRA INDEPENDENTE CONSTITUINTE DE ESPAÇO QUALIFICADO;SERIADA EM MÚLTIPLAS TEMPORADAS;303,6;6;2026;2026;COMUNICAÇÃO ELETRÔNICA DE MASSA POR ASSINATURA (TV PAGA);NÃO;MANJUBINHA FILMES LTDA;09.719.793/0001-78;RJ;RIO DE JANEIRO
A FORÇA DO AGRO;B2600045600000;19/02/2026;DEFERIDO;JORNALÍSTICA;;COMUM;SERIADA DE DURAÇÃO INDETERMINADA;7950;265;2026;2026;COMUNICAÇÃO ELETRÔNICA DE MASSA POR ASSINATURA (TV PAGA);NÃO;EDITORA TIPUANA LTDA.;19.608.677/0001-35;SP;SÃO PAULO
A GRANDE FINAL;B2600229100000;15/07/2026;DEFERIDO;VARIEDADES;;BRASILEIRA CONSTITUINTE DE ESPAÇO QUALIFICADO;NÃO SERIADA;60;;2026;;RADIODIFUSÃO DE SONS E IMAGENS (TV ABERTA);NÃO;TVSBT CANAL 4 DE SAO PAULO S/A;45.039.237/0001-14;SP;OSASCO
A HISTORIA DA PSIQUIATRIA: DA LOUCURA AO DIREITO E A LUTA POR DIGNIDADE;B2600171600000;25/05/2026;DEFERIDO;VARIEDADES;Vídeoaula;BRASILEIRA INDEPENDENTE CONSTITUINTE DE ESPAÇO QUALIFICADO;NÃO SERIADA;5,2;;2026;;VIDEO DOMÉSTICO;NÃO;PAMELA VITORIA RAMOS DA SILVA;PESSOA FÍSICA;PA;BELÉM
A ILHA DO SOL;B2600107100000;09/04/2026;DEFERIDO;ANIMAÇÃO;;BRASILEIRA CONSTITUINTE DE ESPAÇO QUALIFICADO;NÃO SERIADA;12,8;;2026;;SALAS DE EXIBIÇÃO;NÃO;RODRIGO HUBERT LEME;PESSOA FÍSICA;SP;SÃO PAULO
A JARDINEIRA;B2600205700000;24/06/2026;DEFERIDO;FICÇÃO;;BRASILEIRA INDEPENDENTE CONSTITUINTE DE ESPAÇO QUALIFICADO;NÃO SERIADA;81,4;;2026;;SALAS DE EXIBIÇÃO;NÃO;ALELO FILMES PRODUCOES ARTISTICAS LTDA;21.188.662/0001-07;GO;CALDAS NOVAS
A JEUN BÓ;B2600078300000;16/03/2026;DEFERIDO;DOCUMENTÁRIO;;BRASILEIRA INDEPENDENTE CONSTITUINTE DE ESPAÇO QUALIFICADO;NÃO SERIADA;62,5;;2026;;NENHUMA DAS OPÇÕES;NÃO;34.700.626 CAMILA DA SILVA;34.700.626/0001-22;SP;SÃO PAULO
A LASCA;B2600013400000;15/01/2026;DEFERIDO;FICÇÃO;;BRASILEIRA CONSTITUINTE DE ESPAÇO QUALIFICADO;NÃO SERIADA;15;;2026;;SALAS DE EXIBIÇÃO;NÃO;VALDETE SOUSA SILVA;PESSOA FÍSICA;RO;VILHENA
A LENDA DA GAROTA - 1ª TEMPORADA;B2600093300000;25/03/2026;DEFERIDO;ANIMAÇÃO;;BRASILEIRA INDEPENDENTE CONSTITUINTE DE ESPAÇO QUALIFICADO;SERIADA EM MÚLTIPLAS TEMPORADAS;104;13;2026;2026;NENHUMA DAS OPÇÕES;NÃO;CABONG STUDIOS LTDA;10.855.589/0001-63;PR;CURITIBA
A LENDA DE ZAMU;B2600009300000;12/01/2026;DEFERIDO;ANIMAÇÃO;;BRASILEIRA INDEPENDENTE CONSTITUINTE DE ESPAÇO QUALIFICADO;NÃO SERIADA;4,5;;2026;;OUTROS MERCADOS - AUDIOVISUAL EM CIRCUITO RESTRITO;NÃO;INDEPENDENTE FILMES LTDA;48.660.793/0001-00;SP;SÃO PAULO
A LETRA DO PIFE - SEGUNDA TEMPORADA;B2600124300000;22/04/2026;DEFERIDO;DOCUMENTÁRIO;;BRASILEIRA INDEPENDENTE CONSTITUINTE DE ESPAÇO QUALIFICADO;SERIADA EM MÚLTIPLAS TEMPORADAS;170,1;6;2026;2026;COMUNICAÇÃO ELETRÔNICA DE MASSA POR ASSINATURA (TV PAGA);NÃO;AUTORIAS PRODUCOES CINEMATOGRAFICAS LTDA.;19.265.893/0001-25;PE;CARUARU
A LUA E A TEMPESTADE;B2600280100000;23/08/2026;DEFERIDO;ANIMAÇÃO;;BRASILEIRA INDEPENDENTE CONSTITUINTE DE ESPAÇO QUALIFICADO;NÃO SERIADA;8,8;;2026;;SALAS DE EXIBIÇÃO;NÃO;PRODUTORA NO HYPE LTDA;51.840.513/0001-41;RJ;MACAÉ
A MARCA DO JAGUAR – O DESPERTAR DO FOGO;B2600231300000;17/07/2026;DEFERIDO;ANIMAÇÃO;;BRASILEIRA INDEPENDENTE CONSTITUINTE DE ESPAÇO QUALIFICADO;NÃO SERIADA;91,8;;2026;;SALAS DE EXIBIÇÃO;SIM;ORIGEM COMUNICAÇÃO LTDA.;00.830.735/0001-42;BA;LAURO DE FREITAS
A MENINA CORINA: QUANTOS MUNDOS CABEM EM UM MUNDO SÓ?;B2600107200000;09/04/2026;DEFERIDO;ANIMAÇÃO;;BRASILEIRA CONSTITUINTE DE ESPAÇO QUALIFICADO;NÃO SERIADA;21,1;;2026;;OUTROS MERCADOS;NÃO;LUCIELLEN DE CASTRO COSTA;PESSOA FÍSICA;CE;FORTALEZA
A MENINA QUE QUERIA SER PEDRA;B2600079900000;17/03/2026;DEFERIDO;ANIMAÇÃO;;BRASILEIRA INDEPENDENTE CONSTITUINTE DE ESPAÇO QUALIFICADO;NÃO SERIADA;9;;2026;;SALAS DE EXIBIÇÃO;NÃO;JACKSON F TEIXEIRA - PRODUCOES;15.172.892/0001-85;MG;BELO HORIZONTE
A MENSAGEM POR ELAS;B2600015900000;19/01/2026;DEFERIDO;RELIGIOSA;;COMUM;SERIADA DE DURAÇÃO INDETERMINADA;1508;52;2026;2026;RADIODIFUSÃO DE SONS E IMAGENS (TV ABERTA);NÃO;TELEVISAO CACHOEIRA DO SUL LTDA;89.784.037/0001-61;RS;CACHOEIRA DO SUL
A METAMORFOSE;B2600009400000;12/01/2026;DEFERIDO;FICÇÃO;;BRASILEIRA INDEPENDENTE CONSTITUINTE DE ESPAÇO QUALIFICADO;NÃO SERIADA;78,3;;2026;;OUTROS MERCADOS - AUDIOVISUAL EM CIRCUITO RESTRITO;NÃO;UTOPIA FILMES LTDA;46.343.097/0001-36;ES;SERRA
A MINHA HISTÓRIA JÁ FALA POR MIM;B2600183700000;03/06/2026;DEFERIDO;DOCUMENTÁRIO;;BRASILEIRA INDEPENDENTE CONSTITUINTE DE ESPAÇO QUALIFICADO;NÃO SERIADA;102,9;;2026;;NENHUMA DAS OPÇÕES;NÃO;JB DA SILVA PRODUCOES ARTISTICAS LTDA;41.528.630/0001-10;RJ;RIO DE JANEIRO
A MULHER AO LADO;B2600231200000;17/07/2026;DEFERIDO;FICÇÃO;;BRASILEIRA INDEPENDENTE CONSTITUINTE DE ESPAÇO QUALIFICADO;NÃO SERIADA;77,7;;2026;;SALAS DE EXIBIÇÃO;NÃO;MOOVIE CONTEÚDO E ENTRETENIMENTO LTDA;08.584.887/0001-14;SP;SÃO PAULO
A NATUREZA DO FIM;B2600149400000;06/05/2026;DEFERIDO;FICÇÃO;;BRASILEIRA CONSTITUINTE DE ESPAÇO QUALIFICADO;NÃO SERIADA;17,1;;2026;;OUTROS MERCADOS - AUDIOVISUAL EM CIRCUITO RESTRITO;NÃO;ERIC YVES WUILLEIUMIER;PESSOA FÍSICA;SP;SÃO PAULO
A NOBREZA DO AMOR;B2600066300000;03/03/2026;DEFERIDO;FICÇÃO;;BRASILEIRA CONSTITUINTE DE ESPAÇO QUALIFICADO;SERIADA EM TEMPORADA ÚNICA;7105;203;2026;2026;RADIODIFUSÃO DE SONS E IMAGENS (TV ABERTA);NÃO;GLOBO COMUNICACAO E PARTICIPACOES S/A;27.865.757/0001-02;RJ;RIO DE JANEIRO
A NOITE DE ALAIDE;B2600000100000;02/01/2026;DEFERIDO;DOCUMENTÁRIO;;BRASILEIRA INDEPENDENTE CONSTITUINTE DE ESPAÇO QUALIFICADO;NÃO SERIADA;100,7;;2025;;COMUNICAÇÃO ELETRÔNICA DE MASSA POR ASSINATURA (TV PAGA);NÃO;TOCA FILMES LTDA;05.913.319/0001-21;BA;SALVADOR
A NOITE DO FETICHE;B2600253400000;30/07/2026;DEFERIDO;FICÇÃO;Erótico/Pornográfica;COMUM;NÃO SERIADA;64,3;;2026;;COMUNICAÇÃO ELETRÔNICA DE MASSA POR ASSINATURA (TV PAGA);NÃO;PAULA CRISTINA MANN LTDA;21.942.299/0001-73;SP;SÃO PAULO
A NOTÍCIA;B2600062100000;26/02/2026;DEFERIDO;FICÇÃO;;BRASILEIRA CONSTITUINTE DE ESPAÇO QUALIFICADO;NÃO SERIADA;3,7;;2026;;OUTROS MERCADOS;NÃO;63.409.572 ANNA BEATRIZ CAVALCANTE DE ANDRADE;63.409.572/0001-49;CE;FORTALEZA
A PAIXÃO DE CRISTO;B2600148500000;06/05/2026;DEFERIDO;FICÇÃO;;BRASILEIRA CONSTITUINTE DE ESPAÇO QUALIFICADO;NÃO SERIADA;110,4;;2026;;OUTROS MERCADOS;NÃO;RACIOCINANDO FILMES LTDA;54.907.125/0001-29;SP;MOGI DAS CRUZES
A PEDRA DO REINO E O SERTÃO DE DOM PANTERO;B2600185800000;08/06/2026;DEFERIDO;DOCUMENTÁRIO;;BRASILEIRA CONSTITUINTE DE ESPAÇO QUALIFICADO;NÃO SERIADA;60,3;;2026;;SALAS DE EXIBIÇÃO;NÃO;MANUEL DANTAS VILAR;PESSOA FÍSICA;PB;TAPEROÁ
A PEDRA MULTIVERSAL;B2600199900000;22/06/2026;DEFERIDO;FICÇÃO;;BRASILEIRA INDEPENDENTE CONSTITUINTE DE ESPAÇO QUALIFICADO;NÃO SERIADA;30,2;;2026;;SALAS DE EXIBIÇÃO;NÃO;12.435.466 IUGY CARNEIRO DOS SANTOS;12.435.466/0001-07;TO;ARAGUAÍNA
A PELE DO OURO;B2600140900000;30/04/2026;DEFERIDO;DOCUMENTÁRIO;;BRASILEIRA INDEPENDENTE CONSTITUINTE DE ESPAÇO QUALIFICADO;NÃO SERIADA;14,7;;2026;;NENHUMA DAS OPÇÕES;NÃO;PLATO FILMES LTDA;21.265.743/0001-63;RR;BOA VISTA
A PELE MORTA;B2600233800000;21/07/2026;DEFERIDO;FICÇÃO;;BRASILEIRA INDEPENDENTE CONSTITUINTE DE ESPAÇO QUALIFICADO;NÃO SERIADA;81,4;;2026;;SALAS DE EXIBIÇÃO;NÃO;ARACA AZUL FILMES PRODUCAO CINEMATOGRAFICA LTDA;01.231.528/0001-34;BA;SALVADOR
A POSSE É UM FATO;B2600215100000;06/07/2026;DEFERIDO;VÍDEOMUSICAL;;BRASILEIRA CONSTITUINTE DE ESPAÇO QUALIFICADO;NÃO SERIADA;6,1;;2025;;OUTROS MERCADOS;NÃO;MARINA PALOMBINI FAGUNDES;PESSOA FÍSICA;SC;FLORIANÓPOLIS
A PRETA VENCEU;B2600088600000;24/03/2026;DEFERIDO;VÍDEOMUSICAL;Registro de Eventos;BRASILEIRA CONSTITUINTE DE ESPAÇO QUALIFICADO;NÃO SERIADA;2,7;;2024;;COMUNICAÇÃO ELETRÔNICA DE MASSA POR ASSINATURA (TV PAGA);NÃO;BONDE RECORDS MUSIC LTDA;21.857.777/0001-47;RJ;RIO DE JANEIRO
A PRISIONEIRA;B2600140000000;29/04/2026;DEFERIDO;FICÇÃO;;BRASILEIRA INDEPENDENTE CONSTITUINTE DE ESPAÇO QUALIFICADO;NÃO SERIADA;97,5;;2026;;SALAS DE EXIBIÇÃO;NÃO;FRANCISCO RAMALHO JUNIOR FILMES LTDA;52.308.558/0001-32;SP;SÃO PAULO
A RAINHA DO BISTURI COM DRª CAROL BRANDÃO;B2600154600000;12/05/2026;DEFERIDO;REALITY-SHOW;;BRASILEIRA INDEPENDENTE CONSTITUINTE DE ESPAÇO QUALIFICADO;SERIADA EM MÚLTIPLAS TEMPORADAS;193,2;8;2026;2026;COMUNICAÇÃO ELETRÔNICA DE MASSA POR ASSINATURA (TV PAGA);NÃO;RMG & DAVI COMUNICAÇÕES LTDA;07.904.474/0001-07;SP;SANTANA DE PARNAÍBA
A RAIZ CANGULEIRA DO CORES DO NOSSO SAMBA - 10 ANOS;B2600028300000;31/01/2026;DEFERIDO;DOCUMENTÁRIO;;BRASILEIRA INDEPENDENTE CONSTITUINTE DE ESPAÇO QUALIFICADO;NÃO SERIADA;21,3;;2026;;OUTROS MERCADOS - AUDIOVISUAL EM CIRCUITO RESTRITO;NÃO;GREEN POINT ASSESSORIA LTDA;40.757.734/0001-34;RN;NATAL
A RIFA DO PORCO JULINHO;B2600160000000;18/05/2026;DEFERIDO;FICÇÃO;;BRASILEIRA INDEPENDENTE CONSTITUINTE DE ESPAÇO QUALIFICADO;NÃO SERIADA;14,1;;2026;;OUTROS MERCADOS - AUDIOVISUAL EM CIRCUITO RESTRITO;NÃO;ESPINDOLA E NAVEGANTES SERVICOS DE FILME E PRODUCOES VISUAIS LTDA;64.113.090/0001-00;PA;BELÉM
A SAGA DE ALEIXO GARCIA;B2600227600000;14/07/2026;DEFERIDO;DOCUMENTÁRIO;;BRASILEIRA INDEPENDENTE CONSTITUINTE DE ESPAÇO QUALIFICADO;NÃO SERIADA;54;;2026;;COMUNICAÇÃO ELETRÔNICA DE MASSA POR ASSINATURA (TV PAGA);NÃO;CAROLINA BORGES DE ANDRADE ME;03.382.219/0001-90;SC;FLORIANÓPOLIS
A SEDUTORA GATA;B2600192000000;12/06/2026;DEFERIDO;FICÇÃO;Erótico/Pornográfica;COMUM;NÃO SERIADA;37;;2026;;COMUNICAÇÃO ELETRÔNICA DE MASSA POR ASSINATURA (TV PAGA);NÃO;J3 PRODUCOES LTDA;20.520.327/0001-00;SP;SÃO PAULO
A SERPENTE;B2600141900000;30/04/2026;DEFERIDO;FICÇÃO;;BRASILEIRA INDEPENDENTE CONSTITUINTE DE ESPAÇO QUALIFICADO;NÃO SERIADA;58,5;;2026;;COMUNICAÇÃO ELETRÔNICA DE MASSA POR ASSINATURA (TV PAGA);NÃO;CAVIDEO PRODUÇÕES COMÉRCIO E LOCAÇÃO DE FILMES LTDA;01.666.326/0001-15;RJ;RIO DE JANEIRO
A SOMBRA DO SOL;B2600218300000;08/07/2026;DEFERIDO;DOCUMENTÁRIO;;BRASILEIRA INDEPENDENTE CONSTITUINTE DE ESPAÇO QUALIFICADO;NÃO SERIADA;73,0;;2026;;SALAS DE EXIBIÇÃO;NÃO;HUGO HADDAD;17.992.676/0001-01;SP;SÃO PAULO
A TEMPORAL;B2600194500000;17/06/2026;DEFERIDO;FICÇÃO;;BRASILEIRA INDEPENDENTE CONSTITUINTE DE ESPAÇO QUALIFICADO;NÃO SERIADA;9,3;;2026;;SALAS DE EXIBIÇÃO;NÃO;BAMBOLE FILMES LTDA;50.921.102/0001-18;RJ;RIO DE JANEIRO
A TRADUTORA;B2600034600000;05/02/2026;DEFERIDO;FICÇÃO;;BRASILEIRA INDEPENDENTE CONSTITUINTE DE ESPAÇO QUALIFICADO;NÃO SERIADA;15,1;;2026;;OUTROS MERCADOS - AUDIOVISUAL EM CIRCUITO RESTRITO;NÃO;UNIVERSIDADE DE SÃO PAULO;63.025.530/0001-04;SP;SÃO PAULO
A TROPA DE GOIÂNIA!;B2600115200000;16/04/2026;DEFERIDO;DOCUMENTÁRIO;;BRASILEIRA INDEPENDENTE CONSTITUINTE DE ESPAÇO QUALIFICADO;NÃO SERIADA;71,2;;2026;;SALAS DE EXIBIÇÃO;NÃO;CAOLHA FILMES LTDA;23.856.558/0001-79;GO;GOIÂNIA
A TURMA DO MILHITOS;B2600219700000;09/07/2026;DEFERIDO;DOCUMENTÁRIO;;BRASILEIRA INDEPENDENTE CONSTITUINTE DE ESPAÇO QUALIFICADO;SERIADA EM TEMPORADA ÚNICA;130;5;2026;2026;OUTROS MERCADOS - VÍDEO POR DEMANDA;NÃO;A CARLOS DE ARAUJO SILVA JUNIOR;39.155.931/0001-02;AM;MANAUS
A VERDADE NÃO EXISTE;B2600040300000;10/02/2026;DEFERIDO;FICÇÃO;;BRASILEIRA INDEPENDENTE CONSTITUINTE DE ESPAÇO QUALIFICADO;NÃO SERIADA;132,5;;2026;;SALAS DE EXIBIÇÃO;NÃO;ADVERTAINMENT3 FILMES LTDA - EPP;02.955.512/0001-37;MS;CAMPO GRANDE
A VEZ DE ESPERA;B2600073300000;10/03/2026;DEFERIDO;DOCUMENTÁRIO;;BRASILEIRA INDEPENDENTE CONSTITUINTE DE ESPAÇO QUALIFICADO;NÃO SERIADA;77,6;;2026;;SALAS DE EXIBIÇÃO;SIM;SENDERO FILMES;25.246.774/0001-28;SP;SÃO PAULO
A VIDA DE MESSI;B2600089500000;24/03/2026;DEFERIDO;VÍDEOMUSICAL;;BRASILEIRA INDEPENDENTE CONSTITUINTE DE ESPAÇO QUALIFICADO;NÃO SERIADA;3,3;;2026;;COMUNICAÇÃO ELETRÔNICA DE MASSA POR ASSINATURA (TV PAGA);NÃO;VEGAS CULTURAL LTDA;52.743.723/0001-84;SP;AMERICANA
A VIDA SECRETA DE MEUS TRÊS HOMENS;B2600039200000;10/02/2026;DEFERIDO;DOCUMENTÁRIO;;BRASILEIRA INDEPENDENTE CONSTITUINTE DE ESPAÇO QUALIFICADO;NÃO SERIADA;74,9;;2026;;SALAS DE EXIBIÇÃO;NÃO;LETICIA CASTRO SIMOES;33.718.584/0001-94;PE;RECIFE
A VIDA É MELHOR COM CUSCUZ;B2600098400000;30/03/2026;DEFERIDO;VARIEDADES;;BRASILEIRA CONSTITUINTE DE ESPAÇO QUALIFICADO;NÃO SERIADA;26,2;;2026;;RADIODIFUSÃO DE SONS E IMAGENS (TV ABERTA);NÃO;GLOBO COMUNICACAO E PARTICIPACOES S/A;27.865.757/0001-02;RJ;RIO DE JANEIRO
A VIDA É UMA PASSAGEM - 5ª TEMPORADA;B2600142000000;30/04/2026;DEFERIDO;VARIEDADES;;BRASILEIRA INDEPENDENTE CONSTITUINTE DE ESPAÇO QUALIFICADO;SERIADA EM MÚLTIPLAS TEMPORADAS;405;15;2026;2026;COMUNICAÇÃO ELETRÔNICA DE MASSA POR ASSINATURA (TV PAGA);NÃO;RM RUAS PRODUÇÕES ARTÍSTICAS LTDA-ME;15.836.857/0001-13;SP;SÃO PAULO
A VISTA E A POESIA;B2600179800000;01/06/2026;DEFERIDO;VÍDEOMUSICAL;;BRASILEIRA INDEPENDENTE CONSTITUINTE DE ESPAÇO QUALIFICADO;NÃO SERIADA;3,8;;2026;;COMUNICAÇÃO ELETRÔNICA DE MASSA POR ASSINATURA (TV PAGA);NÃO;HEBERT MOAH KINIPHOFF GARCIA ***********;45.132.039/0001-09;RS;PORTO ALEGRE
A VISÃO DE PATRICE LUMUMBA;B2600197600000;18/06/2026;DEFERIDO;VÍDEOMUSICAL;;BRASILEIRA INDEPENDENTE CONSTITUINTE DE ESPAÇO QUALIFICADO;NÃO SERIADA;2,3;;2026;;COMUNICAÇÃO ELETRÔNICA DE MASSA POR ASSINATURA (TV PAGA);NÃO;47.707.461 BARBARA DA SILVA FIGUEIREDO;47.707.461/0001-62;SP;SÃO PAULO
A VOLTA DO FIM;B2600209000000;27/06/2026;DEFERIDO;FICÇÃO;;BRASILEIRA INDEPENDENTE CONSTITUINTE DE ESPAÇO QUALIFICADO;NÃO SERIADA;38,5;;2026;;OUTROS MERCADOS - VÍDEO POR DEMANDA;NÃO;65051421 EDUARDO DA SILVA SALES;65.051.421/0001-97;RJ;RIO DE JANEIRO
A VOVOZINHA;B2600115000000;16/04/2026;DEFERIDO;ANIMAÇÃO;;BRASILEIRA INDEPENDENTE CONSTITUINTE DE ESPAÇO QUALIFICADO;NÃO SERIADA;6,8;;2026;;SALAS DE EXIBIÇÃO;NÃO;INQUIETO CRIACAO DE CONTEUDO LTDA;26.461.622/0001-00;RJ;RIO DE JANEIRO
A VOZ DA PROFECIA;B2600014200000;16/01/2026;DEFERIDO;RELIGIOSA;;COMUM;SERIADA DE DURAÇÃO INDETERMINADA;2860;52;2026;2026;RADIODIFUSÃO DE SONS E IMAGENS (TV ABERTA);NÃO;TELEVISAO CACHOEIRA DO SUL LTDA;89.784.037/0001-61;RS;CACHOEIRA DO SUL
A VOZ DE DEUS;B2600080900000;17/03/2026;DEFERIDO;DOCUMENTÁRIO;;BRASILEIRA INDEPENDENTE CONSTITUINTE DE ESPAÇO QUALIFICADO;NÃO SERIADA;85,8;;2026;;SALAS DE EXIBIÇÃO;NÃO;CORISCO PRODUCAO DE FILMES LTDA;15.195.711/0001-36;SP;SÃO PAULO
A.MARE;B2600052100000;23/02/2026;DEFERIDO;FICÇÃO;;BRASILEIRA INDEPENDENTE CONSTITUINTE DE ESPAÇO QUALIFICADO;NÃO SERIADA;25;;2026;;SALAS DE EXIBIÇÃO;NÃO;ONTYPE PROJETOS GRAFICOS EIRELI;15.454.075/0001-10;SP;MOGI DAS CRUZES
ABALO PSICOLÓGICO;B2600183800000;03/06/2026;DEFERIDO;VÍDEOMUSICAL;;BRASILEIRA INDEPENDENTE CONSTITUINTE DE ESPAÇO QUALIFICADO;NÃO SERIADA;2,3;;2026;;COMUNICAÇÃO ELETRÔNICA DE MASSA POR ASSINATURA (TV PAGA);NÃO;O SOL PRODUÇÕES LTDA;31.145.835/0001-63;SC;BALNEÁRIO CAMBORIÚ
ABECEDÁRIO DO IZY;B2600068000000;04/03/2026;DEFERIDO;DOCUMENTÁRIO;;BRASILEIRA INDEPENDENTE CONSTITUINTE DE ESPAÇO QUALIFICADO;NÃO SERIADA;18,6;;2026;;SALAS DE EXIBIÇÃO;NÃO;50.077.912 LIVIA MARCELA DA SILVA UCHOA;50.077.912/0001-30;RJ;NITERÓI
ABOCANHADA;B2600247500000;28/07/2026;DEFERIDO;FICÇÃO;;BRASILEIRA INDEPENDENTE CONSTITUINTE DE ESPAÇO QUALIFICADO;NÃO SERIADA;5;;2026;;SALAS DE EXIBIÇÃO;NÃO;ALGAZARRA PRODUÇÕES CINEMATOGRÁFICAS LTDA;14.976.240/0001-30;SP;SÃO PAULO
ABSTRAÇÃO;B2600030200000;03/02/2026;DEFERIDO;FICÇÃO;;BRASILEIRA INDEPENDENTE CONSTITUINTE DE ESPAÇO QUALIFICADO;NÃO SERIADA;7,7;;2025;;OUTROS MERCADOS - AUDIOVISUAL EM CIRCUITO RESTRITO;NÃO;CIRCOLAB PRODUÇÕES CULTURAIS LTDA;21.250.807/0001-52;SP;SÃO PAULO
ACHO QUE SOU A MORTE;B2600245800000;27/07/2026;DEFERIDO;FICÇÃO;;BRASILEIRA INDEPENDENTE CONSTITUINTE DE ESPAÇO QUALIFICADO;NÃO SERIADA;8,9;;2026;;OUTROS MERCADOS;NÃO;RYAN BATISTA GONCALVES;PESSOA FÍSICA;PB;JOÃO PESSOA
ACUMULADOR;B2600071800000;10/03/2026;DEFERIDO;VÍDEOMUSICAL;;BRASILEIRA INDEPENDENTE CONSTITUINTE DE ESPAÇO QUALIFICADO;NÃO SERIADA;2,8;;2026;;OUTROS MERCADOS - VÍDEO POR DEMANDA;NÃO;TOYGER DIGITAL CONTENT LTDA;31.783.299/0001-21;PE;RECIFE
ADESTRA MINHAS MÃOS PARA A PELEJA;B2600021800000;26/01/2026;DEFERIDO;DOCUMENTÁRIO;;BRASILEIRA INDEPENDENTE CONSTITUINTE DE ESPAÇO QUALIFICADO;NÃO SERIADA;25;;2025;;OUTROS MERCADOS;NÃO;FILME DE ROUPA PRODUCOES LTDA;39.313.609/0001-56;RJ;RIO DE JANEIRO
ADEUS, VERÃO!;B2600170500000;25/05/2026;DEFERIDO;FICÇÃO;;BRASILEIRA INDEPENDENTE CONSTITUINTE DE ESPAÇO QUALIFICADO;NÃO SERIADA;92,9;;2026;;SALAS DE EXIBIÇÃO;NÃO;VENTANIA PRODUÇÕES AUDIOVISUAIS LTDA;21.681.140/0001-42;ES;VITÓRIA
ADMIRADOR ANÔNIMO;B2600229600000;15/07/2026;DEFERIDO;FICÇÃO;Erótico/Pornográfica;COMUM;NÃO SERIADA;66,6;;2026;;COMUNICAÇÃO ELETRÔNICA DE MASSA POR ASSINATURA (TV PAGA);NÃO;BIG VIP PRODUCOES LTDA;33.597.264/0001-23;RJ;RIO DE JANEIRO
ADMIRADOR ANÔNIMO;B2600235500000;22/07/2026;DEFERIDO;FICÇÃO;Erótico/Pornográfica;COMUM;NÃO SERIADA;66,6;;2026;;COMUNICAÇÃO ELETRÔNICA DE MASSA POR ASSINATURA (TV PAGA);NÃO;BIG VIP PRODUCOES LTDA;33.597.264/0001-23;RJ;RIO DE JANEIRO
ADMIRÁVEL GADO NOVO/TOADA (AO VIVO) - CHICO CHICO, ORQUESTRA SESIMINAS;B2600175800000;27/05/2026;DEFERIDO;VÍDEOMUSICAL;Registro de Eventos;BRASILEIRA INDEPENDENTE CONSTITUINTE DE ESPAÇO QUALIFICADO;NÃO SERIADA;3,8;;2026;;COMUNICAÇÃO ELETRÔNICA DE MASSA POR ASSINATURA (TV PAGA);NÃO;DECK PRODUÇÕES ARTÍSTICAS LTDA;30.253.090/0001-93;RJ;RIO DE JANEIRO
ADORAÇÃO;B2600014000000;16/01/2026;DEFERIDO;RELIGIOSA;;COMUM;SERIADA DE DURAÇÃO INDETERMINADA;3016;104;2026;2026;RADIODIFUSÃO DE SONS E IMAGENS (TV ABERTA);NÃO;TELEVISAO CACHOEIRA DO SUL LTDA;89.784.037/0001-61;RS;CACHOEIRA DO SUL
ADORAÇÃO;B2600024600000;27/01/2026;DEFERIDO;RELIGIOSA;;COMUM;SERIADA DE DURAÇÃO INDETERMINADA;2655;45;2026;2026;RADIODIFUSÃO DE SONS E IMAGENS (TV ABERTA);NÃO;TELEVISAO CACHOEIRA DO SUL LTDA;89.784.037/0001-61;RS;CACHOEIRA DO SUL
ADVOGADO DE DEUS;B2600068800000;05/03/2026;DEFERIDO;FICÇÃO;;BRASILEIRA CONSTITUINTE DE ESPAÇO QUALIFICADO;NÃO SERIADA;116,9;;2026;;SALAS DE EXIBIÇÃO;NÃO;CINÉTICA FILMES E PRODUÇÕES LTDA.;01.946.155/0001-88;RJ;RIO DE JANEIRO
AFASTO;B2600261100000;07/08/2026;DEFERIDO;FICÇÃO;;BRASILEIRA INDEPENDENTE CONSTITUINTE DE ESPAÇO QUALIFICADO;NÃO SERIADA;5;;2026;;NENHUMA DAS OPÇÕES;NÃO;TEMPORAL DE CINEMA - PRODUCAO AUDIOVISUAL LTDA;36.459.307/0001-00;RS;ERECHIM
AFIADA'S;B2600186100000;08/06/2026;DEFERIDO;VARIEDADES;;BRASILEIRA INDEPENDENTE CONSTITUINTE DE ESPAÇO QUALIFICADO;SERIADA EM TEMPORADA ÚNICA;208;8;2026;2026;RADIODIFUSÃO DE SONS E IMAGENS (TV ABERTA);NÃO;O2 CINEMA LTDA;02.525.725/0001-29;SP;COTIA
AFIM DE VERÃO;B2600044400000;13/02/2026;DEFERIDO;VÍDEOMUSICAL;;BRASILEIRA CONSTITUINTE DE ESPAÇO QUALIFICADO;NÃO SERIADA;5;;2026;;COMUNICAÇÃO ELETRÔNICA DE MASSA POR ASSINATURA (TV PAGA);NÃO;JULIA MESTRE TEIXEIRA;PESSOA FÍSICA;RJ;RIO DE JANEIRO
AFRONTOSA;B2600188200000;10/06/2026;DEFERIDO;DOCUMENTÁRIO;;BRASILEIRA INDEPENDENTE CONSTITUINTE DE ESPAÇO QUALIFICADO;NÃO SERIADA;85,9;;2026;;SALAS DE EXIBIÇÃO;NÃO;LABORATORIO CISCO EDUCACAO E IMAGEM LTDA;12.106.692/0001-36;SP;CAMPINAS
AGBARA DUDU - NARRATIVAS NEGRAS (2ª TEMPORADA);B2600034800000;05/02/2026;DEFERIDO;DOCUMENTÁRIO;;BRASILEIRA INDEPENDENTE CONSTITUINTE DE ESPAÇO QUALIFICADO;SERIADA EM MÚLTIPLAS TEMPORADAS;380,9;13;2026;2026;COMUNICAÇÃO ELETRÔNICA DE MASSA POR ASSINATURA (TV PAGA);NÃO;TRUQUE PRODUTORA DE CINEMA TV E VÍDEO LTDA;16.487.027/0001-90;BA;SALVADOR
AGENDA 2100;B2600031000000;03/02/2026;DEFERIDO;FICÇÃO;;BRASILEIRA INDEPENDENTE CONSTITUINTE DE ESPAÇO QUALIFICADO;NÃO SERIADA;15,0;;2026;;SALAS DE EXIBIÇÃO;NÃO;ARARUNA FILMES LTDA;17.258.788/0001-33;SP;SÃO PAULO
AGNES ESTÁ COM FOME;B2600159000000;15/05/2026;DEFERIDO;FICÇÃO;;BRASILEIRA INDEPENDENTE CONSTITUINTE DE ESPAÇO QUALIFICADO;NÃO SERIADA;13,6;;2026;;OUTROS MERCADOS - AUDIOVISUAL EM CIRCUITO RESTRITO;NÃO;BARRA 3 FILMES LTDA;37.842.289/0001-04;SP;SÃO PAULO
AGORA TALVEZ VOCÊ SEJA COMPREENDIDO;B2600252600000;30/07/2026;DEFERIDO;ANIMAÇÃO;;BRASILEIRA INDEPENDENTE CONSTITUINTE DE ESPAÇO QUALIFICADO;NÃO SERIADA;30;;2026;;OUTROS MERCADOS - VÍDEO POR DEMANDA;NÃO;VIGOR MORTIS PRODUÇÕES ARTISTICAS LTDA;05.980.535/0001-90;PR;CURITIBA
AGOURO;B2600143200000;04/05/2026;DEFERIDO;FICÇÃO;;BRASILEIRA CONSTITUINTE DE ESPAÇO QUALIFICADO;NÃO SERIADA;9,4;;2026;;SALAS DE EXIBIÇÃO;NÃO;GIOVANI SIMONETI BELOTO;PESSOA FÍSICA;SP;TIETÊ
AGRO BUSINESS;B2600178200000;28/05/2026;DEFERIDO;JORNALÍSTICA;;COMUM;SERIADA DE DURAÇÃO INDETERMINADA;1750;50;2025;2026;COMUNICAÇÃO ELETRÔNICA DE MASSA POR ASSINATURA (TV PAGA);NÃO;SPRING PUBLICAÇÕES LTDA.;08.234.482/0001-56;SP;SÃO PAULO
AGROCULTURA;B2600062900000;27/02/2026;DEFERIDO;JORNALÍSTICA;;COMUM;SERIADA EM MÚLTIPLAS TEMPORADAS;1299,9;52;2026;2026;RADIODIFUSÃO DE SONS E IMAGENS (TV ABERTA);NÃO;FUND PE ANCHIETA CENTRO PAULISTA RADIO E TV EDUCATIVAS;61.914.891/0001-86;SP;SÃO PAULO
AINDA É POUCO;B2600138600000;28/04/2026;DEFERIDO;VÍDEOMUSICAL;Registro de Eventos;BRASILEIRA CONSTITUINTE DE ESPAÇO QUALIFICADO;NÃO SERIADA;2,9;;2026;;COMUNICAÇÃO ELETRÔNICA DE MASSA POR ASSINATURA (TV PAGA);NÃO;JONATHAS GOULART COSTA;PESSOA FÍSICA;RJ;RIO DE JANEIRO
AJUDE OS MENOR;B2600075900000;12/03/2026;DEFERIDO;FICÇÃO;;BRASILEIRA INDEPENDENTE CONSTITUINTE DE ESPAÇO QUALIFICADO;NÃO SERIADA;15,3;;2026;;SALAS DE EXIBIÇÃO;NÃO;CÉU VERMELHO FOGO FILMES LTDA;26.324.984/0001-50;AL;MACEIÓ
AJULLIACOSTA - TENTE OUTRA VEZ | NOSSO CANTO;B2600219500000;09/07/2026;DEFERIDO;VÍDEOMUSICAL;;BRASILEIRA INDEPENDENTE CONSTITUINTE DE ESPAÇO QUALIFICADO;NÃO SERIADA;2,2;;2026;;COMUNICAÇÃO ELETRÔNICA DE MASSA POR ASSINATURA (TV PAGA);NÃO;CALIFORNIA FILMES E PUBLICIDADE LTDA - ME;19.437.976/0001-54;BA;SALVADOR
AKAÎUTI;B2600081300000;17/03/2026;DEFERIDO;DOCUMENTÁRIO;;BRASILEIRA CONSTITUINTE DE ESPAÇO QUALIFICADO;NÃO SERIADA;17,4;;2026;;OUTROS MERCADOS - AUDIOVISUAL EM CIRCUITO RESTRITO;NÃO;FILMES DE MARTE LTDA;35.188.318/0001-22;PE;RECIFE
ALCESTE;B2600098300000;30/03/2026;DEFERIDO;FICÇÃO;;BRASILEIRA INDEPENDENTE CONSTITUINTE DE ESPAÇO QUALIFICADO;NÃO SERIADA;19,9;;2026;;NENHUMA DAS OPÇÕES;NÃO;NOTTA PRODUCTION COMPANY LTDA;35.472.140/0001-47;SP;SÃO PAULO
ALERTA VERMELHO - VERSÃO ACÚSTICA;B2600142700000;01/05/2026;DEFERIDO;VÍDEOMUSICAL;;BRASILEIRA CONSTITUINTE DE ESPAÇO QUALIFICADO;NÃO SERIADA;3,3;;2026;;COMUNICAÇÃO ELETRÔNICA DE MASSA POR ASSINATURA (TV PAGA);NÃO;VITORIA CAROLINA KRUEGER;PESSOA FÍSICA;PR;CASCAVEL
ALEXANDRE BIRKETT - UM MÚSICO BRASILEIRO;B2600259300000;06/08/2026;DEFERIDO;DOCUMENTÁRIO;;BRASILEIRA INDEPENDENTE CONSTITUINTE DE ESPAÇO QUALIFICADO;NÃO SERIADA;18,4;;2026;;OUTROS MERCADOS - VÍDEO POR DEMANDA;NÃO;RODRIGO FERREIRA FRANCISCO;PESSOA FÍSICA;SP;SANTOS
ALFREDO;B2600081700000;18/03/2026;DEFERIDO;FICÇÃO;;BRASILEIRA INDEPENDENTE CONSTITUINTE DE ESPAÇO QUALIFICADO;NÃO SERIADA;23,4;;2026;;OUTROS MERCADOS - AUDIOVISUAL EM CIRCUITO RESTRITO;NÃO;45.409.732 LARA DOS SANTOS PIRES;45.409.732/0001-78;MG;PATROCÍNIO
ALGO ME DIZ;B2600081200000;17/03/2026;DEFERIDO;VÍDEOMUSICAL;;BRASILEIRA CONSTITUINTE DE ESPAÇO QUALIFICADO;NÃO SERIADA;3,5;;2026;;COMUNICAÇÃO ELETRÔNICA DE MASSA POR ASSINATURA (TV PAGA);NÃO;LUCCAS FANTINATO TREVISANI;PESSOA FÍSICA;SP;SANTOS
ALICE;B2600148800000;06/05/2026;DEFERIDO;VÍDEOMUSICAL;Registro de Eventos;BRASILEIRA INDEPENDENTE CONSTITUINTE DE ESPAÇO QUALIFICADO;NÃO SERIADA;2,4;;2026;;COMUNICAÇÃO ELETRÔNICA DE MASSA POR ASSINATURA (TV PAGA);NÃO;PAPATUNES PRODUÇÕES ARTÍSTICAS LTDA - ME;28.496.290/0001-25;RJ;RIO DE JANEIRO
ALIMENTA-AÇÃO;B2600079100000;16/03/2026;DEFERIDO;ANIMAÇÃO;;BRASILEIRA INDEPENDENTE CONSTITUINTE DE ESPAÇO QUALIFICADO;NÃO SERIADA;13,2;;2026;;OUTROS MERCADOS - VÍDEO POR DEMANDA;NÃO;C4 PRODUÇÕES ESTÚDIO E ENTRETENIMENTO LTDA;42.226.083/0001-81;RN;NATAL
ALMA FESTIVAL - MELHORES MOMENTOS;B2600225700000;13/07/2026;DEFERIDO;VÍDEOMUSICAL;Registro de Eventos;BRASILEIRA CONSTITUINTE DE ESPAÇO QUALIFICADO;NÃO SERIADA;45;;2026;;RADIODIFUSÃO DE SONS E IMAGENS (TV ABERTA);NÃO;GLOBO COMUNICACAO E PARTICIPACOES S/A;27.865.757/0001-02;RJ;RIO DE JANEIRO
ALONE;B2600064900000;03/03/2026;DEFERIDO;VÍDEOMUSICAL;;BRASILEIRA CONSTITUINTE DE ESPAÇO QUALIFICADO;NÃO SERIADA;3,5;;2025;;RADIODIFUSÃO DE SONS E IMAGENS (TV ABERTA);NÃO;DANIEL MOREIRA DA SILVA ***********;31.102.699/0001-24;PR;CURITIBA
ALT TABET - 3A TEMPORADA;B2600048800000;20/02/2026;DEFERIDO;VARIEDADES;;BRASILEIRA CONSTITUINTE DE ESPAÇO QUALIFICADO;SERIADA EM MÚLTIPLAS TEMPORADAS;1512;28;2026;2026;COMUNICAÇÃO ELETRÔNICA DE MASSA POR ASSINATURA (TV PAGA);NÃO;UNIVERSO ONLINE S.A.;01.109.184/0001-95;SP;SÃO PAULO
ALTAS HORAS 2026;B2600001300000;02/01/2026;DEFERIDO;PROGRAMA DE AUDITÓRIO ANCORADO POR APRESENTADOR;;COMUM;SERIADA EM MÚLTIPLAS TEMPORADAS;4320;48;2026;2026;RADIODIFUSÃO DE SONS E IMAGENS (TV ABERTA);NÃO;GLOBO COMUNICACAO E PARTICIPACOES S/A;27.865.757/0001-02;RJ;RIO DE JANEIRO
ALTER EGO;B2600258200000;05/08/2026;DEFERIDO;VÍDEOMUSICAL;;BRASILEIRA INDEPENDENTE CONSTITUINTE DE ESPAÇO QUALIFICADO;NÃO SERIADA;5,6;;2024;;OUTROS MERCADOS - AUDIOVISUAL EM CIRCUITO RESTRITO;NÃO;DMR - PROMOCOES E EVENTOS LTDA;37.866.237/0001-60;SP;TABOÃO DA SERRA
ALVORADA;B2600278200000;20/08/2026;DEFERIDO;FICÇÃO;;BRASILEIRA INDEPENDENTE CONSTITUINTE DE ESPAÇO QUALIFICADO;NÃO SERIADA;92,2;;2026;;SALAS DE EXIBIÇÃO;SIM;L L MECCHI PRODUCOES LTDA;07.907.404/0001-02;SP;SÃO PAULO
ALZIRA RUFINO - EU MULHER NEGRA RESISTO;B2600262800000;07/08/2026;DEFERIDO;DOCUMENTÁRIO;;BRASILEIRA INDEPENDENTE CONSTITUINTE DE ESPAÇO QUALIFICADO;NÃO SERIADA;17,7;;2026;;SALAS DE EXIBIÇÃO;NÃO;CASA UMMEIAZERO LTDA;29.171.092/0001-54;SP;SANTOS
ALÉM DA LENDA - TEMPORADA 02;B2600153900000;11/05/2026;DEFERIDO;ANIMAÇÃO;;BRASILEIRA INDEPENDENTE CONSTITUINTE DE ESPAÇO QUALIFICADO;SERIADA EM MÚLTIPLAS TEMPORADAS;112;16;2026;2026;RADIODIFUSÃO DE SONS E IMAGENS (TV ABERTA);NÃO;VIU CINE COMUNICACAO LTDA;18.274.744/0001-60;PE;RECIFE
ALÉM DO VISIVEL;B2600249600000;29/07/2026;DEFERIDO;VARIEDADES;;BRASILEIRA CONSTITUINTE DE ESPAÇO QUALIFICADO;SERIADA EM TEMPORADA ÚNICA;360;24;2025;2025;COMUNICAÇÃO ELETRÔNICA DE MASSA POR ASSINATURA (TV PAGA);NÃO;DRIADE PRODUCOES AUDIOVISUAIS E COMERCIO LTDA;22.010.468/0001-08;SP;SÃO PAULO
ALÊ SESSION;B2600153400000;11/05/2026;DEFERIDO;VÍDEOMUSICAL;Registro de Eventos;BRASILEIRA CONSTITUINTE DE ESPAÇO QUALIFICADO;NÃO SERIADA;22,5;;2025;;COMUNICAÇÃO ELETRÔNICA DE MASSA POR ASSINATURA (TV PAGA);NÃO;ALEXANDRE ANTONIO OTERO SENDAS;PESSOA FÍSICA;RJ;RIO DE JANEIRO
AMANHÃ SERÁ VIOLETA;B2600021900000;26/01/2026;DEFERIDO;FICÇÃO;;BRASILEIRA CONSTITUINTE DE ESPAÇO QUALIFICADO;NÃO SERIADA;15;;2026;;SALAS DE EXIBIÇÃO;NÃO;ERICO LUZ OLIVEIRA;PESSOA FÍSICA;SP;CAÇAPAVA
AMANTES DA PINACOTECA;B2600002700000;05/01/2026;DEFERIDO;FICÇÃO;;BRASILEIRA INDEPENDENTE CONSTITUINTE DE ESPAÇO QUALIFICADO;NÃO SERIADA;25;;2026;;OUTROS MERCADOS;NÃO;BAMBU PRODUTORA E DISTRIBUIDORA DE FILMES LTDA ME;01.731.912/0001-04;SP;SÃO PAULO
AMAR DE NOVO;B2600036100000;06/02/2026;DEFERIDO;VÍDEOMUSICAL;Registro de Eventos;BRASILEIRA INDEPENDENTE CONSTITUINTE DE ESPAÇO QUALIFICADO;NÃO SERIADA;4,2;;2025;;COMUNICAÇÃO ELETRÔNICA DE MASSA POR ASSINATURA (TV PAGA);NÃO;CAMPOS PRODUCOES LTDA ME;14.485.605/0001-24;MG;ARAXÁ
AMARELO ÂMBAR;B2600182600000;02/06/2026;DEFERIDO;ANIMAÇÃO;;BRASILEIRA INDEPENDENTE CONSTITUINTE DE ESPAÇO QUALIFICADO;NÃO SERIADA;3,4;;2026;;OUTROS MERCADOS - VÍDEO POR DEMANDA;NÃO;CAMILO FIGUEIRA MOREIRA;PESSOA FÍSICA;RJ;RIO DE JANEIRO
AMARGO;B2600096000000;26/03/2026;DEFERIDO;FICÇÃO;;BRASILEIRA CONSTITUINTE DE ESPAÇO QUALIFICADO;NÃO SERIADA;11,1;;2026;;SALAS DE EXIBIÇÃO;NÃO;BRUNO HENRIQUE LIMA DE ARAUJO;PESSOA FÍSICA;PE;TIMBAÚBA
AMAZONIA LIVE HOJE E SEMPRE O DOCUMENTÁRIO;B2600180200000;01/06/2026;DEFERIDO;DOCUMENTÁRIO;;BRASILEIRA INDEPENDENTE CONSTITUINTE DE ESPAÇO QUALIFICADO;NÃO SERIADA;43,7;;2026;;COMUNICAÇÃO ELETRÔNICA DE MASSA POR ASSINATURA (TV PAGA);NÃO;TYCOON PRODUÇÕES ARTÍSTICAS LTDA.;29.960.812/0001-60;RJ;RIO DE JANEIRO
AMAZÔNIA;B2600113200000;15/04/2026;DEFERIDO;DOCUMENTÁRIO;;BRASILEIRA INDEPENDENTE CONSTITUINTE DE ESPAÇO QUALIFICADO;NÃO SERIADA;75,9;;2026;;RADIODIFUSÃO DE SONS E IMAGENS (TV ABERTA);NÃO;GIROS PROJETOS AUDIOVISUAIS LTDA;04.661.796/0001-84;RJ;RIO DE JANEIRO
AMAZÔNIA ENTRE ÁGUAS E DESERTOS;B2600272600000;18/08/2026;DEFERIDO;VÍDEOMUSICAL;Registro de Eventos;BRASILEIRA INDEPENDENTE CONSTITUINTE DE ESPAÇO QUALIFICADO;NÃO SERIADA;72,4;;2014;;VIDEO DOMÉSTICO;NÃO;MARIA LIRA DO SOCORRO PEREIRA PRODUCOES CULTURAIS;11.474.691/0001-81;SP;SÃO PAULO
AMAZÔNIA PANC;B2600026100000;29/01/2026;DEFERIDO;DOCUMENTÁRIO;;BRASILEIRA INDEPENDENTE CONSTITUINTE DE ESPAÇO QUALIFICADO;SERIADA EM TEMPORADA ÚNICA;130,8;5;2026;2026;RADIODIFUSÃO DE SONS E IMAGENS (TV ABERTA);NÃO;JUBARTE PRODUTORA INDEPENDENTE LTDA;25.184.968/0001-46;AP;MACAPÁ
AMAZÔNIA REVELADA;B2600191100000;11/06/2026;DEFERIDO;DOCUMENTÁRIO;;BRASILEIRA CONSTITUINTE DE ESPAÇO QUALIFICADO;SERIADA EM MÚLTIPLAS TEMPORADAS;104;4;2026;2026;COMUNICAÇÃO ELETRÔNICA DE MASSA POR ASSINATURA (TV PAGA);NÃO;AMJ PRODUCOES E FILMES LTDA;19.179.773/0001-05;PA;BELÉM
AMAZÔNIA SAMBA - 3ª TEMPORADA;B2600085400000;20/03/2026;DEFERIDO;VARIEDADES;;BRASILEIRA INDEPENDENTE CONSTITUINTE DE ESPAÇO QUALIFICADO;SERIADA EM MÚLTIPLAS TEMPORADAS;395,3;15;2026;2026;RADIODIFUSÃO DE SONS E IMAGENS (TV ABERTA);NÃO;ARTHUR ESPINDOLA ORIENTE VASCONCELOS;21.597.994/0001-45;PA;BELÉM
AMEAÇA INVISÍVEL;B2600235600000;22/07/2026;DEFERIDO;FICÇÃO;;BRASILEIRA INDEPENDENTE CONSTITUINTE DE ESPAÇO QUALIFICADO;SERIADA EM TEMPORADA ÚNICA;328,7;12;2026;2026;RADIODIFUSÃO DE SONS E IMAGENS (TV ABERTA);NÃO;TAKE FINAL PRODUCOES LTDA;13.302.580/0001-13;RJ;RIO DE JANEIRO
AMELIA TOLEDO;B2600209600000;29/06/2026;DEFERIDO;DOCUMENTÁRIO;;BRASILEIRA INDEPENDENTE CONSTITUINTE DE ESPAÇO QUALIFICADO;NÃO SERIADA;82,1;;2026;;SALAS DE EXIBIÇÃO;NÃO;CAPTURE PRODUÇÕES ARTISTICAS LTDA;27.837.001/0001-41;SP;SÃO PAULO
AMERICA;B2600211600000;01/07/2026;DEFERIDO;FICÇÃO;;BRASILEIRA INDEPENDENTE CONSTITUINTE DE ESPAÇO QUALIFICADO;NÃO SERIADA;22,8;;2026;;SALAS DE EXIBIÇÃO;NÃO;MURITIBA FILMES LTDA;19.129.837/0001-63;PR;CURITIBA
AMIGOS COM BENEFÍCIOS;B2600180300000;01/06/2026;DEFERIDO;VÍDEOMUSICAL;Registro de Eventos;BRASILEIRA INDEPENDENTE CONSTITUINTE DE ESPAÇO QUALIFICADO;NÃO SERIADA;2,7;;2025;;RADIODIFUSÃO DE SONS E IMAGENS (TV ABERTA);NÃO;CG AGENCIAMENTO E SERVIÇOS LTDA;30.022.536/0001-79;SP;RIBEIRÃO PRETO
AMIGOS EM FUGA;B2600277700000;20/08/2026;DEFERIDO;FICÇÃO;;BRASILEIRA INDEPENDENTE CONSTITUINTE DE ESPAÇO QUALIFICADO;NÃO SERIADA;79,0;;2026;;SALAS DE EXIBIÇÃO;NÃO;DUETO PRODUÇÕES E PUBLICIDADES LTDA;27.872.415/0001-01;SP;SÃO PAULO
AMIR E TIZUMBA, TIZUMBA E AMIR;B2600097400000;27/03/2026;DEFERIDO;DOCUMENTÁRIO;;BRASILEIRA CONSTITUINTE DE ESPAÇO QUALIFICADO;NÃO SERIADA;15;;2024;;COMUNICAÇÃO ELETRÔNICA DE MASSA POR ASSINATURA (TV PAGA);NÃO;SERVICO SOCIAL DO COMERCIO - SESC - ADMINISTRACAO REGIONAL NO ESTADO DE SAO PAULO;03.667.884/0001-20;SP;SÃO PAULO
AMOR DIFERENCIADO;B2600141000000;30/04/2026;DEFERIDO;VÍDEOMUSICAL;Registro de Eventos;BRASILEIRA INDEPENDENTE CONSTITUINTE DE ESPAÇO QUALIFICADO;NÃO SERIADA;2,5;;2025;;COMUNICAÇÃO ELETRÔNICA DE MASSA POR ASSINATURA (TV PAGA);NÃO;LM MUSIC EMPREENDIMENTOS ARTISTICOS EIRELI;26.086.753/0001-55;RJ;RIO DE JANEIRO
AMOR EM MOVIMENTO;B2600007300000;09/01/2026;DEFERIDO;FICÇÃO;;BRASILEIRA INDEPENDENTE CONSTITUINTE DE ESPAÇO QUALIFICADO;NÃO SERIADA;43,6;;2026;;RADIODIFUSÃO DE SONS E IMAGENS (TV ABERTA);NÃO;CUMBARU PRODUCOES ARTISTICA LTDA;07.168.260/0001-10;MT;CUIABÁ
AMOR É MONTAGEM !;B2600103300000;03/04/2026;DEFERIDO;FICÇÃO;Erótico/Pornográfica;COMUM;NÃO SERIADA;62,0;;2026;;COMUNICAÇÃO ELETRÔNICA DE MASSA POR ASSINATURA (TV PAGA);NÃO;PAULA CRISTINA MANN LTDA;21.942.299/0001-73;SP;SÃO PAULO
AMOR, DOCE CONFUSÃO;B2600228600000;15/07/2026;DEFERIDO;FICÇÃO;;BRASILEIRA INDEPENDENTE CONSTITUINTE DE ESPAÇO QUALIFICADO;NÃO SERIADA;108,0;;2026;;SALAS DE EXIBIÇÃO;NÃO;REAGENT MEDIA LTDA;23.541.197/0001-71;SP;SÃO PAULO
AMOSTRADAS;B2600237000000;22/07/2026;DEFERIDO;DOCUMENTÁRIO;;BRASILEIRA CONSTITUINTE DE ESPAÇO QUALIFICADO;SERIADA EM MÚLTIPLAS TEMPORADAS;156;6;2026;2026;COMUNICAÇÃO ELETRÔNICA DE MASSA POR ASSINATURA (TV PAGA);NÃO;ASTARTE PRODUTORA LTDA.;26.674.863/0001-38;SP;SÃO PAULO
AMÁLGAMA;B2600250300000;29/07/2026;DEFERIDO;FICÇÃO;;BRASILEIRA INDEPENDENTE CONSTITUINTE DE ESPAÇO QUALIFICADO;NÃO SERIADA;101,4;;2026;;SALAS DE EXIBIÇÃO;NÃO;AUTOFAC FILMES LTDA;26.103.311/0001-70;PR;CURITIBA
AMÍLCAR CABRAL, CORAÇÃO PANAFRICANO E REVOLUCIONÁRIO;B2600260300000;06/08/2026;DEFERIDO;DOCUMENTÁRIO;;BRASILEIRA INDEPENDENTE CONSTITUINTE DE ESPAÇO QUALIFICADO;NÃO SERIADA;84,7;;2026;;SALAS DE EXIBIÇÃO;NÃO;CARANGUEJEIRA COMUNICACAO E PRODUCAO AUDIOVISUAL LTDA ME.;12.345.593/0001-07;BA;SALVADOR
ANA E AS MONTANHAS;B2600158800000;15/05/2026;DEFERIDO;FICÇÃO;;BRASILEIRA INDEPENDENTE CONSTITUINTE DE ESPAÇO QUALIFICADO;NÃO SERIADA;14,0;;2026;;SALAS DE EXIBIÇÃO;NÃO;TROPIX PRODUÇÕES ARTÍSTICAS E CINEMATOGRÁFICAS LTDA;29.326.073/0001-50;GO;GOIÂNIA
ANA MARIA COZINHA;B2600260800000;06/08/2026;DEFERIDO;VARIEDADES;;BRASILEIRA CONSTITUINTE DE ESPAÇO QUALIFICADO;SERIADA EM MÚLTIPLAS TEMPORADAS;600;60;2026;2026;COMUNICAÇÃO ELETRÔNICA DE MASSA POR ASSINATURA (TV PAGA);NÃO;NIRVANA TECNOLOGIA DIGITAL LTDA;24.815.120/0001-05;SP;SÃO PAULO
ANATOMIA DO CAOS;B2600185000000;08/06/2026;DEFERIDO;DOCUMENTÁRIO;;BRASILEIRA INDEPENDENTE CONSTITUINTE DE ESPAÇO QUALIFICADO;NÃO SERIADA;89,8;;2026;;SALAS DE EXIBIÇÃO;NÃO;MOVIOCA SALVADOR PRODUCOES ARTISTICAS LTDA ME;03.958.889/0001-02;BA;SALVADOR
ANATOMIA DO POST;B2600067000000;04/03/2026;DEFERIDO;DOCUMENTÁRIO;;BRASILEIRA CONSTITUINTE DE ESPAÇO QUALIFICADO;NÃO SERIADA;70;;2026;;RADIODIFUSÃO DE SONS E IMAGENS (TV ABERTA);NÃO;GLOBO COMUNICACAO E PARTICIPACOES S/A;27.865.757/0001-02;RJ;RIO DE JANEIRO
ANCESTRALIDADE, PRESENTE;B2600008500000;12/01/2026;DEFERIDO;DOCUMENTÁRIO;;BRASILEIRA INDEPENDENTE CONSTITUINTE DE ESPAÇO QUALIFICADO;NÃO SERIADA;95,3;;2026;;COMUNICAÇÃO ELETRÔNICA DE MASSA POR ASSINATURA (TV PAGA);NÃO;CAUE FERNANDES NUNES ­ ME;16.653.286/0001-44;SP;CAMPINAS
ANDA COMIGO QUE VC BRILHA;B2600220900000;09/07/2026;DEFERIDO;VARIEDADES;;BRASILEIRA CONSTITUINTE DE ESPAÇO QUALIFICADO;SERIADA EM MÚLTIPLAS TEMPORADAS;120;4;2026;2026;COMUNICAÇÃO ELETRÔNICA DE MASSA POR ASSINATURA (TV PAGA);NÃO;AGÊNCIA ESPACIAL PRODUÇÕES E TRANSMISSÕES LTDA;01.642.718/0001-44;MG;BELO HORIZONTE
ANDO DE CAZA;B2600172500000;26/05/2026;DEFERIDO;VÍDEOMUSICAL;;BRASILEIRA INDEPENDENTE CONSTITUINTE DE ESPAÇO QUALIFICADO;NÃO SERIADA;3,2;;2021;;OUTROS MERCADOS;NÃO;ROBERTO TOSHIO DE SOUSA HIROYAMA;PESSOA FÍSICA;SP;SÃO PAULO
ANELLYSANDO ESSA CADEIA HEREDITÁRIA;B2600271400000;18/08/2026;DEFERIDO;FICÇÃO;;BRASILEIRA INDEPENDENTE CONSTITUINTE DE ESPAÇO QUALIFICADO;NÃO SERIADA;7,4;;2026;;OUTROS MERCADOS - VÍDEO POR DEMANDA;NÃO;JOEL F. BREDT VIEIRA PRODUÇÕES;23.814.048/0001-39;PR;CURITIBA
ANELLYSANDO NAS CALÇAS;B2600271500000;18/08/2026;DEFERIDO;FICÇÃO;;BRASILEIRA INDEPENDENTE CONSTITUINTE DE ESPAÇO QUALIFICADO;NÃO SERIADA;18,0;;2026;;OUTROS MERCADOS - VÍDEO POR DEMANDA;NÃO;JOEL F. BREDT VIEIRA PRODUÇÕES;23.814.048/0001-39;PR;CURITIBA
ANELLYSANDO OF THRONES;B2600273000000;19/08/2026;DEFERIDO;FICÇÃO;;BRASILEIRA INDEPENDENTE CONSTITUINTE DE ESPAÇO QUALIFICADO;NÃO SERIADA;11,2;;2026;;OUTROS MERCADOS - VÍDEO POR DEMANDA;NÃO;JOEL F. BREDT VIEIRA PRODUÇÕES;23.814.048/0001-39;PR;CURITIBA
ANICCA;B2600015400000;16/01/2026;DEFERIDO;FICÇÃO;;BRASILEIRA CONSTITUINTE DE ESPAÇO QUALIFICADO;NÃO SERIADA;14,9;;2026;;OUTROS MERCADOS;NÃO;ARTHUR RODRIGUES FERNANDES SILVA;PESSOA FÍSICA;SP;SALTO
ANIMARARA - 1ª TEMPORADA;B2600173200000;26/05/2026;DEFERIDO;ANIMAÇÃO;;BRASILEIRA INDEPENDENTE CONSTITUINTE DE ESPAÇO QUALIFICADO;SERIADA EM MÚLTIPLAS TEMPORADAS;30;20;2026;2026;COMUNICAÇÃO ELETRÔNICA DE MASSA POR ASSINATURA (TV PAGA);NÃO;LE BLON AUDIOVISUAL LTDA;42.457.308/0001-00;SP;SÃO PAULO
ANIMAÇÃO EDUCATIVA PARA DIFICULDADES ALIMENTARES: A ESCALADA DO COMER;B2600124500000;22/04/2026;DEFERIDO;ANIMAÇÃO;;BRASILEIRA INDEPENDENTE CONSTITUINTE DE ESPAÇO QUALIFICADO;NÃO SERIADA;6,2;;2026;;NENHUMA DAS OPÇÕES;NÃO;LÍVIA GURGEL DINIZ BECKMANN;PESSOA FÍSICA;DF;BRASÍLIA
ANISTIA 79;B2600098100000;30/03/2026;DEFERIDO;DOCUMENTÁRIO;;BRASILEIRA INDEPENDENTE CONSTITUINTE DE ESPAÇO QUALIFICADO;NÃO SERIADA;105,6;;2026;;COMUNICAÇÃO ELETRÔNICA DE MASSA POR ASSINATURA (TV PAGA);NÃO;MONTANHA RUSSA CINEMATOGRÁFICA LTDA ME;25.263.548/0001-55;RJ;RIO DE JANEIRO
ANITTA: EQUILIBRIVM TOUR - MELHORES MOMENTOS;B2600276500000;19/08/2026;DEFERIDO;VÍDEOMUSICAL;Registro de Eventos;BRASILEIRA CONSTITUINTE DE ESPAÇO QUALIFICADO;NÃO SERIADA;45;;2026;;RADIODIFUSÃO DE SONS E IMAGENS (TV ABERTA);NÃO;GLOBO COMUNICACAO E PARTICIPACOES S/A;27.865.757/0001-02;RJ;RIO DE JANEIRO
ANIVERSÁRIO DE NAMORO;B2600139300000;29/04/2026;DEFERIDO;FICÇÃO;Erótico/Pornográfica;COMUM;NÃO SERIADA;31;;2026;;COMUNICAÇÃO ELETRÔNICA DE MASSA POR ASSINATURA (TV PAGA);NÃO;DOCE DE LEITE FILMES LTDA;31.381.274/0001-00;SP;SÃO PAULO
ANJINHOS DA ESPERANÇA;B2600215000000;06/07/2026;DEFERIDO;ANIMAÇÃO;;BRASILEIRA CONSTITUINTE DE ESPAÇO QUALIFICADO;SERIADA EM MÚLTIPLAS TEMPORADAS;170;30;2026;2026;RADIODIFUSÃO DE SONS E IMAGENS (TV ABERTA);NÃO;TELEVISAO CACHOEIRA DO SUL LTDA;89.784.037/0001-61;RS;CACHOEIRA DO SUL
ANJOS DA ESPERANÇA;B2600022300000;26/01/2026;DEFERIDO;JORNALÍSTICA;;COMUM;SERIADA DE DURAÇÃO INDETERMINADA;6048;216;2026;2026;RADIODIFUSÃO DE SONS E IMAGENS (TV ABERTA);NÃO;TELEVISAO CACHOEIRA DO SUL LTDA;89.784.037/0001-61;RS;CACHOEIRA DO SUL
ANJOS DA ESPERANÇA EMPREENDEDORES;B2600022600000;26/01/2026;DEFERIDO;VARIEDADES;;BRASILEIRA CONSTITUINTE DE ESPAÇO QUALIFICADO;SERIADA DE DURAÇÃO INDETERMINADA;2754;51;2026;2026;RADIODIFUSÃO DE SONS E IMAGENS (TV ABERTA);NÃO;TELEVISAO CACHOEIRA DO SUL LTDA;89.784.037/0001-61;RS;CACHOEIRA DO SUL
ANOS 90: A EXPLOSÃO DO PAGODE;B2600197400000;18/06/2026;DEFERIDO;DOCUMENTÁRIO;;BRASILEIRA CONSTITUINTE DE ESPAÇO QUALIFICADO;SERIADA EM TEMPORADA ÚNICA;120;3;2025;2025;RADIODIFUSÃO DE SONS E IMAGENS (TV ABERTA);NÃO;GLOBO COMUNICACAO E PARTICIPACOES S/A;27.865.757/0001-02;RJ;RIO DE JANEIRO
ANTES DA FUMAÇA SUBIR;B2600128900000;24/04/2026;DEFERIDO;FICÇÃO;;BRASILEIRA CONSTITUINTE DE ESPAÇO QUALIFICADO;NÃO SERIADA;11,0;;2026;;OUTROS MERCADOS;NÃO;ANDRÉ CONCEIÇÃO TAVARES;PESSOA FÍSICA;RJ;CASIMIRO DE ABREU
ANTES DA LAQUEADURA, COMO SE PREPARAR?;B2600249800000;29/07/2026;DEFERIDO;VARIEDADES;Vídeoaula;BRASILEIRA INDEPENDENTE CONSTITUINTE DE ESPAÇO QUALIFICADO;NÃO SERIADA;1,5;;2026;;VIDEO DOMÉSTICO;NÃO;LAUANY SILVA DE MEDEIROS;PESSOA FÍSICA;PA;TUCURUÍ
ANTÁRTIDA;B2600215300000;06/07/2026;DEFERIDO;FICÇÃO;;BRASILEIRA CONSTITUINTE DE ESPAÇO QUALIFICADO;NÃO SERIADA;90;;2025;;RADIODIFUSÃO DE SONS E IMAGENS (TV ABERTA);NÃO;GLOBO COMUNICACAO E PARTICIPACOES S/A;27.865.757/0001-02;RJ;RIO DE JANEIRO
APARIÇÃO;B2600254800000;03/08/2026;DEFERIDO;FICÇÃO;;BRASILEIRA CONSTITUINTE DE ESPAÇO QUALIFICADO;NÃO SERIADA;20;;2026;;OUTROS MERCADOS - AUDIOVISUAL EM CIRCUITO RESTRITO;NÃO;RICARDO JOSÉ SÉKULA;PESSOA FÍSICA;PE;JABOATÃO DOS GUARARAPES
APENAS 3 MENINAS;B2600141300000;30/04/2026;DEFERIDO;FICÇÃO;;BRASILEIRA INDEPENDENTE CONSTITUINTE DE ESPAÇO QUALIFICADO;NÃO SERIADA;91,9;;2026;;SALAS DE EXIBIÇÃO;NÃO;PANORAMICA COMUNICACAO LTDA.;05.565.485/0001-84;RJ;RIO DE JANEIRO
APENAS UM DETETIVE LATINO AMERICANO;B2600128500000;24/04/2026;DEFERIDO;FICÇÃO;;BRASILEIRA INDEPENDENTE CONSTITUINTE DE ESPAÇO QUALIFICADO;NÃO SERIADA;21;;2026;;OUTROS MERCADOS - AUDIOVISUAL EM CIRCUITO RESTRITO;NÃO;ELVIS VIVE PRODUÇÕES LTDA;57.215.602/0001-83;SP;ARUJÁ
APNEIA;B2600061600000;26/02/2026;DEFERIDO;FICÇÃO;;BRASILEIRA CONSTITUINTE DE ESPAÇO QUALIFICADO;NÃO SERIADA;16,0;;2026;;OUTROS MERCADOS;NÃO;LUND ESTÚDIO DE IMAGENS E COMÉRCIO LTDA.;07.490.419/0001-18;RS;PORTO ALEGRE
APOCALÍPTICO FUTURO POETICAMENTE PRIMITIVO;B2600086700000;23/03/2026;DEFERIDO;FICÇÃO;;BRASILEIRA INDEPENDENTE CONSTITUINTE DE ESPAÇO QUALIFICADO;NÃO SERIADA;22,3;;2026;;OUTROS MERCADOS - VÍDEO POR DEMANDA;NÃO;LOPES ATIVIDADES DE PRODUCAO CINEMATOGRAFICA LTDA;46.390.206/0001-76;MG;BELO HORIZONTE
APOLLO;B2600147400000;05/05/2026;DEFERIDO;FICÇÃO;;BRASILEIRA INDEPENDENTE CONSTITUINTE DE ESPAÇO QUALIFICADO;NÃO SERIADA;61,2;;2026;;OUTROS MERCADOS;NÃO;PRODUTORA ESTREITO LTDA;40.146.084/0001-90;MA;SÃO LUÍS
APOTEOSE DO SAMBA - GENTE QUE FAZ;B2600014800000;16/01/2026;DEFERIDO;JORNALÍSTICA;;COMUM;SERIADA EM MÚLTIPLAS TEMPORADAS;150;3;2026;2026;RADIODIFUSÃO DE SONS E IMAGENS (TV ABERTA);NÃO;GLOBO COMUNICACAO E PARTICIPACOES S/A;27.865.757/0001-02;RJ;RIO DE JANEIRO
AQUIETA MINH'ALMA;B2600197800000;18/06/2026;DEFERIDO;VÍDEOMUSICAL;Registro de Eventos;BRASILEIRA INDEPENDENTE CONSTITUINTE DE ESPAÇO QUALIFICADO;NÃO SERIADA;6,2;;2026;;COMUNICAÇÃO ELETRÔNICA DE MASSA POR ASSINATURA (TV PAGA);NÃO;WORK SHOW PRODUCOES E ENTRETENIMENTO ARTISTICOS LTDA;20.077.216/0001-62;GO;GOIÂNIA
ARA PYAU: TEMPO DE RENOVAÇÃO;B2600232300000;17/07/2026;DEFERIDO;DOCUMENTÁRIO;;BRASILEIRA INDEPENDENTE CONSTITUINTE DE ESPAÇO QUALIFICADO;NÃO SERIADA;21,3;;2026;;NENHUMA DAS OPÇÕES;NÃO;L. M. S. ALVES COMUNICA;38.100.048/0001-44;SP;SÃO PAULO
ARC TIMES;B2600258400000;05/08/2026;DEFERIDO;VÍDEOMUSICAL;;BRASILEIRA CONSTITUINTE DE ESPAÇO QUALIFICADO;NÃO SERIADA;3,9;;2026;;COMUNICAÇÃO ELETRÔNICA DE MASSA POR ASSINATURA (TV PAGA);NÃO;LUIZ ALFREDO VERNIERI LOPES;PESSOA FÍSICA;RJ;RIO DE JANEIRO
ARDENDO;B2600255600000;03/08/2026;DEFERIDO;FICÇÃO;Erótico/Pornográfica;COMUM;NÃO SERIADA;31,7;;2026;;COMUNICAÇÃO ELETRÔNICA DE MASSA POR ASSINATURA (TV PAGA);NÃO;J3 PRODUCOES LTDA;20.520.327/0001-00;SP;SÃO PAULO
ARENA DO FUTURO;B2600016100000;19/01/2026;DEFERIDO;RELIGIOSA;;COMUM;SERIADA EM MÚLTIPLAS TEMPORADAS;1508;52;2026;2026;RADIODIFUSÃO DE SONS E IMAGENS (TV ABERTA);NÃO;TELEVISAO CACHOEIRA DO SUL LTDA;89.784.037/0001-61;RS;CACHOEIRA DO SUL
ARENA OESTE;B2600032100000;03/02/2026;DEFERIDO;JORNALÍSTICA;;COMUM;SERIADA DE DURAÇÃO INDETERMINADA;4770;53;2026;2026;COMUNICAÇÃO ELETRÔNICA DE MASSA POR ASSINATURA (TV PAGA);NÃO;EDITORA TIPUANA LTDA.;19.608.677/0001-35;SP;SÃO PAULO
ARPAK & VICI - TODODURO VS HOLYFIELD;B2600258300000;05/08/2026;DEFERIDO;VÍDEOMUSICAL;;BRASILEIRA CONSTITUINTE DE ESPAÇO QUALIFICADO;NÃO SERIADA;2,9;;2026;;COMUNICAÇÃO ELETRÔNICA DE MASSA POR ASSINATURA (TV PAGA);NÃO;NOW YOU KNOW PRODUCOES ARTISTICAS LTDA;53.372.362/0001-70;RJ;RIO DE JANEIRO
ARRANCADOS - RAIZES SOTEROPOLITANAS;B2600249100000;29/07/2026;DEFERIDO;DOCUMENTÁRIO;;BRASILEIRA INDEPENDENTE CONSTITUINTE DE ESPAÇO QUALIFICADO;SERIADA EM TEMPORADA ÚNICA;1040;4;2025;2025;COMUNICAÇÃO ELETRÔNICA DE MASSA POR ASSINATURA (TV PAGA);NÃO;IATAANDESSON SOUSA DA CRUZ ME;03.200.737/0001-46;BA;SALVADOR
ARRANQUE - TEMPORADA 1;B2600114700000;16/04/2026;DEFERIDO;DOCUMENTÁRIO;;BRASILEIRA INDEPENDENTE CONSTITUINTE DE ESPAÇO QUALIFICADO;SERIADA EM MÚLTIPLAS TEMPORADAS;104;4;2026;2026;RADIODIFUSÃO DE SONS E IMAGENS (TV ABERTA);NÃO;CASINHA PRODUCOES LTDA;24.068.532/0001-29;PE;RECIFE
ARRANQUE - TEMPORADA 2;B2600114800000;16/04/2026;DEFERIDO;DOCUMENTÁRIO;;BRASILEIRA INDEPENDENTE CONSTITUINTE DE ESPAÇO QUALIFICADO;SERIADA EM MÚLTIPLAS TEMPORADAS;104;4;2026;2026;RADIODIFUSÃO DE SONS E IMAGENS (TV ABERTA);NÃO;CASINHA PRODUCOES LTDA;24.068.532/0001-29;PE;RECIFE
ARREBOL;B2600250900000;29/07/2026;DEFERIDO;FICÇÃO;;BRASILEIRA INDEPENDENTE CONSTITUINTE DE ESPAÇO QUALIFICADO;NÃO SERIADA;25;;2026;;OUTROS MERCADOS - AUDIOVISUAL EM CIRCUITO RESTRITO;NÃO;39.946.050 EDUARDO SANTOS RODRIGUES;39.946.050/0001-00;BA;BRUMADO
ARREDA MACHO QUE AÍ VEM MULHER;B2600102400000;02/04/2026;DEFERIDO;FICÇÃO;Erótico/Pornográfica;COMUM;NÃO SERIADA;87,3;;2026;;COMUNICAÇÃO ELETRÔNICA DE MASSA POR ASSINATURA (TV PAGA);NÃO;LUZ VERMELHA FILMES - PRODUTORA DE CINEMA E VÍDEO LTDA;09.152.063/0001-38;SP;SÃO PAULO
ARRENEGO;B2600140700000;30/04/2026;DEFERIDO;DOCUMENTÁRIO;;BRASILEIRA INDEPENDENTE CONSTITUINTE DE ESPAÇO QUALIFICADO;NÃO SERIADA;75,9;;2026;;SALAS DE EXIBIÇÃO;NÃO;JARAGUA PRODUÇÕES E SERVIÇOS LTDA;13.328.225/0001-13;PE;RECIFE
ARTE NO CAOS;B2600193600000;16/06/2026;DEFERIDO;DOCUMENTÁRIO;;BRASILEIRA CONSTITUINTE DE ESPAÇO QUALIFICADO;NÃO SERIADA;41,2;;2024;;COMUNICAÇÃO ELETRÔNICA DE MASSA POR ASSINATURA (TV PAGA);NÃO;SENADO FEDERAL;00.530.279/0001-15;DF;BRASÍLIA
ARTE RUPESTRE DE MONTE ALEGRE;B2600036200000;06/02/2026;DEFERIDO;DOCUMENTÁRIO;;BRASILEIRA INDEPENDENTE CONSTITUINTE DE ESPAÇO QUALIFICADO;NÃO SERIADA;5,9;;2026;;OUTROS MERCADOS - AUDIOVISUAL EM CIRCUITO RESTRITO;NÃO;DDK DIGITAL LTDA - EPP;17.713.833/0001-00;RJ;RIO DE JANEIRO
ARTES DIGITAIS - TERRITÓRIOS CRIATIVOS;B2600197000000;18/06/2026;DEFERIDO;DOCUMENTÁRIO;;BRASILEIRA INDEPENDENTE CONSTITUINTE DE ESPAÇO QUALIFICADO;SERIADA EM TEMPORADA ÚNICA;115,7;4;2026;2026;OUTROS MERCADOS - VÍDEO POR DEMANDA;NÃO;SULFLIX ENTRETENIMENTO LTDA;44.448.120/0001-21;RS;PORTO ALEGRE
ARTES MANUAIS - TERRITÓRIOS CRIATIVOS;B2600251300000;29/07/2026;DEFERIDO;DOCUMENTÁRIO;;BRASILEIRA INDEPENDENTE CONSTITUINTE DE ESPAÇO QUALIFICADO;SERIADA EM TEMPORADA ÚNICA;103,9;4;2026;2026;OUTROS MERCADOS - VÍDEO POR DEMANDA;NÃO;SULFLIX ENTRETENIMENTO LTDA;44.448.120/0001-21;RS;PORTO ALEGRE
ARTISTA;B2600125300000;22/04/2026;DEFERIDO;VÍDEOMUSICAL;;BRASILEIRA CONSTITUINTE DE ESPAÇO QUALIFICADO;NÃO SERIADA;15,1;;2026;;OUTROS MERCADOS;NÃO;RENAN DA CAS GRANDE GUERRA;PESSOA FÍSICA;RJ;RIO DE JANEIRO
ARTISTA IMPLACÁVEL;B2600027700000;30/01/2026;DEFERIDO;PROGRAMA DE AUDITÓRIO ANCORADO POR APRESENTADOR;;COMUM;SERIADA EM MÚLTIPLAS TEMPORADAS;120;4;2026;2026;RADIODIFUSÃO DE SONS E IMAGENS (TV ABERTA);NÃO;HELIO FERREIRA SILEMAN LTDA;28.725.643/0001-11;SP;SÃO PAULO
ARTISTA INTERROMPIDO;B2600059100000;24/02/2026;DEFERIDO;DOCUMENTÁRIO;;BRASILEIRA INDEPENDENTE CONSTITUINTE DE ESPAÇO QUALIFICADO;NÃO SERIADA;14,7;;2025;;NENHUMA DAS OPÇÕES;NÃO;22.886.779 MELISSA CAROLINE VASSALLI;22.886.779/0001-27;SP;CABREÚVA
ARUANDA 2 - O SENTIDO DA MORTE;B2600215700000;07/07/2026;DEFERIDO;FICÇÃO;;BRASILEIRA CONSTITUINTE DE ESPAÇO QUALIFICADO;NÃO SERIADA;57,6;;2026;;OUTROS MERCADOS - VÍDEO POR DEMANDA;NÃO;PAULO FRANCO DE CAMARGO;PESSOA FÍSICA;SP;SÃO PAULO
ARY;B2600261700000;07/08/2026;DEFERIDO;DOCUMENTÁRIO;;BRASILEIRA INDEPENDENTE CONSTITUINTE DE ESPAÇO QUALIFICADO;NÃO SERIADA;70,8;;2026;;SALAS DE EXIBIÇÃO;NÃO;GIBRALTAR FILMES LTDA;29.185.414/0001-14;MG;BELO HORIZONTE
AS AVENTURAS DE TITA - 1ª TEMPORADA;B2600030600000;03/02/2026;DEFERIDO;ANIMAÇÃO;;BRASILEIRA INDEPENDENTE CONSTITUINTE DE ESPAÇO QUALIFICADO;SERIADA EM MÚLTIPLAS TEMPORADAS;70;10;2026;2026;RADIODIFUSÃO DE SONS E IMAGENS (TV ABERTA);NÃO;FK SOUND LTDA;20.224.638/0001-13;PE;PAULISTA
AS CORES DO SEXO;B2600255700000;03/08/2026;DEFERIDO;FICÇÃO;Erótico/Pornográfica;COMUM;NÃO SERIADA;31;;2026;;COMUNICAÇÃO ELETRÔNICA DE MASSA POR ASSINATURA (TV PAGA);NÃO;J3 PRODUCOES LTDA;20.520.327/0001-00;SP;SÃO PAULO
AS DEZ VANTAGENS DE MORRER DEPOIS DE VOCÊ;B2600035800000;05/02/2026;DEFERIDO;FICÇÃO;;BRASILEIRA INDEPENDENTE CONSTITUINTE DE ESPAÇO QUALIFICADO;NÃO SERIADA;106,9;;2026;;SALAS DE EXIBIÇÃO;NÃO;PARIS PRODUÇÕES CINEMATOGRÁFICAS LTDA;12.580.503/0001-62;SP;SÃO PAULO
AS DONAS DO SANTO GONÇALO;B2600025700000;28/01/2026;DEFERIDO;DOCUMENTÁRIO;;BRASILEIRA INDEPENDENTE CONSTITUINTE DE ESPAÇO QUALIFICADO;NÃO SERIADA;57,3;;2026;;OUTROS MERCADOS;NÃO;POLIANA ANGELICA DOS SANTOS COSTA;PESSOA FÍSICA;RN;NATAL
AS HISTORIETAS DO MENINO PELADO: CORAGEM;B2600278300000;20/08/2026;DEFERIDO;ANIMAÇÃO;;BRASILEIRA CONSTITUINTE DE ESPAÇO QUALIFICADO;NÃO SERIADA;3,4;;2026;;SALAS DE EXIBIÇÃO;NÃO;RODRIGO ALVES LEÃO;PESSOA FÍSICA;SP;SÃO PAULO
AS MARGENS DO TEMPO;B2600250600000;29/07/2026;DEFERIDO;DOCUMENTÁRIO;;BRASILEIRA INDEPENDENTE CONSTITUINTE DE ESPAÇO QUALIFICADO;NÃO SERIADA;17,7;;2026;;OUTROS MERCADOS;NÃO;CARLINDO EMANOEL DA SILVA;PESSOA FÍSICA;RN;MOSSORÓ
AS MENINAS DA GARAGEM SECRETA;B2600275800000;19/08/2026;DEFERIDO;FICÇÃO;;BRASILEIRA INDEPENDENTE CONSTITUINTE DE ESPAÇO QUALIFICADO;SERIADA EM TEMPORADA ÚNICA;197,1;8;2026;2026;COMUNICAÇÃO ELETRÔNICA DE MASSA POR ASSINATURA (TV PAGA);NÃO;RADAR CINEMA E TELEVISÃO LTDA;02.947.857/0001-49;SP;COTIA
AS MUITAS MORTES DE ANTÔNIO PARREIRAS;B2600172900000;26/05/2026;DEFERIDO;FICÇÃO;;BRASILEIRA INDEPENDENTE CONSTITUINTE DE ESPAÇO QUALIFICADO;NÃO SERIADA;71,0;;2026;;OUTROS MERCADOS;NÃO;+2 PRODUÇÕES CULTURAIS - ME;10.539.519/0001-04;RJ;RIO DE JANEIRO
AS NASCENTES DE PARANAPIACABA E OS INGLESES;B2600136400000;28/04/2026;DEFERIDO;DOCUMENTÁRIO;;BRASILEIRA INDEPENDENTE CONSTITUINTE DE ESPAÇO QUALIFICADO;NÃO SERIADA;76,4;;2026;;OUTROS MERCADOS;NÃO;OLI PRODUCOES CINEMATOGRAFICAS E CULTURAIS LTDA;58.915.639/0001-87;SP;SANTO ANDRÉ
AS NOITES POÉTICAS NO CAFOFO;B2600246500000;28/07/2026;DEFERIDO;DOCUMENTÁRIO;;BRASILEIRA INDEPENDENTE CONSTITUINTE DE ESPAÇO QUALIFICADO;NÃO SERIADA;15;;2026;;OUTROS MERCADOS - AUDIOVISUAL EM CIRCUITO RESTRITO;NÃO;60.723.221 RAFAEL DE FREITAS CASTRO;60.723.221/0001-10;PB;SANTA RITA
ASAS DA CIDADE;B2600026600000;29/01/2026;DEFERIDO;DOCUMENTÁRIO;;BRASILEIRA INDEPENDENTE CONSTITUINTE DE ESPAÇO QUALIFICADO;NÃO SERIADA;70,1;;2026;;COMUNICAÇÃO ELETRÔNICA DE MASSA POR ASSINATURA (TV PAGA);NÃO;PROSPERIDADE COMUNICAÇÃO E FILMES LTDA;17.545.702/0001-53;SP;SÃO PAULO
ASSALTO À BRASILEIRA;B2600050500000;23/02/2026;DEFERIDO;FICÇÃO;;BRASILEIRA INDEPENDENTE CONSTITUINTE DE ESPAÇO QUALIFICADO;NÃO SERIADA;98,7;;2026;;SALAS DE EXIBIÇÃO;NÃO;GALERIA DISTRIBUIDORA AUDIOVISUAL LTDA;32.656.607/0001-10;SP;SÃO PAULO
ASSUNTO;B2600279400000;21/08/2026;DEFERIDO;VÍDEOMUSICAL;;BRASILEIRA INDEPENDENTE CONSTITUINTE DE ESPAÇO QUALIFICADO;NÃO SERIADA;2,2;;2026;;COMUNICAÇÃO ELETRÔNICA DE MASSA POR ASSINATURA (TV PAGA);NÃO;BEST PRODUCOES ARTISTICAS LTDA;24.809.258/0001-00;GO;FORMOSA
ASTROS E ORÁCULOS;B2600162900000;19/05/2026;DEFERIDO;JORNALÍSTICA;;COMUM;SERIADA DE DURAÇÃO INDETERMINADA;6000;200;2025;2026;COMUNICAÇÃO ELETRÔNICA DE MASSA POR ASSINATURA (TV PAGA);NÃO;SPRING PUBLICAÇÕES LTDA.;08.234.482/0001-56;SP;SÃO PAULO
ATENÇÃO PARA O REFRÃO;B2600037500000;09/02/2026;DEFERIDO;VARIEDADES;;BRASILEIRA INDEPENDENTE CONSTITUINTE DE ESPAÇO QUALIFICADO;SERIADA EM MÚLTIPLAS TEMPORADAS;164,5;6;2026;2026;COMUNICAÇÃO ELETRÔNICA DE MASSA POR ASSINATURA (TV PAGA);NÃO;SALIVA PRODUCOES CINEMATOGRAFICAS LTDA;09.271.593/0001-03;SP;SÃO PAULO
ATERRO ZEITGEIST;B2600173400000;26/05/2026;DEFERIDO;ANIMAÇÃO;;BRASILEIRA INDEPENDENTE CONSTITUINTE DE ESPAÇO QUALIFICADO;NÃO SERIADA;8,7;;2026;;NENHUMA DAS OPÇÕES;NÃO;INFRAVERMELHO FILMES LTDA;10.721.680/0001-96;SP;SÃO PAULO
ATRÁS DO PORTO TINHA UMA CIDADE;B2600263700000;09/08/2026;DEFERIDO;FICÇÃO;;BRASILEIRA CONSTITUINTE DE ESPAÇO QUALIFICADO;NÃO SERIADA;20;;2026;;OUTROS MERCADOS - AUDIOVISUAL EM CIRCUITO RESTRITO;NÃO;JULIA BORGAS BATISTA;PESSOA FÍSICA;SP;SÃO PAULO
ATÉ MAIS VER / GOSTAVA TANTO DE VOCÊ;B2600108100000;09/04/2026;DEFERIDO;VÍDEOMUSICAL;Registro de Eventos;BRASILEIRA CONSTITUINTE DE ESPAÇO QUALIFICADO;NÃO SERIADA;5,0;;2026;;COMUNICAÇÃO ELETRÔNICA DE MASSA POR ASSINATURA (TV PAGA);NÃO;BETE FERREIRA COMUNICAÇÃO LTDA;29.232.353/0001-07;SP;SÃO PAULO
ATÉ O TOPO DO MUNDO;B2600257200000;04/08/2026;DEFERIDO;VÍDEOMUSICAL;Registro de Eventos;BRASILEIRA INDEPENDENTE CONSTITUINTE DE ESPAÇO QUALIFICADO;NÃO SERIADA;3,2;;2025;;COMUNICAÇÃO ELETRÔNICA DE MASSA POR ASSINATURA (TV PAGA);NÃO;TOPO DO MUNDO EMPREENDIMENTOS ARTISTICOS LTDA;53.712.780/0001-69;RJ;NITERÓI
ATÉ QUE SÃO PEDRO FAÇA CHOVER NO MEU SERTÃO;B2600018500000;21/01/2026;DEFERIDO;FICÇÃO;;BRASILEIRA CONSTITUINTE DE ESPAÇO QUALIFICADO;NÃO SERIADA;25,1;;2026;;SALAS DE EXIBIÇÃO;NÃO;VINICIUS RIO SUZARTE;44.025.181/0001-86;BA;FEIRA DE SANTANA
ATÉ VIRAR O OLHO;B2600161700000;19/05/2026;DEFERIDO;VÍDEOMUSICAL;;BRASILEIRA INDEPENDENTE CONSTITUINTE DE ESPAÇO QUALIFICADO;NÃO SERIADA;3,5;;2025;;RADIODIFUSÃO DE SONS E IMAGENS (TV ABERTA);NÃO;CG AGENCIAMENTO E SERVIÇOS LTDA;30.022.536/0001-79;SP;RIBEIRÃO PRETO
AUSÊNCIA;B2600011500000;13/01/2026;DEFERIDO;FICÇÃO;;BRASILEIRA CONSTITUINTE DE ESPAÇO QUALIFICADO;NÃO SERIADA;32,5;;2026;;RADIODIFUSÃO DE SONS E IMAGENS (TV ABERTA);NÃO;DAFUQ FILMES LTDA;19.153.140/0001-28;GO;GOIÂNIA
AUTHENTIC GAMES NO IMPÉRIO DESCONECTADO;B2600062300000;27/02/2026;DEFERIDO;ANIMAÇÃO;;BRASILEIRA CONSTITUINTE DE ESPAÇO QUALIFICADO;NÃO SERIADA;70,5;;2026;;SALAS DE EXIBIÇÃO;NÃO;RUBI FILMES E PRODUCOES ARTISTICAS LTDA;17.383.231/0001-24;RJ;RIO DE JANEIRO
AUTOBAND;B2600171400000;25/05/2026;DEFERIDO;JORNALÍSTICA;;COMUM;SERIADA DE DURAÇÃO INDETERMINADA;805;35;2026;2026;RADIODIFUSÃO DE SONS E IMAGENS (TV ABERTA);NÃO;BETINA PONS PRODUÇÕES ARTÍSTICAS;16.493.513/0001-11;RJ;RIO DE JANEIRO
AUTOMAÇÃO E INTELIGÊNCIA ARTIFICIAL NO BRASIL;B2600130700000;27/04/2026;DEFERIDO;DOCUMENTÁRIO;;BRASILEIRA INDEPENDENTE CONSTITUINTE DE ESPAÇO QUALIFICADO;NÃO SERIADA;52,3;;2026;;COMUNICAÇÃO ELETRÔNICA DE MASSA POR ASSINATURA (TV PAGA);NÃO;PRODUTORA BRASILEIRA DE ARTE E CULTURA LTDA.;13.483.286/0001-55;SP;SÃO PAULO
AUTS - 2ª TEMPORADA;B2600084000000;19/03/2026;DEFERIDO;ANIMAÇÃO;;BRASILEIRA INDEPENDENTE CONSTITUINTE DE ESPAÇO QUALIFICADO;SERIADA EM MÚLTIPLAS TEMPORADAS;28,5;19;2026;2026;COMUNICAÇÃO ELETRÔNICA DE MASSA POR ASSINATURA (TV PAGA);NÃO;TAKAPY DIGITAL ART LTDA;03.250.728/0001-60;BA;SALVADOR
AVENTURA FOTOGRÁFICA - EXPEDIÇÃO ITÁLIA - 1ª TEMPORADA;B2600019600000;22/01/2026;DEFERIDO;VARIEDADES;;BRASILEIRA INDEPENDENTE CONSTITUINTE DE ESPAÇO QUALIFICADO;SERIADA EM MÚLTIPLAS TEMPORADAS;125;5;2025;2025;COMUNICAÇÃO ELETRÔNICA DE MASSA POR ASSINATURA (TV PAGA);NÃO;RICARDO MARTINS PRODUCAO LTDA;09.479.235/0001-82;SP;SÃO JOSÉ DOS CAMPOS
AVENTURA FOTOGRÁFICA - LITORAL BRASILEIRO - 2ª TEMPORADA;B2600019500000;22/01/2026;DEFERIDO;VARIEDADES;;BRASILEIRA INDEPENDENTE CONSTITUINTE DE ESPAÇO QUALIFICADO;SERIADA EM MÚLTIPLAS TEMPORADAS;92;4;2025;2025;COMUNICAÇÃO ELETRÔNICA DE MASSA POR ASSINATURA (TV PAGA);NÃO;RICARDO MARTINS PRODUCAO LTDA;09.479.235/0001-82;SP;SÃO JOSÉ DOS CAMPOS
AYÔ;B2600227800000;14/07/2026;DEFERIDO;FICÇÃO;;BRASILEIRA INDEPENDENTE CONSTITUINTE DE ESPAÇO QUALIFICADO;SERIADA DE DURAÇÃO INDETERMINADA;110,6;6;2026;2026;OUTROS MERCADOS - VÍDEO POR DEMANDA;NÃO;GABRIEL BORTOLINI DE LUCENA PRODUCOES - ME;23.621.887/0001-30;SP;SÃO PAULO
AZUL;B2600068200000;04/03/2026;DEFERIDO;FICÇÃO;;BRASILEIRA INDEPENDENTE CONSTITUINTE DE ESPAÇO QUALIFICADO;NÃO SERIADA;19,9;;2026;;NENHUMA DAS OPÇÕES;NÃO;43.165.726 RAPHAEL OLIVEIRA MEDEIROS;43.165.726/0001-97;RJ;RIO DE JANEIRO
AZULÃO DA MANTIQUEIRA;B2600013600000;15/01/2026;DEFERIDO;DOCUMENTÁRIO;;BRASILEIRA CONSTITUINTE DE ESPAÇO QUALIFICADO;NÃO SERIADA;73,3;;2026;;RADIODIFUSÃO DE SONS E IMAGENS (TV ABERTA);NÃO;ANTONIO GILMAR MANGUSSI FILHO;50.401.832/0001-98;MG;ANDRADAS
BABILOO;B2600126700000;24/04/2026;DEFERIDO;ANIMAÇÃO;;BRASILEIRA INDEPENDENTE CONSTITUINTE DE ESPAÇO QUALIFICADO;SERIADA EM MÚLTIPLAS TEMPORADAS;70;10;2026;2026;VIDEO DOMÉSTICO;NÃO;FK SOUND LTDA;20.224.638/0001-13;PE;PAULISTA
BADULAQUE;B2600006100000;08/01/2026;DEFERIDO;VÍDEOMUSICAL;Registro de Eventos;BRASILEIRA INDEPENDENTE CONSTITUINTE DE ESPAÇO QUALIFICADO;SERIADA EM TEMPORADA ÚNICA;132;44;2025;2025;COMUNICAÇÃO ELETRÔNICA DE MASSA POR ASSINATURA (TV PAGA);NÃO;NÚCLEO CORINGA DE PRODUÇÕES ARTÍSTICAS LTDA.;10.589.111/0001-39;SP;SÃO PAULO
BAILE CHARME;B2600088700000;24/03/2026;DEFERIDO;VÍDEOMUSICAL;Registro de Eventos;BRASILEIRA CONSTITUINTE DE ESPAÇO QUALIFICADO;NÃO SERIADA;2,5;;2024;;COMUNICAÇÃO ELETRÔNICA DE MASSA POR ASSINATURA (TV PAGA);NÃO;BONDE RECORDS MUSIC LTDA;21.857.777/0001-47;RJ;RIO DE JANEIRO
BAILE DE VERÃO;B2600225200000;13/07/2026;DEFERIDO;VÍDEOMUSICAL;;BRASILEIRA INDEPENDENTE CONSTITUINTE DE ESPAÇO QUALIFICADO;NÃO SERIADA;3,2;;2022;;COMUNICAÇÃO ELETRÔNICA DE MASSA POR ASSINATURA (TV PAGA);NÃO;FERNANDO VAZ;PESSOA FÍSICA;RS;VIAMÃO
BAILE FUNK;B2600156800000;14/05/2026;DEFERIDO;DOCUMENTÁRIO;;BRASILEIRA INDEPENDENTE CONSTITUINTE DE ESPAÇO QUALIFICADO;NÃO SERIADA;51,6;;2026;;COMUNICAÇÃO ELETRÔNICA DE MASSA POR ASSINATURA (TV PAGA);NÃO;CAVIDEO PRODUÇÕES COMÉRCIO E LOCAÇÃO DE FILMES LTDA;01.666.326/0001-15;RJ;RIO DE JANEIRO
BAIXADA: NAS ÁGUAS DE CUBATÃO;B2600276100000;19/08/2026;DEFERIDO;FICÇÃO;;BRASILEIRA INDEPENDENTE CONSTITUINTE DE ESPAÇO QUALIFICADO;NÃO SERIADA;17;;2026;;SALAS DE EXIBIÇÃO;NÃO;RENATO MARTIN DE CASTRO;PESSOA FÍSICA;SP;SÃO PAULO
BAIÃO TIMES;B2600098000000;30/03/2026;DEFERIDO;VÍDEOMUSICAL;;BRASILEIRA CONSTITUINTE DE ESPAÇO QUALIFICADO;NÃO SERIADA;3,2;;2026;;COMUNICAÇÃO ELETRÔNICA DE MASSA POR ASSINATURA (TV PAGA);NÃO;LUIZ ALFREDO VERNIERI LOPES;PESSOA FÍSICA;RJ;RIO DE JANEIRO
BAKE OFF BRASIL 12;B2600232700000;17/07/2026;DEFERIDO;REALITY-SHOW;;BRASILEIRA CONSTITUINTE DE ESPAÇO QUALIFICADO;SERIADA EM TEMPORADA ÚNICA;1330;19;2026;2026;RADIODIFUSÃO DE SONS E IMAGENS (TV ABERTA);NÃO;TVSBT CANAL 4 DE SAO PAULO S/A;45.039.237/0001-14;SP;OSASCO
BAKE OFF BRASIL CELEBRIDADES (2026);B2600251500000;29/07/2026;DEFERIDO;VARIEDADES;;BRASILEIRA CONSTITUINTE DE ESPAÇO QUALIFICADO;NÃO SERIADA;70;;2026;;RADIODIFUSÃO DE SONS E IMAGENS (TV ABERTA);NÃO;TVSBT CANAL 4 DE SAO PAULO S/A;45.039.237/0001-14;SP;OSASCO
BALANÇO DA COPA;B2600157300000;14/05/2026;DEFERIDO;VARIEDADES;;BRASILEIRA CONSTITUINTE DE ESPAÇO QUALIFICADO;NÃO SERIADA;30;;2026;;RADIODIFUSÃO DE SONS E IMAGENS (TV ABERTA);NÃO;TVSBT CANAL 4 DE SAO PAULO S/A;45.039.237/0001-14;SP;OSASCO
BALANÇO DA ÁGUA;B2600011700000;13/01/2026;DEFERIDO;VÍDEOMUSICAL;Registro de Eventos;BRASILEIRA CONSTITUINTE DE ESPAÇO QUALIFICADO;NÃO SERIADA;2,4;;2025;;COMUNICAÇÃO ELETRÔNICA DE MASSA POR ASSINATURA (TV PAGA);NÃO;RODAMOINHO RECORDS LTDA.;40.376.932/0001-58;RJ;RIO DE JANEIRO
BAMBUÁ;B2600157700000;14/05/2026;DEFERIDO;DOCUMENTÁRIO;;BRASILEIRA INDEPENDENTE CONSTITUINTE DE ESPAÇO QUALIFICADO;NÃO SERIADA;52,8;;2026;;COMUNICAÇÃO ELETRÔNICA DE MASSA POR ASSINATURA (TV PAGA);NÃO;CAVIDEO PRODUÇÕES COMÉRCIO E LOCAÇÃO DE FILMES LTDA;01.666.326/0001-15;RJ;RIO DE JANEIRO
BANDIDO PIANISTA - FUGA EM RÉ MAIOR;B2600027000000;29/01/2026;DEFERIDO;FICÇÃO;;BRASILEIRA INDEPENDENTE CONSTITUINTE DE ESPAÇO QUALIFICADO;NÃO SERIADA;15,3;;2025;;OUTROS MERCADOS - VÍDEO POR DEMANDA;NÃO;EVC PRODUCOES INTERCOMPANY LTDA;19.967.027/0001-86;RJ;RIO DE JANEIRO
BANHO DE CHEIRO – UMA CELEBRAÇÃO DE AXÉ E TRADIÇÃO.;B2600127800000;24/04/2026;DEFERIDO;RELIGIOSA;;COMUM;NÃO SERIADA;23,0;;2026;;OUTROS MERCADOS - AUDIOVISUAL EM TRANSPORTE COLETIVO;NÃO;JEA ENSINO, COMÉRCIO E SERVIÇOS LTDA;18.003.309/0001-09;MA;SÃO LUÍS
BAOBÁ;B2600186200000;08/06/2026;DEFERIDO;VÍDEOMUSICAL;;BRASILEIRA INDEPENDENTE CONSTITUINTE DE ESPAÇO QUALIFICADO;NÃO SERIADA;4,3;;2026;;COMUNICAÇÃO ELETRÔNICA DE MASSA POR ASSINATURA (TV PAGA);NÃO;RODRIGO DALLACQUA;PESSOA FÍSICA;SP;SÃO PAULO
BARBARIDADES DA TRANS;B2600145600000;05/05/2026;DEFERIDO;FICÇÃO;Erótico/Pornográfica;COMUM;NÃO SERIADA;61;;2026;;COMUNICAÇÃO ELETRÔNICA DE MASSA POR ASSINATURA (TV PAGA);NÃO;LUZ VERMELHA FILMES - PRODUTORA DE CINEMA E VÍDEO LTDA;09.152.063/0001-38;SP;SÃO PAULO
BARRO E FORMA (CERAMISTAS);B2600049300000;23/02/2026;DEFERIDO;DOCUMENTÁRIO;;BRASILEIRA INDEPENDENTE CONSTITUINTE DE ESPAÇO QUALIFICADO;NÃO SERIADA;70,1;;2026;;COMUNICAÇÃO ELETRÔNICA DE MASSA POR ASSINATURA (TV PAGA);NÃO;MLT PRODUÇÕES ARTISTICAS LTDA;31.940.539/0001-54;SP;SÃO JOSÉ DOS CAMPOS
BASTIDORES DA MEMÓRIA;B2600013300000;15/01/2026;DEFERIDO;DOCUMENTÁRIO;;BRASILEIRA CONSTITUINTE DE ESPAÇO QUALIFICADO;SERIADA EM TEMPORADA ÚNICA;115;5;2026;2026;COMUNICAÇÃO ELETRÔNICA DE MASSA POR ASSINATURA (TV PAGA);NÃO;MAINLINE FILMES LTDA;23.015.606/0001-04;RJ;RIO DE JANEIRO
BASTIDORES DO CARNAVAL 2026;B2600039600000;10/02/2026;DEFERIDO;VARIEDADES;;BRASILEIRA CONSTITUINTE DE ESPAÇO QUALIFICADO;NÃO SERIADA;12,5;;2026;;RADIODIFUSÃO DE SONS E IMAGENS (TV ABERTA);NÃO;TV OMEGA LTDA.;02.131.538/0001-60;SP;OSASCO
BASTIDORES DO CRIME;B2600079800000;17/03/2026;DEFERIDO;JORNALÍSTICA;;COMUM;SERIADA DE DURAÇÃO INDETERMINADA;420;42;2026;2026;RADIODIFUSÃO DE SONS E IMAGENS (TV ABERTA);NÃO;TV OMEGA LTDA.;02.131.538/0001-60;SP;OSASCO
BATE PAPO UOL;B2600081000000;17/03/2026;DEFERIDO;VARIEDADES;;BRASILEIRA CONSTITUINTE DE ESPAÇO QUALIFICADO;SERIADA DE DURAÇÃO INDETERMINADA;648;12;2026;2026;COMUNICAÇÃO ELETRÔNICA DE MASSA POR ASSINATURA (TV PAGA);NÃO;UNIVERSO ONLINE S.A.;01.109.184/0001-95;SP;SÃO PAULO
BATE-PAPO PEDAGÓGICO COM VIVIANE JUGUERO;B2600254900000;03/08/2026;DEFERIDO;DOCUMENTÁRIO;;BRASILEIRA INDEPENDENTE CONSTITUINTE DE ESPAÇO QUALIFICADO;NÃO SERIADA;33,6;;2026;;OUTROS MERCADOS;NÃO;VIVIANE ROSA JUGUERO MARTINS;07.506.740/0001-43;RS;PORTO ALEGRE
BATEU SAUDADE;B2600097200000;27/03/2026;DEFERIDO;VÍDEOMUSICAL;;BRASILEIRA CONSTITUINTE DE ESPAÇO QUALIFICADO;NÃO SERIADA;3,8;;2026;;COMUNICAÇÃO ELETRÔNICA DE MASSA POR ASSINATURA (TV PAGA);NÃO;MARIANA LAVIAGUERRE PORTO;PESSOA FÍSICA;SP;SÃO PAULO
BATIDAS_ANCESTRAIS_VFINAL.MP3;B2600036000000;06/02/2026;DEFERIDO;DOCUMENTÁRIO;;BRASILEIRA INDEPENDENTE CONSTITUINTE DE ESPAÇO QUALIFICADO;NÃO SERIADA;15;;2025;;SALAS DE EXIBIÇÃO;NÃO;EFFE IMAGENS E TEXTOS LTDA;54.597.656/0001-62;SP;ANDRADINA
BEBIDA NA FERIDA;B2600121100000;17/04/2026;DEFERIDO;VÍDEOMUSICAL;Registro de Eventos;BRASILEIRA CONSTITUINTE DE ESPAÇO QUALIFICADO;NÃO SERIADA;3,4;;2018;;VIDEO DOMÉSTICO;NÃO;WORK SHOW PRODUCOES E ENTRETENIMENTO ARTISTICOS LTDA;20.077.216/0001-62;GO;GOIÂNIA
BEIRA-MAR;B2600143600000;04/05/2026;DEFERIDO;FICÇÃO;;BRASILEIRA INDEPENDENTE CONSTITUINTE DE ESPAÇO QUALIFICADO;NÃO SERIADA;15;;2026;;OUTROS MERCADOS - AUDIOVISUAL EM CIRCUITO RESTRITO;NÃO;LUCILIA MENESES ANDRADE;52.710.706/0001-40;SE;NOSSA SENHORA DO SOCORRO
BEIRA-RIO;B2600122600000;20/04/2026;DEFERIDO;VÍDEOMUSICAL;Registro de Eventos;BRASILEIRA INDEPENDENTE CONSTITUINTE DE ESPAÇO QUALIFICADO;NÃO SERIADA;1,9;;2019;;SALAS DE EXIBIÇÃO;NÃO;GUAJUPIA FILMES LTDA;50.205.115/0001-90;RJ;RIO DE JANEIRO
BELMONTE: HISTÓRIA, ARQUITETURA E MEMÓRIAS;B2600233300000;20/07/2026;DEFERIDO;DOCUMENTÁRIO;;BRASILEIRA CONSTITUINTE DE ESPAÇO QUALIFICADO;NÃO SERIADA;49,8;;2026;;NENHUMA DAS OPÇÕES;NÃO;ELIZEU BARBOSA DE OLIVEIRA;PESSOA FÍSICA;BA;BELMONTE
BELO HORIZONTE;B2600257700000;05/08/2026;DEFERIDO;VÍDEOMUSICAL;Registro de Eventos;BRASILEIRA INDEPENDENTE CONSTITUINTE DE ESPAÇO QUALIFICADO;NÃO SERIADA;2,8;;2025;;COMUNICAÇÃO ELETRÔNICA DE MASSA POR ASSINATURA (TV PAGA);NÃO;TOPO DO MUNDO EMPREENDIMENTOS ARTISTICOS LTDA;53.712.780/0001-69;RJ;NITERÓI
BELO OURO;B2600112700000;14/04/2026;DEFERIDO;FICÇÃO;;BRASILEIRA INDEPENDENTE CONSTITUINTE DE ESPAÇO QUALIFICADO;NÃO SERIADA;20,6;;2026;;SALAS DE EXIBIÇÃO;NÃO;PARALELO 15 FILMES LTDA;30.284.248/0001-92;MT;CUIABÁ
BEM BRASIL;B2600189800000;10/06/2026;DEFERIDO;VÍDEOMUSICAL;Registro de Eventos;BRASILEIRA CONSTITUINTE DE ESPAÇO QUALIFICADO;SERIADA DE DURAÇÃO INDETERMINADA;2169,8;24;2026;2026;RADIODIFUSÃO DE SONS E IMAGENS (TV ABERTA);NÃO;FUND PE ANCHIETA CENTRO PAULISTA RADIO E TV EDUCATIVAS;61.914.891/0001-86;SP;SÃO PAULO
BEM BRASÍLIA - TEMPORADA 2026;B2600084600000;19/03/2026;DEFERIDO;VARIEDADES;;BRASILEIRA CONSTITUINTE DE ESPAÇO QUALIFICADO;SERIADA EM MÚLTIPLAS TEMPORADAS;160;4;2026;2026;RADIODIFUSÃO DE SONS E IMAGENS (TV ABERTA);NÃO;GLOBO COMUNICACAO E PARTICIPACOES S/A;27.865.757/0001-02;RJ;RIO DE JANEIRO
BEM MELHOR;B2600188900000;10/06/2026;DEFERIDO;VÍDEOMUSICAL;Registro de Eventos;BRASILEIRA INDEPENDENTE CONSTITUINTE DE ESPAÇO QUALIFICADO;NÃO SERIADA;3,0;;2026;;COMUNICAÇÃO ELETRÔNICA DE MASSA POR ASSINATURA (TV PAGA);NÃO;LAGUM PRODUCAO MUSICAL LTDA;31.133.282/0001-29;MG;BELO HORIZONTE
BEM MELHOR - 3ª TEMPORADA;B2600046700000;19/02/2026;DEFERIDO;VARIEDADES;;BRASILEIRA CONSTITUINTE DE ESPAÇO QUALIFICADO;SERIADA EM MÚLTIPLAS TEMPORADAS;210;7;2026;2026;COMUNICAÇÃO ELETRÔNICA DE MASSA POR ASSINATURA (TV PAGA);NÃO;FLAVIO LAURENCIANO JUNIOR;PESSOA FÍSICA;SC;BALNEÁRIO CAMBORIÚ
BEM QUE ME AVISARAM;B2600095200000;26/03/2026;DEFERIDO;RELIGIOSA;;COMUM;NÃO SERIADA;61,8;;2025;;RADIODIFUSÃO DE SONS E IMAGENS (TV ABERTA);NÃO;TELEVISAO CACHOEIRA DO SUL LTDA;89.784.037/0001-61;RS;CACHOEIRA DO SUL
BEM-VINDO À SELVA;B2600115800000;16/04/2026;DEFERIDO;DOCUMENTÁRIO;;BRASILEIRA CONSTITUINTE DE ESPAÇO QUALIFICADO;NÃO SERIADA;70;;2026;;RADIODIFUSÃO DE SONS E IMAGENS (TV ABERTA);NÃO;GLOBO COMUNICACAO E PARTICIPACOES S/A;27.865.757/0001-02;RJ;RIO DE JANEIRO
BERNARDO CABRAL - A PALAVRA EM AÇÃO;B2600176400000;27/05/2026;DEFERIDO;DOCUMENTÁRIO;;BRASILEIRA INDEPENDENTE CONSTITUINTE DE ESPAÇO QUALIFICADO;NÃO SERIADA;74,6;;2026;;SALAS DE EXIBIÇÃO;NÃO;ALEXANDRE PENA PRODUCOES LTDA;13.291.157/0001-65;RJ;RIO DE JANEIRO
BERNARDO E O PÉ DE MANGA ROSA;B2600041400000;11/02/2026;DEFERIDO;ANIMAÇÃO;;BRASILEIRA INDEPENDENTE CONSTITUINTE DE ESPAÇO QUALIFICADO;NÃO SERIADA;7,2;;2026;;SALAS DE EXIBIÇÃO;NÃO;ANA MARIA CORDEIRO SILVA;PESSOA FÍSICA;GO;GOIÂNIA
BETO E NIKA - CICLOVIAJANDO PELA ÁSIA - 2º TEMPORADA;B2600209500000;29/06/2026;DEFERIDO;VARIEDADES;;BRASILEIRA INDEPENDENTE CONSTITUINTE DE ESPAÇO QUALIFICADO;SERIADA EM MÚLTIPLAS TEMPORADAS;112;4;2026;2026;COMUNICAÇÃO ELETRÔNICA DE MASSA POR ASSINATURA (TV PAGA);NÃO;HUMAN FILMES LTDA;43.080.353/0001-51;SC;FLORIANÓPOLIS
BETO E NIKA - CICLOVIAJANDO PELA ÁSIA - 3º TEMPORADA;B2600229300000;15/07/2026;DEFERIDO;VARIEDADES;;BRASILEIRA INDEPENDENTE CONSTITUINTE DE ESPAÇO QUALIFICADO;SERIADA EM MÚLTIPLAS TEMPORADAS;112;4;2026;2026;COMUNICAÇÃO ELETRÔNICA DE MASSA POR ASSINATURA (TV PAGA);NÃO;HUMAN FILMES LTDA;43.080.353/0001-51;SC;FLORIANÓPOLIS
BETO E NIKA - CICLOVIAJANDO PELA ÁSIA - 4º TEMPORADA;B2600232400000;17/07/2026;DEFERIDO;VARIEDADES;;BRASILEIRA INDEPENDENTE CONSTITUINTE DE ESPAÇO QUALIFICADO;SERIADA EM MÚLTIPLAS TEMPORADAS;140;5;2026;2026;COMUNICAÇÃO ELETRÔNICA DE MASSA POR ASSINATURA (TV PAGA);NÃO;HUMAN FILMES LTDA;43.080.353/0001-51;SC;FLORIANÓPOLIS
BICI, A HISTÓRIA DE UMA BICICLETA NO AFUÁ;B2600078600000;16/03/2026;DEFERIDO;ANIMAÇÃO;;BRASILEIRA INDEPENDENTE CONSTITUINTE DE ESPAÇO QUALIFICADO;NÃO SERIADA;8,7;;2026;;SALAS DE EXIBIÇÃO;NÃO;ILUMINURAS ESTÚDIO DE ANIMAÇÃO DE FILMES LTDA;20.240.711/0001-40;PA;BELÉM
BIG BANG BOOM;B2600068100000;04/03/2026;DEFERIDO;ANIMAÇÃO;;BRASILEIRA CONSTITUINTE DE ESPAÇO QUALIFICADO;NÃO SERIADA;2,3;;2026;;SALAS DE EXIBIÇÃO;NÃO;50.077.912 LIVIA MARCELA DA SILVA UCHOA;50.077.912/0001-30;RJ;NITERÓI
BIG BROTHER BRASIL 26;B2600000800000;02/01/2026;DEFERIDO;REALITY-SHOW;;BRASILEIRA CONSTITUINTE DE ESPAÇO QUALIFICADO;SERIADA EM MÚLTIPLAS TEMPORADAS;5500;100;2026;2026;RADIODIFUSÃO DE SONS E IMAGENS (TV ABERTA);NÃO;GLOBO COMUNICACAO E PARTICIPACOES S/A;27.865.757/0001-02;RJ;RIO DE JANEIRO
BIJUPIRÁ;B2600152300000;08/05/2026;DEFERIDO;FICÇÃO;;BRASILEIRA INDEPENDENTE CONSTITUINTE DE ESPAÇO QUALIFICADO;NÃO SERIADA;14,3;;2026;;SALAS DE EXIBIÇÃO;NÃO;EDUARDO CARDOSO BOCCALETTI SERVIÇOS DE PRODUÇÃO;22.491.602/0001-21;RJ;RIO DE JANEIRO
BISPO VERMELHO;B2600115100000;16/04/2026;DEFERIDO;FICÇÃO;;BRASILEIRA INDEPENDENTE CONSTITUINTE DE ESPAÇO QUALIFICADO;NÃO SERIADA;10,1;;2026;;OUTROS MERCADOS;NÃO;30.242.567 ALBERTO RIBEIRO TEIXEIRA JUNIOR;30.242.567/0001-35;RJ;NOVA IGUAÇU
BLOGUEIROS.COM;B2600089800000;25/03/2026;DEFERIDO;FICÇÃO;;BRASILEIRA INDEPENDENTE CONSTITUINTE DE ESPAÇO QUALIFICADO;NÃO SERIADA;89,0;;2026;;OUTROS MERCADOS - VÍDEO POR DEMANDA;NÃO;OJG MARKETING ESPORTIVO E CULTURAL LTDA -EPP;23.649.143/0001-24;RJ;RIO DE JANEIRO
BLOQUINHO DUMDUM 2026;B2600040700000;10/02/2026;DEFERIDO;VARIEDADES;;BRASILEIRA CONSTITUINTE DE ESPAÇO QUALIFICADO;SERIADA EM TEMPORADA ÚNICA;60;1;2026;2026;COMUNICAÇÃO ELETRÔNICA DE MASSA POR ASSINATURA (TV PAGA);NÃO;STARKE CONSULTORIA E NEGÓCIOS DE MÍDIA LTDA;39.237.339/0001-41;SP;SÃO PAULO
BLUES DA PIEDADE - CHICO CHICO (AO VIVO);B2600042200000;11/02/2026;DEFERIDO;VÍDEOMUSICAL;Registro de Eventos;BRASILEIRA INDEPENDENTE CONSTITUINTE DE ESPAÇO QUALIFICADO;NÃO SERIADA;4,5;;2026;;COMUNICAÇÃO ELETRÔNICA DE MASSA POR ASSINATURA (TV PAGA);NÃO;DECK PRODUÇÕES ARTÍSTICAS LTDA;30.253.090/0001-93;RJ;RIO DE JANEIRO
BOAS PRÁTICAS ESCOLARES – 4ª TEMPORADA;B2600061100000;26/02/2026;DEFERIDO;JORNALÍSTICA;;COMUM;SERIADA EM MÚLTIPLAS TEMPORADAS;2704;52;2026;2026;RADIODIFUSÃO DE SONS E IMAGENS (TV ABERTA);NÃO;FUND PE ANCHIETA CENTRO PAULISTA RADIO E TV EDUCATIVAS;61.914.891/0001-86;SP;SÃO PAULO
BOCA;B2600151500000;07/05/2026;DEFERIDO;DOCUMENTÁRIO;;BRASILEIRA INDEPENDENTE CONSTITUINTE DE ESPAÇO QUALIFICADO;NÃO SERIADA;14,8;;2026;;SALAS DE EXIBIÇÃO;NÃO;MIUDA PRODUCOES ARTISTICAS LTDA;62.756.449/0001-31;ES;VITÓRIA
BOCA;B2600187400000;09/06/2026;DEFERIDO;VÍDEOMUSICAL;;BRASILEIRA INDEPENDENTE CONSTITUINTE DE ESPAÇO QUALIFICADO;NÃO SERIADA;3,9;;2026;;COMUNICAÇÃO ELETRÔNICA DE MASSA POR ASSINATURA (TV PAGA);NÃO;RODRIGO DE SOUZA SALES MONTEIRO;PESSOA FÍSICA;SP;SÃO PAULO
BOCA DE TUDO;B2600047400000;19/02/2026;DEFERIDO;FICÇÃO;;BRASILEIRA CONSTITUINTE DE ESPAÇO QUALIFICADO;NÃO SERIADA;7,4;;2026;;OUTROS MERCADOS;NÃO;CASSIA DE ABREU PEGORARO;PESSOA FÍSICA;PR;LONDRINA
BOCA DE URNA;B2600265700000;12/08/2026;DEFERIDO;DOCUMENTÁRIO;;BRASILEIRA INDEPENDENTE CONSTITUINTE DE ESPAÇO QUALIFICADO;NÃO SERIADA;18,2;;2026;;SALAS DE EXIBIÇÃO;NÃO;A FLOR E A NAUSEA LTDA;18.584.832/0001-68;SP;SÃO PAULO
BOCA LIVRE;B2600252400000;29/07/2026;DEFERIDO;DOCUMENTÁRIO;;BRASILEIRA CONSTITUINTE DE ESPAÇO QUALIFICADO;SERIADA EM TEMPORADA ÚNICA;229,5;8;2026;2026;OUTROS MERCADOS - VÍDEO POR DEMANDA;NÃO;BRODAGEM FILMES LTDA;17.189.324/0001-12;SP;ITAPEVA
BOI DA CARA PRETA;B2600074500000;11/03/2026;DEFERIDO;FICÇÃO;;BRASILEIRA INDEPENDENTE CONSTITUINTE DE ESPAÇO QUALIFICADO;NÃO SERIADA;23,5;;2026;;SALAS DE EXIBIÇÃO;NÃO;FILMES CAIPIRA LTDA;24.352.230/0001-88;SP;ARARAQUARA
BOLETIM - ESTRELAS DA CASA;B2600278500000;20/08/2026;DEFERIDO;REALITY-SHOW;;BRASILEIRA CONSTITUINTE DE ESPAÇO QUALIFICADO;SERIADA EM MÚLTIPLAS TEMPORADAS;360;90;2026;2026;COMUNICAÇÃO ELETRÔNICA DE MASSA POR ASSINATURA (TV PAGA);NÃO;GLOBO COMUNICACAO E PARTICIPACOES S/A;27.865.757/0001-02;RJ;RIO DE JANEIRO
BOLÃO DA FIRMA;B2600195200000;17/06/2026;DEFERIDO;FICÇÃO;;BRASILEIRA CONSTITUINTE DE ESPAÇO QUALIFICADO;NÃO SERIADA;90;;2025;;COMUNICAÇÃO ELETRÔNICA DE MASSA POR ASSINATURA (TV PAGA);NÃO;GLOBO COMUNICACAO E PARTICIPACOES S/A;27.865.757/0001-02;RJ;RIO DE JANEIRO
BOM ASTRAL;B2600080100000;17/03/2026;DEFERIDO;VARIEDADES;;BRASILEIRA CONSTITUINTE DE ESPAÇO QUALIFICADO;SERIADA DE DURAÇÃO INDETERMINADA;23400;260;2026;2026;COMUNICAÇÃO ELETRÔNICA DE MASSA POR ASSINATURA (TV PAGA);NÃO;DRIADE PRODUCOES AUDIOVISUAIS E COMERCIO LTDA;22.010.468/0001-08;SP;SÃO PAULO
BOM DE BÍBLIA;B2600040500000;10/02/2026;DEFERIDO;RELIGIOSA;;COMUM;SERIADA DE DURAÇÃO INDETERMINADA;5200;208;2026;2026;RADIODIFUSÃO DE SONS E IMAGENS (TV ABERTA);NÃO;TELEVISAO CACHOEIRA DO SUL LTDA;89.784.037/0001-61;RS;CACHOEIRA DO SUL
BOM DEMAIS;B2600265900000;12/08/2026;DEFERIDO;VÍDEOMUSICAL;;BRASILEIRA INDEPENDENTE CONSTITUINTE DE ESPAÇO QUALIFICADO;NÃO SERIADA;2,7;;2026;;COMUNICAÇÃO ELETRÔNICA DE MASSA POR ASSINATURA (TV PAGA);NÃO;35.765.186 VITÓRIA CORTÊS CALEFFI;35.765.186/0001-54;PR;MARINGÁ
BONITO DA VIDA É SE APAIXONAR;B2600137300000;28/04/2026;DEFERIDO;VÍDEOMUSICAL;;BRASILEIRA CONSTITUINTE DE ESPAÇO QUALIFICADO;NÃO SERIADA;1036;;2025;;OUTROS MERCADOS;NÃO;THA HOUSE COMPANY LTDA;40.108.244/0001-07;RJ;RIO DE JANEIRO
BONNY LONY & TOTÓ EM CHATO PRA CACHORRO;B2600128800000;24/04/2026;DEFERIDO;ANIMAÇÃO;;BRASILEIRA INDEPENDENTE CONSTITUINTE DE ESPAÇO QUALIFICADO;NÃO SERIADA;2,3;;2026;;OUTROS MERCADOS - AUDIOVISUAL EM CIRCUITO RESTRITO;NÃO;CAPUCCI PRODUCOES LTDA;31.740.433/0001-07;MG;SETE LAGOAS
BOOM!;B2600066400000;03/03/2026;DEFERIDO;REALITY-SHOW;;BRASILEIRA CONSTITUINTE DE ESPAÇO QUALIFICADO;SERIADA EM MÚLTIPLAS TEMPORADAS;1350;15;2026;2026;RADIODIFUSÃO DE SONS E IMAGENS (TV ABERTA);NÃO;RADIO E TELEVISAO RECORD S.A;60.628.369/0001-75;SP;SÃO PAULO
BOTA;B2600059700000;24/02/2026;DEFERIDO;VÍDEOMUSICAL;Registro de Eventos;BRASILEIRA CONSTITUINTE DE ESPAÇO QUALIFICADO;NÃO SERIADA;1,2;;2026;;COMUNICAÇÃO ELETRÔNICA DE MASSA POR ASSINATURA (TV PAGA);NÃO;BONDE RECORDS MUSIC LTDA;21.857.777/0001-47;RJ;RIO DE JANEIRO
BRASIL;B2600142300000;30/04/2026;DEFERIDO;VÍDEOMUSICAL;;BRASILEIRA INDEPENDENTE CONSTITUINTE DE ESPAÇO QUALIFICADO;NÃO SERIADA;3,6;;2026;;COMUNICAÇÃO ELETRÔNICA DE MASSA POR ASSINATURA (TV PAGA);NÃO;CAPITAL ENTERTAINMENT EDITORA E GRAVADORA LTDA;58.658.699/0001-61;SP;SÃO PAULO
BRASIL E OUTRAS HISTORIAS;B2600108200000;09/04/2026;DEFERIDO;DOCUMENTÁRIO;;BRASILEIRA INDEPENDENTE CONSTITUINTE DE ESPAÇO QUALIFICADO;SERIADA EM MÚLTIPLAS TEMPORADAS;240;8;2026;2026;COMUNICAÇÃO ELETRÔNICA DE MASSA POR ASSINATURA (TV PAGA);NÃO;AIUÊ PRODUTORA E EDITORA LTDA;09.225.539/0001-13;SP;SÃO PAULO
BRASIL EM FADE OUT;B2600269700000;18/08/2026;DEFERIDO;FICÇÃO;;BRASILEIRA INDEPENDENTE CONSTITUINTE DE ESPAÇO QUALIFICADO;NÃO SERIADA;5,9;;2026;;SALAS DE EXIBIÇÃO;NÃO;CAMILO FIGUEIRA MOREIRA;PESSOA FÍSICA;RJ;RIO DE JANEIRO
BRASIL FORA DO MAPA;B2600271100000;18/08/2026;DEFERIDO;DOCUMENTÁRIO;;BRASILEIRA INDEPENDENTE CONSTITUINTE DE ESPAÇO QUALIFICADO;SERIADA EM TEMPORADA ÚNICA;150;3;2026;2026;COMUNICAÇÃO ELETRÔNICA DE MASSA POR ASSINATURA (TV PAGA);NÃO;RED TERRA STUDIOS LTDA;10.378.423/0001-01;RJ;RIO DE JANEIRO
BRAZIL JAZZ SINFÔNICA;B2600064400000;02/03/2026;DEFERIDO;VARIEDADES;;BRASILEIRA CONSTITUINTE DE ESPAÇO QUALIFICADO;SERIADA EM MÚLTIPLAS TEMPORADAS;2420;44;2026;2026;RADIODIFUSÃO DE SONS E IMAGENS (TV ABERTA);NÃO;FUND PE ANCHIETA CENTRO PAULISTA RADIO E TV EDUCATIVAS;61.914.891/0001-86;SP;SÃO PAULO
BRAÇO FORTE;B2600251800000;29/07/2026;DEFERIDO;FICÇÃO;;BRASILEIRA INDEPENDENTE CONSTITUINTE DE ESPAÇO QUALIFICADO;NÃO SERIADA;24,4;;2026;;OUTROS MERCADOS;NÃO;MUTIRÃO FILMES LTDA;45.943.686/0001-92;RS;PELOTAS
BRENNO CASAGRANDE - MIL SAUDADES;B2600224500000;13/07/2026;DEFERIDO;VÍDEOMUSICAL;Registro de Eventos;BRASILEIRA INDEPENDENTE CONSTITUINTE DE ESPAÇO QUALIFICADO;NÃO SERIADA;2,9;;2026;;COMUNICAÇÃO ELETRÔNICA DE MASSA POR ASSINATURA (TV PAGA);NÃO;CORRERIA AGENCIA CRIATIVA LTDA;32.443.349/0001-94;BA;SALVADOR
BRENNO CASAGRANDE NA SALA DE CASA;B2600103800000;06/04/2026;DEFERIDO;VÍDEOMUSICAL;Registro de Eventos;BRASILEIRA CONSTITUINTE DE ESPAÇO QUALIFICADO;NÃO SERIADA;28;;2025;;COMUNICAÇÃO ELETRÔNICA DE MASSA POR ASSINATURA (TV PAGA);NÃO;CORRERIA AGENCIA CRIATIVA LTDA;32.443.349/0001-94;BA;SALVADOR
BREVE;B2600263000000;07/08/2026;DEFERIDO;DOCUMENTÁRIO;;BRASILEIRA INDEPENDENTE CONSTITUINTE DE ESPAÇO QUALIFICADO;NÃO SERIADA;20;;2026;;NENHUMA DAS OPÇÕES;NÃO;58.507.358 WERDEN TAVARES PINHEIRO;58.507.358/0001-95;SE;ARACAJU
BREVE ROMANCE DE SONHO;B2600145800000;05/05/2026;DEFERIDO;FICÇÃO;Erótico/Pornográfica;COMUM;NÃO SERIADA;61;;2026;;COMUNICAÇÃO ELETRÔNICA DE MASSA POR ASSINATURA (TV PAGA);NÃO;LUZ VERMELHA FILMES - PRODUTORA DE CINEMA E VÍDEO LTDA;09.152.063/0001-38;SP;SÃO PAULO
BRISA;B2600262000000;07/08/2026;DEFERIDO;VÍDEOMUSICAL;Registro de Eventos;BRASILEIRA INDEPENDENTE CONSTITUINTE DE ESPAÇO QUALIFICADO;NÃO SERIADA;5,5;;2025;;NENHUMA DAS OPÇÕES;NÃO;RIBEIRO FILMES E PRODUCOES LTDA;24.718.257/0001-41;RN;MOSSORÓ
BRISA DE OUTONO - GABRIEL SATER - FEAT. ERIC SILVER - VIDEO CLIPE OFICIAL;B2600216000000;07/07/2026;DEFERIDO;VÍDEOMUSICAL;Registro de Eventos;BRASILEIRA INDEPENDENTE CONSTITUINTE DE ESPAÇO QUALIFICADO;NÃO SERIADA;228;;2026;;COMUNICAÇÃO ELETRÔNICA DE MASSA POR ASSINATURA (TV PAGA);NÃO;SATER & CUNHA EVENTOS E SERVICOS LTDA;14.597.229/0001-60;SP;MAIRIPORÃ
BROTHERS AND DREAMS;B2600009800000;13/01/2026;DEFERIDO;VÍDEOMUSICAL;Registro de Eventos;BRASILEIRA INDEPENDENTE CONSTITUINTE DE ESPAÇO QUALIFICADO;NÃO SERIADA;2,8;;2026;;COMUNICAÇÃO ELETRÔNICA DE MASSA POR ASSINATURA (TV PAGA);NÃO;GABRIELA RICCIARDI CASERTA;42.271.245/0001-01;SP;SÃO PAULO
BRUCE SPIKE E A MISSÃO NOTURNA CONTRA O MEDO;B2600197200000;18/06/2026;DEFERIDO;ANIMAÇÃO;;BRASILEIRA INDEPENDENTE CONSTITUINTE DE ESPAÇO QUALIFICADO;NÃO SERIADA;9,4;;2026;;SALAS DE EXIBIÇÃO;NÃO;PARALELO 15 FILMES LTDA;30.284.248/0001-92;MT;CUIABÁ
BRUXINHA SAFADA;B2600223400000;10/07/2026;DEFERIDO;FICÇÃO;Erótico/Pornográfica;COMUM;NÃO SERIADA;78,8;;2026;;COMUNICAÇÃO ELETRÔNICA DE MASSA POR ASSINATURA (TV PAGA);NÃO;LUZ VERMELHA FILMES - PRODUTORA DE CINEMA E VÍDEO LTDA;09.152.063/0001-38;SP;SÃO PAULO
BUENOSAIRES;B2600157900000;14/05/2026;DEFERIDO;DOCUMENTÁRIO;;BRASILEIRA INDEPENDENTE CONSTITUINTE DE ESPAÇO QUALIFICADO;NÃO SERIADA;70,1;;2026;;SALAS DE EXIBIÇÃO;NÃO;GARIMPO - PRODUÇÃO AUDIOVISUAL, CULTURAL E COMUNICAÇÃO LTDA;09.257.828/0001-02;PE;RECIFE
BURNOUT PARADISE - SUFOCO;B2600102700000;02/04/2026;DEFERIDO;VÍDEOMUSICAL;;BRASILEIRA CONSTITUINTE DE ESPAÇO QUALIFICADO;NÃO SERIADA;4,4;;2026;;NENHUMA DAS OPÇÕES;NÃO;MOCA COMUNICACAO E ENTRETENIMENTO LTDA - ME;22.682.089/0001-56;PR;UNIÃO DA VITÓRIA
BUSCAR O AMANHÃ - MAUI, 2ZDINIZZ & CHEDIAK;B2600040800000;10/02/2026;DEFERIDO;VÍDEOMUSICAL;Registro de Eventos;BRASILEIRA INDEPENDENTE CONSTITUINTE DE ESPAÇO QUALIFICADO;NÃO SERIADA;2,8;;2025;;COMUNICAÇÃO ELETRÔNICA DE MASSA POR ASSINATURA (TV PAGA);NÃO;DECK PRODUÇÕES ARTÍSTICAS LTDA;30.253.090/0001-93;RJ;RIO DE JANEIRO
BÍBLIA FÁCIL;B2600014300000;16/01/2026;DEFERIDO;RELIGIOSA;;COMUM;SERIADA EM MÚLTIPLAS TEMPORADAS;2912;52;2026;2026;RADIODIFUSÃO DE SONS E IMAGENS (TV ABERTA);NÃO;TELEVISAO CACHOEIRA DO SUL LTDA;89.784.037/0001-61;RS;CACHOEIRA DO SUL
BÚFALA;B2600036700000;06/02/2026;DEFERIDO;FICÇÃO;;BRASILEIRA INDEPENDENTE CONSTITUINTE DE ESPAÇO QUALIFICADO;NÃO SERIADA;8,8;;2026;;SALAS DE EXIBIÇÃO;NÃO;DAFUQ FILMES LTDA;19.153.140/0001-28;GO;GOIÂNIA
CABEÇA DE CABAÇAS;B2600111400000;13/04/2026;DEFERIDO;FICÇÃO;;BRASILEIRA INDEPENDENTE CONSTITUINTE DE ESPAÇO QUALIFICADO;NÃO SERIADA;6;;2026;;OUTROS MERCADOS;NÃO;KEILA DOS SANTOS SERRUYA;20.095.488/0001-95;AM;MANAUS
CABEÇA DE PACU;B2600245900000;28/07/2026;DEFERIDO;FICÇÃO;;BRASILEIRA INDEPENDENTE CONSTITUINTE DE ESPAÇO QUALIFICADO;NÃO SERIADA;23,0;;2026;;SALAS DE EXIBIÇÃO;NÃO;PARALELO 15 FILMES LTDA;30.284.248/0001-92;MT;CUIABÁ
CABEÇA VAZIA;B2600168600000;23/05/2026;DEFERIDO;VÍDEOMUSICAL;;BRASILEIRA INDEPENDENTE CONSTITUINTE DE ESPAÇO QUALIFICADO;NÃO SERIADA;1,9;;2026;;COMUNICAÇÃO ELETRÔNICA DE MASSA POR ASSINATURA (TV PAGA);NÃO;SE ASSESSORIA LTDA;31.042.979/0001-94;SP;SÃO PAULO
CABOCLA TUPINAMBÁ;B2600118600000;16/04/2026;DEFERIDO;VÍDEOMUSICAL;Registro de Eventos;BRASILEIRA INDEPENDENTE CONSTITUINTE DE ESPAÇO QUALIFICADO;NÃO SERIADA;2,2;;2019;;SALAS DE EXIBIÇÃO;NÃO;GUAJUPIA FILMES LTDA;50.205.115/0001-90;RJ;RIO DE JANEIRO
CACHAÇA, O ESPÍRITO BRASILEIRO;B2600007700000;09/01/2026;DEFERIDO;DOCUMENTÁRIO;;BRASILEIRA INDEPENDENTE CONSTITUINTE DE ESPAÇO QUALIFICADO;NÃO SERIADA;82,3;;2026;;COMUNICAÇÃO ELETRÔNICA DE MASSA POR ASSINATURA (TV PAGA);NÃO;IMMAGINI ANIMATION STUDIOS BRASIL LTDA;09.325.623/0001-09;MG;BELO HORIZONTE
CACHORRO ORELHA;B2600078400000;16/03/2026;DEFERIDO;ANIMAÇÃO;;BRASILEIRA INDEPENDENTE CONSTITUINTE DE ESPAÇO QUALIFICADO;NÃO SERIADA;4;;2026;;SALAS DE EXIBIÇÃO;NÃO;BRUNNO RODRIGUES SILVA;PESSOA FÍSICA;SP;SÃO PAULO
CACICA JAQUELINE HAYWÃ;B2600199100000;19/06/2026;DEFERIDO;DOCUMENTÁRIO;;BRASILEIRA INDEPENDENTE CONSTITUINTE DE ESPAÇO QUALIFICADO;NÃO SERIADA;71,3;;2026;;SALAS DE EXIBIÇÃO;NÃO;MARIN & ANDRADE PRODUCOES CULTURAIS E ARTISTICAS LTDA;12.496.114/0001-53;SP;SANTO ANDRÉ
CACIQUE RAONI;B2600072900000;10/03/2026;DEFERIDO;DOCUMENTÁRIO;;BRASILEIRA INDEPENDENTE CONSTITUINTE DE ESPAÇO QUALIFICADO;NÃO SERIADA;28,9;;2026;;SALAS DE EXIBIÇÃO;NÃO;XINGU FILMES PRODUCOES CINEMATOGRAFICAS LTDA;26.499.838/0001-65;MT;CANARANA
CACOS;B2600067100000;04/03/2026;DEFERIDO;FICÇÃO;;BRASILEIRA INDEPENDENTE CONSTITUINTE DE ESPAÇO QUALIFICADO;NÃO SERIADA;13,1;;2026;;OUTROS MERCADOS;NÃO;INSTITUTO QUERO;10.227.433/0001-38;SP;SANTOS
CADA MOMENTO;B2600227300000;14/07/2026;DEFERIDO;VÍDEOMUSICAL;;BRASILEIRA INDEPENDENTE CONSTITUINTE DE ESPAÇO QUALIFICADO;NÃO SERIADA;3,4;;2022;;COMUNICAÇÃO ELETRÔNICA DE MASSA POR ASSINATURA (TV PAGA);NÃO;MAURICIO DE SOUZA ORTIZ JUNIOR;PESSOA FÍSICA;SP;ARARAQUARA
CADEIRA VAZIA;B2600250800000;29/07/2026;DEFERIDO;FICÇÃO;;BRASILEIRA INDEPENDENTE CONSTITUINTE DE ESPAÇO QUALIFICADO;NÃO SERIADA;19,4;;2026;;OUTROS MERCADOS;NÃO;MARCO DONIZETE PAULINO DA SILVA;PESSOA FÍSICA;SP;SÃO CARLOS
CAFÉ E OUTRAS PESSOAS;B2600272700000;18/08/2026;DEFERIDO;FICÇÃO;;BRASILEIRA INDEPENDENTE CONSTITUINTE DE ESPAÇO QUALIFICADO;NÃO SERIADA;98,0;;2026;;SALAS DE EXIBIÇÃO;NÃO;MOVIDA PRODUTORA DE CONTEÚDO LTDA;14.625.536/0001-07;BA;CACHOEIRA
CAIPORA;B2600205400000;24/06/2026;DEFERIDO;FICÇÃO;;BRASILEIRA INDEPENDENTE CONSTITUINTE DE ESPAÇO QUALIFICADO;NÃO SERIADA;100,8;;2026;;SALAS DE EXIBIÇÃO;NÃO;OTAKE PRODUCOES LTDA;42.502.991/0001-50;SP;GUARULHOS
CAIR EM SI;B2600071000000;06/03/2026;DEFERIDO;VÍDEOMUSICAL;Registro de Eventos;BRASILEIRA INDEPENDENTE CONSTITUINTE DE ESPAÇO QUALIFICADO;NÃO SERIADA;4,3;;2025;;RADIODIFUSÃO DE SONS E IMAGENS (TV ABERTA);NÃO;WAVES SOUND RECORD EDITORA E GRAVADORA LTDA;22.155.359/0001-70;RJ;RIO DE JANEIRO
CAIU NA PEGADINHA;B2600039400000;10/02/2026;DEFERIDO;VARIEDADES;;BRASILEIRA CONSTITUINTE DE ESPAÇO QUALIFICADO;NÃO SERIADA;300;;2026;;RADIODIFUSÃO DE SONS E IMAGENS (TV ABERTA);NÃO;TV OMEGA LTDA.;02.131.538/0001-60;SP;OSASCO
CAIXA DE MÚSICA;B2600016400000;19/01/2026;DEFERIDO;VÍDEOMUSICAL;Registro de Eventos;BRASILEIRA CONSTITUINTE DE ESPAÇO QUALIFICADO;SERIADA DE DURAÇÃO INDETERMINADA;13520;260;2026;2026;RADIODIFUSÃO DE SONS E IMAGENS (TV ABERTA);NÃO;TELEVISAO CACHOEIRA DO SUL LTDA;89.784.037/0001-61;RS;CACHOEIRA DO SUL
CAIÇARA VERMELHA;B2600085700000;20/03/2026;DEFERIDO;ANIMAÇÃO;;BRASILEIRA CONSTITUINTE DE ESPAÇO QUALIFICADO;NÃO SERIADA;5,5;;2026;;OUTROS MERCADOS;NÃO;SIMONE MICHELIN;PESSOA FÍSICA;SP;SÃO PAULO
CAJADO DE MOISÉS;B2600177600000;28/05/2026;DEFERIDO;VÍDEOMUSICAL;Registro de Eventos;BRASILEIRA INDEPENDENTE CONSTITUINTE DE ESPAÇO QUALIFICADO;NÃO SERIADA;2,8;;2026;;COMUNICAÇÃO ELETRÔNICA DE MASSA POR ASSINATURA (TV PAGA);NÃO;FELIPE UNGARETTI ENGRACIA DE FARIA;PESSOA FÍSICA;SP;RIBEIRÃO PRETO
CALDEIRÃO COM MION 2026;B2600000600000;02/01/2026;DEFERIDO;PROGRAMA DE AUDITÓRIO ANCORADO POR APRESENTADOR;;COMUM;SERIADA EM MÚLTIPLAS TEMPORADAS;7540;52;2026;2026;RADIODIFUSÃO DE SONS E IMAGENS (TV ABERTA);NÃO;GLOBO COMUNICACAO E PARTICIPACOES S/A;27.865.757/0001-02;RJ;RIO DE JANEIRO
CAM GIRL;B2600216500000;07/07/2026;DEFERIDO;VÍDEOMUSICAL;Registro de Eventos;BRASILEIRA CONSTITUINTE DE ESPAÇO QUALIFICADO;NÃO SERIADA;3,3;;2025;;COMUNICAÇÃO ELETRÔNICA DE MASSA POR ASSINATURA (TV PAGA);NÃO;BONDE RECORDS MUSIC LTDA;21.857.777/0001-47;RJ;RIO DE JANEIRO
CAMADAS;B2600113000000;15/04/2026;DEFERIDO;FICÇÃO;;BRASILEIRA CONSTITUINTE DE ESPAÇO QUALIFICADO;NÃO SERIADA;19,5;;2026;;OUTROS MERCADOS - AUDIOVISUAL EM CIRCUITO RESTRITO;NÃO;CAIO ARAUJO RIBEIRO;PESSOA FÍSICA;SP;SÃO PAULO
CAMAROTE SOLIDARIO 2026: SOLIDARIEDADE E CIDADANIA;B2600263500000;09/08/2026;DEFERIDO;JORNALÍSTICA;;COMUM;NÃO SERIADA;29,3;;2026;;OUTROS MERCADOS;NÃO;ENCONTRO INFORMAL COMUNICACAO E SERVICOS LTDA;00.035.199/0001-93;SP;SÃO PAULO
CAMINHO;B2600182200000;02/06/2026;DEFERIDO;FICÇÃO;;BRASILEIRA INDEPENDENTE CONSTITUINTE DE ESPAÇO QUALIFICADO;NÃO SERIADA;18,1;;2026;;OUTROS MERCADOS - AUDIOVISUAL EM CIRCUITO RESTRITO;NÃO;HUGO OLIVEIRA DA SILVA;PESSOA FÍSICA;RJ;NOVA IGUAÇU
CAMINHO;B2600183600000;03/06/2026;DEFERIDO;DOCUMENTÁRIO;;BRASILEIRA INDEPENDENTE CONSTITUINTE DE ESPAÇO QUALIFICADO;NÃO SERIADA;73,9;;2026;;OUTROS MERCADOS - VÍDEO POR DEMANDA;NÃO;EDITORA CAMINHO LTDA;96.248.406/0001-67;SP;SÃO PAULO
CAMINHOS DA FOLIA;B2600075400000;12/03/2026;DEFERIDO;DOCUMENTÁRIO;;BRASILEIRA CONSTITUINTE DE ESPAÇO QUALIFICADO;NÃO SERIADA;71,2;;2026;;VIDEO DOMÉSTICO;NÃO;THAIS RODRIGUES MORAIS ***********;35.072.084/0001-53;SP;MAUÁ
CAMINHOS DA REDENÇÃO;B2600157400000;14/05/2026;DEFERIDO;FICÇÃO;;BRASILEIRA INDEPENDENTE CONSTITUINTE DE ESPAÇO QUALIFICADO;NÃO SERIADA;76,4;;2026;;SALAS DE EXIBIÇÃO;NÃO;PERSONA FILMES LTDA;02.501.714/0001-09;MG;BELO HORIZONTE
CAMINHOS DE ORGULHO;B2600153700000;11/05/2026;DEFERIDO;DOCUMENTÁRIO;;BRASILEIRA INDEPENDENTE CONSTITUINTE DE ESPAÇO QUALIFICADO;SERIADA EM TEMPORADA ÚNICA;184,6;7;2026;2026;COMUNICAÇÃO ELETRÔNICA DE MASSA POR ASSINATURA (TV PAGA);NÃO;ORUM TUPI FILMES E PRODUTORA CULTURAL;19.302.796/0001-65;PE;RECIFE
CAMINHOS ILUMINADOS;B2600088300000;24/03/2026;DEFERIDO;ANIMAÇÃO;;BRASILEIRA INDEPENDENTE CONSTITUINTE DE ESPAÇO QUALIFICADO;NÃO SERIADA;22,3;;2026;;OUTROS MERCADOS - VÍDEO POR DEMANDA;NÃO;57.054.284 GABRIEL FRANCISCO LOPES DA SILVA GAZETA;57.054.284/0001-16;SP;CAFELÂNDIA
CAMOMILA;B2600202800000;23/06/2026;DEFERIDO;VÍDEOMUSICAL;;BRASILEIRA INDEPENDENTE CONSTITUINTE DE ESPAÇO QUALIFICADO;NÃO SERIADA;3,9;;2026;;COMUNICAÇÃO ELETRÔNICA DE MASSA POR ASSINATURA (TV PAGA);NÃO;HENRIQUE GARCIA RONCOLETTA;PESSOA FÍSICA;SP;JUNDIAÍ
CAMPEONATO BRASILEIRO 2026;B2600020400000;23/01/2026;DEFERIDO;MANIFESTAÇÕES E EVENTOS ESPORTIVOS;;COMUM;SERIADA EM TEMPORADA ÚNICA;4560;38;2026;2026;RADIODIFUSÃO DE SONS E IMAGENS (TV ABERTA);NÃO;RADIO E TELEVISAO RECORD S.A;60.628.369/0001-75;SP;SÃO PAULO
CAMPEONATO PAULISTA 2026;B2600001700000;05/01/2026;DEFERIDO;MANIFESTAÇÕES E EVENTOS ESPORTIVOS;;COMUM;SERIADA EM TEMPORADA ÚNICA;2400;20;2026;2026;RADIODIFUSÃO DE SONS E IMAGENS (TV ABERTA);NÃO;RADIO E TELEVISAO RECORD S.A;60.628.369/0001-75;SP;SÃO PAULO
CAMPO MINADO-OBTUS;B2600099300000;30/03/2026;DEFERIDO;VÍDEOMUSICAL;Registro de Eventos;BRASILEIRA INDEPENDENTE CONSTITUINTE DE ESPAÇO QUALIFICADO;NÃO SERIADA;2,2;;2011;;RADIODIFUSÃO DE SONS E IMAGENS (TV ABERTA);NÃO;MADRE FILMES PRODUÇÕES AUDIOVISUAIS LTDA.;12.803.014/0001-22;PI;TERESINA
CANCIONEIRAS - EMBARCAÇÕES POÉTICAS;B2600223700000;10/07/2026;DEFERIDO;DOCUMENTÁRIO;;BRASILEIRA CONSTITUINTE DE ESPAÇO QUALIFICADO;NÃO SERIADA;13,3;;2026;;SALAS DE EXIBIÇÃO;NÃO;ELAINE REGINA BOMFIM GOMES;PESSOA FÍSICA;SE;BARRA DOS COQUEIROS
CANGAÇO MERCEEIRO;B2600181400000;01/06/2026;DEFERIDO;FICÇÃO;;BRASILEIRA INDEPENDENTE CONSTITUINTE DE ESPAÇO QUALIFICADO;NÃO SERIADA;116,5;;2026;;SALAS DE EXIBIÇÃO;NÃO;JOSÉ ROBERTO DE OLIVEIRA BRAGA;PESSOA FÍSICA;CE;FORTALEZA
CANTA CANTA 2A. TEMPORADA;B2600178700000;28/05/2026;DEFERIDO;ANIMAÇÃO;;BRASILEIRA CONSTITUINTE DE ESPAÇO QUALIFICADO;SERIADA EM MÚLTIPLAS TEMPORADAS;1250;250;2026;2026;COMUNICAÇÃO ELETRÔNICA DE MASSA POR ASSINATURA (TV PAGA);NÃO;NIRVANA TECNOLOGIA DIGITAL LTDA;24.815.120/0001-05;SP;SÃO PAULO
CANTA COMIGO TEEN 6;B2600225500000;13/07/2026;DEFERIDO;REALITY-SHOW;;BRASILEIRA CONSTITUINTE DE ESPAÇO QUALIFICADO;SERIADA EM MÚLTIPLAS TEMPORADAS;1120;16;2026;2026;RADIODIFUSÃO DE SONS E IMAGENS (TV ABERTA);NÃO;RADIO E TELEVISAO RECORD S.A;60.628.369/0001-75;SP;SÃO PAULO
CANTO DA TERRA;B2600105200000;07/04/2026;DEFERIDO;DOCUMENTÁRIO;;BRASILEIRA CONSTITUINTE DE ESPAÇO QUALIFICADO;NÃO SERIADA;20;;2026;;SALAS DE EXIBIÇÃO;NÃO;DANILO DE FATIMA TEIXEIRA DOS SANTOS;PESSOA FÍSICA;MG;UBERLÂNDIA
CANTO DE ACAUÃ;B2600065900000;03/03/2026;DEFERIDO;DOCUMENTÁRIO;;BRASILEIRA INDEPENDENTE CONSTITUINTE DE ESPAÇO QUALIFICADO;NÃO SERIADA;20,0;;2025;;SALAS DE EXIBIÇÃO;NÃO;42.010.695 JAYNE LUCAS PEREIRA;42.010.695/0001-32;RN;NATAL
CANTO DOS OSSOS;B2600162800000;19/05/2026;DEFERIDO;FICÇÃO;;BRASILEIRA INDEPENDENTE CONSTITUINTE DE ESPAÇO QUALIFICADO;NÃO SERIADA;89,0;;2026;;SALAS DE EXIBIÇÃO;NÃO;LAMBEOLHOS PRODUCOES LTDA;29.960.990/0001-91;CE;FORTALEZA
CANTO XIII - CANTO DOS ESCRAVOS;B2600152000000;08/05/2026;DEFERIDO;VÍDEOMUSICAL;Registro de Eventos;BRASILEIRA INDEPENDENTE CONSTITUINTE DE ESPAÇO QUALIFICADO;NÃO SERIADA;4,4;;2025;;OUTROS MERCADOS;NÃO;EDVAN RIBAS DE LIMA;PESSOA FÍSICA;GO;CIDADE OCIDENTAL
CAPADÓCIA;B2600148900000;06/05/2026;DEFERIDO;FICÇÃO;;BRASILEIRA INDEPENDENTE CONSTITUINTE DE ESPAÇO QUALIFICADO;NÃO SERIADA;19,5;;2026;;SALAS DE EXIBIÇÃO;NÃO;ARIEL CRISTIAN ANDRADE REZENDE;PESSOA FÍSICA;MG;SÃO GONÇALO DO SAPUCAÍ
CAPIM;B2600221200000;09/07/2026;DEFERIDO;DOCUMENTÁRIO;;BRASILEIRA INDEPENDENTE CONSTITUINTE DE ESPAÇO QUALIFICADO;NÃO SERIADA;17,3;;2026;;SALAS DE EXIBIÇÃO;NÃO;PARALELO 15 FILMES LTDA;30.284.248/0001-92;MT;CUIABÁ
CAPIM DOURADO;B2600176500000;27/05/2026;DEFERIDO;VÍDEOMUSICAL;;BRASILEIRA INDEPENDENTE CONSTITUINTE DE ESPAÇO QUALIFICADO;NÃO SERIADA;4,4;;2026;;COMUNICAÇÃO ELETRÔNICA DE MASSA POR ASSINATURA (TV PAGA);NÃO;AGOGO CULTURAL LTDA;16.417.384/0001-82;SP;SÃO PAULO
CAPIM-NAVALHA - 2025;B2600265500000;11/08/2026;DEFERIDO;DOCUMENTÁRIO;;BRASILEIRA INDEPENDENTE CONSTITUINTE DE ESPAÇO QUALIFICADO;NÃO SERIADA;90;;2025;;NENHUMA DAS OPÇÕES;NÃO;MICHELLE QUEIROZ FERREIRA ***********;40.197.309/0001-38;GO;ALTO PARAÍSO DE GOIÁS
CAPITAL MOTO WEEK - MELHORES MOMENTOS;B2600231500000;17/07/2026;DEFERIDO;VÍDEOMUSICAL;Registro de Eventos;BRASILEIRA CONSTITUINTE DE ESPAÇO QUALIFICADO;NÃO SERIADA;40;;2026;;RADIODIFUSÃO DE SONS E IMAGENS (TV ABERTA);NÃO;GLOBO COMUNICACAO E PARTICIPACOES S/A;27.865.757/0001-02;RJ;RIO DE JANEIRO
CAPITAL MOTO WEEK 2026;B2600219900000;09/07/2026;DEFERIDO;VARIEDADES;;BRASILEIRA CONSTITUINTE DE ESPAÇO QUALIFICADO;SERIADA EM TEMPORADA ÚNICA;280;7;2026;2026;RADIODIFUSÃO DE SONS E IMAGENS (TV ABERTA);NÃO;GLOBO COMUNICACAO E PARTICIPACOES S/A;27.865.757/0001-02;RJ;RIO DE JANEIRO
CAPITAL MOTO WEEK EM MOVIMENTO 2026;B2600217100000;07/07/2026;DEFERIDO;VARIEDADES;;BRASILEIRA CONSTITUINTE DE ESPAÇO QUALIFICADO;NÃO SERIADA;40;;2026;;RADIODIFUSÃO DE SONS E IMAGENS (TV ABERTA);NÃO;GLOBO COMUNICACAO E PARTICIPACOES S/A;27.865.757/0001-02;RJ;RIO DE JANEIRO
CARACÓIS;B2600033700000;04/02/2026;DEFERIDO;FICÇÃO;;BRASILEIRA CONSTITUINTE DE ESPAÇO QUALIFICADO;NÃO SERIADA;10,7;;2026;;SALAS DE EXIBIÇÃO;NÃO;BROWN WOLF PRODUÇÕES E TECNOLOGIA LTDA;44.014.254/0001-34;MT;CUIABÁ
CARAS BEM ESTAR;B2600140500000;30/04/2026;DEFERIDO;JORNALÍSTICA;;COMUM;SERIADA DE DURAÇÃO INDETERMINADA;6000;200;2025;2025;COMUNICAÇÃO ELETRÔNICA DE MASSA POR ASSINATURA (TV PAGA);NÃO;SPRING PUBLICAÇÕES LTDA.;08.234.482/0001-56;SP;SÃO PAULO
CARAS BUSINESS;B2600028000000;30/01/2026;DEFERIDO;JORNALÍSTICA;;COMUM;SERIADA DE DURAÇÃO INDETERMINADA;3660;183;2026;2026;COMUNICAÇÃO ELETRÔNICA DE MASSA POR ASSINATURA (TV PAGA);NÃO;SPRING PUBLICAÇÕES LTDA.;08.234.482/0001-56;SP;SÃO PAULO
CARAS COBERTURA;B2600203300000;23/06/2026;DEFERIDO;JORNALÍSTICA;;COMUM;SERIADA DE DURAÇÃO INDETERMINADA;1500;100;2026;2026;COMUNICAÇÃO ELETRÔNICA DE MASSA POR ASSINATURA (TV PAGA);NÃO;SPRING PUBLICAÇÕES LTDA.;08.234.482/0001-56;SP;SÃO PAULO
CARAS COZINHA DO CAMPO;B2600023800000;27/01/2026;DEFERIDO;VARIEDADES;;BRASILEIRA CONSTITUINTE DE ESPAÇO QUALIFICADO;SERIADA DE DURAÇÃO INDETERMINADA;2500;100;2025;2026;COMUNICAÇÃO ELETRÔNICA DE MASSA POR ASSINATURA (TV PAGA);NÃO;SPRING PUBLICAÇÕES LTDA.;08.234.482/0001-56;SP;SÃO PAULO
CARAS DOC INTERNACIONAL;B2600148100000;05/05/2026;DEFERIDO;DOCUMENTÁRIO;;BRASILEIRA CONSTITUINTE DE ESPAÇO QUALIFICADO;SERIADA EM TEMPORADA ÚNICA;450;30;2026;2026;COMUNICAÇÃO ELETRÔNICA DE MASSA POR ASSINATURA (TV PAGA);NÃO;SPRING PUBLICAÇÕES LTDA.;08.234.482/0001-56;SP;SÃO PAULO
CARAS FASHION;B2600140400000;30/04/2026;DEFERIDO;VARIEDADES;;BRASILEIRA CONSTITUINTE DE ESPAÇO QUALIFICADO;SERIADA DE DURAÇÃO INDETERMINADA;6000;200;2025;2025;COMUNICAÇÃO ELETRÔNICA DE MASSA POR ASSINATURA (TV PAGA);NÃO;SPRING PUBLICAÇÕES LTDA.;08.234.482/0001-56;SP;SÃO PAULO
CARAS GEN Z;B2600238000000;22/07/2026;DEFERIDO;VARIEDADES;;BRASILEIRA CONSTITUINTE DE ESPAÇO QUALIFICADO;SERIADA DE DURAÇÃO INDETERMINADA;1950;50;2026;2026;COMUNICAÇÃO ELETRÔNICA DE MASSA POR ASSINATURA (TV PAGA);NÃO;SPRING PUBLICAÇÕES LTDA.;08.234.482/0001-56;SP;SÃO PAULO
CARAS LIFESTYLE;B2600279300000;21/08/2026;DEFERIDO;VARIEDADES;;BRASILEIRA CONSTITUINTE DE ESPAÇO QUALIFICADO;SERIADA EM MÚLTIPLAS TEMPORADAS;4000;160;2026;2026;COMUNICAÇÃO ELETRÔNICA DE MASSA POR ASSINATURA (TV PAGA);NÃO;NIRVANA TECNOLOGIA DIGITAL LTDA;24.815.120/0001-05;SP;SÃO PAULO
CARAS VIAGEM;B2600279200000;21/08/2026;DEFERIDO;VARIEDADES;;BRASILEIRA CONSTITUINTE DE ESPAÇO QUALIFICADO;SERIADA EM MÚLTIPLAS TEMPORADAS;4800;160;2026;2026;COMUNICAÇÃO ELETRÔNICA DE MASSA POR ASSINATURA (TV PAGA);NÃO;NIRVANA TECNOLOGIA DIGITAL LTDA;24.815.120/0001-05;SP;SÃO PAULO
CARAVANA INTERNACIONAL DA MODA SEXTA TEMPORADA;B2600147100000;05/05/2026;DEFERIDO;VARIEDADES;;BRASILEIRA INDEPENDENTE CONSTITUINTE DE ESPAÇO QUALIFICADO;SERIADA EM MÚLTIPLAS TEMPORADAS;125;5;2025;2025;COMUNICAÇÃO ELETRÔNICA DE MASSA POR ASSINATURA (TV PAGA);NÃO;MAURENTE LTDA;38.316.706/0001-30;SC;JOINVILLE
CARDO;B2600068900000;05/03/2026;DEFERIDO;FICÇÃO;;BRASILEIRA INDEPENDENTE CONSTITUINTE DE ESPAÇO QUALIFICADO;NÃO SERIADA;20;;2026;;SALAS DE EXIBIÇÃO;NÃO;GUILHERME COMERCIO DE FILMES CINEMATROGRAFICOS LTDA;37.597.364/0001-00;RS;PORTO ALEGRE
CARIRI 100 CARNAVAIS;B2600087000000;23/03/2026;DEFERIDO;DOCUMENTÁRIO;;BRASILEIRA INDEPENDENTE CONSTITUINTE DE ESPAÇO QUALIFICADO;NÃO SERIADA;81,2;;2026;;SALAS DE EXIBIÇÃO;NÃO;VILAREJO FILMES LTDA ME;19.305.367/0001-41;PE;RECIFE
CARNAUOL 2026;B2600021100000;23/01/2026;DEFERIDO;VARIEDADES;;BRASILEIRA CONSTITUINTE DE ESPAÇO QUALIFICADO;SERIADA EM MÚLTIPLAS TEMPORADAS;338;13;2026;2026;COMUNICAÇÃO ELETRÔNICA DE MASSA POR ASSINATURA (TV PAGA);NÃO;UNIVERSO ONLINE S.A.;01.109.184/0001-95;SP;SÃO PAULO
CARNAVAL DA SABRINA - 5ª TEMPORADA;B2600016700000;19/01/2026;DEFERIDO;VARIEDADES;;BRASILEIRA CONSTITUINTE DE ESPAÇO QUALIFICADO;SERIADA EM MÚLTIPLAS TEMPORADAS;180;6;2026;2026;COMUNICAÇÃO ELETRÔNICA DE MASSA POR ASSINATURA (TV PAGA);NÃO;GLOBO COMUNICACAO E PARTICIPACOES S/A;27.865.757/0001-02;RJ;RIO DE JANEIRO
CARNAVAL DE PERNAMBUCO GERAÇÕES;B2600068600000;05/03/2026;DEFERIDO;VÍDEOMUSICAL;;BRASILEIRA CONSTITUINTE DE ESPAÇO QUALIFICADO;NÃO SERIADA;26;;2026;;RADIODIFUSÃO DE SONS E IMAGENS (TV ABERTA);NÃO;GLOBO COMUNICACAO E PARTICIPACOES S/A;27.865.757/0001-02;RJ;RIO DE JANEIRO
CARNAVAL DOS SONHOS;B2600040600000;10/02/2026;DEFERIDO;DOCUMENTÁRIO;;BRASILEIRA CONSTITUINTE DE ESPAÇO QUALIFICADO;NÃO SERIADA;35;;2026;;RADIODIFUSÃO DE SONS E IMAGENS (TV ABERTA);NÃO;GLOBO COMUNICACAO E PARTICIPACOES S/A;27.865.757/0001-02;RJ;RIO DE JANEIRO
CARNAVAL RJ;B2600042700000;11/02/2026;DEFERIDO;VARIEDADES;;BRASILEIRA CONSTITUINTE DE ESPAÇO QUALIFICADO;NÃO SERIADA;60;;2026;;RADIODIFUSÃO DE SONS E IMAGENS (TV ABERTA);NÃO;GLOBO COMUNICACAO E PARTICIPACOES S/A;27.865.757/0001-02;RJ;RIO DE JANEIRO
CARNAVAL SP;B2600042600000;11/02/2026;DEFERIDO;VARIEDADES;;BRASILEIRA CONSTITUINTE DE ESPAÇO QUALIFICADO;NÃO SERIADA;480;;2026;;RADIODIFUSÃO DE SONS E IMAGENS (TV ABERTA);NÃO;GLOBO COMUNICACAO E PARTICIPACOES S/A;27.865.757/0001-02;RJ;RIO DE JANEIRO
CARPACCIO;B2600181500000;01/06/2026;DEFERIDO;FICÇÃO;;BRASILEIRA INDEPENDENTE CONSTITUINTE DE ESPAÇO QUALIFICADO;NÃO SERIADA;10,1;;2026;;OUTROS MERCADOS - AUDIOVISUAL EM CIRCUITO RESTRITO;NÃO;ARCADIA PRODUÇÕES LTDA;55.673.492/0001-78;RJ;RIO DE JANEIRO
CARREGANDO PEDRAS;B2600035200000;05/02/2026;DEFERIDO;VÍDEOMUSICAL;;BRASILEIRA INDEPENDENTE CONSTITUINTE DE ESPAÇO QUALIFICADO;NÃO SERIADA;5,4;;2026;;COMUNICAÇÃO ELETRÔNICA DE MASSA POR ASSINATURA (TV PAGA);NÃO;HENRIQUE GARCIA RONCOLETTA;PESSOA FÍSICA;SP;JUNDIAÍ
CARRINHO DE MADEIRA;B2600182700000;02/06/2026;DEFERIDO;FICÇÃO;;BRASILEIRA INDEPENDENTE CONSTITUINTE DE ESPAÇO QUALIFICADO;NÃO SERIADA;19,1;;2026;;OUTROS MERCADOS - AUDIOVISUAL EM CIRCUITO RESTRITO;NÃO;BRENO VINICIUS ZANETTI DA SILVA;PESSOA FÍSICA;SP;SÃO BERNARDO DO CAMPO
CARTA A UN VIEJO MASTER;B2600230700000;16/07/2026;DEFERIDO;DOCUMENTÁRIO;;BRASILEIRA INDEPENDENTE CONSTITUINTE DE ESPAÇO QUALIFICADO;NÃO SERIADA;72,5;;2026;;SALAS DE EXIBIÇÃO;SIM;DM FILMES E PRODUÇÕES ARTÍSTICAS LTDA;01.125.538/0001-95;RJ;RIO DE JANEIRO
CARTAS E FOTOS;B2600063200000;27/02/2026;DEFERIDO;VÍDEOMUSICAL;;BRASILEIRA INDEPENDENTE CONSTITUINTE DE ESPAÇO QUALIFICADO;NÃO SERIADA;210;;2025;;RADIODIFUSÃO DE SONS E IMAGENS (TV ABERTA);NÃO;BRUNO HENRIQUE TORRESAN DE CARVALHO ***********;18.039.791/0001-29;SP;ARAÇATUBA
CARTAS NA MESA;B2600276600000;19/08/2026;DEFERIDO;ANIMAÇÃO;;BRASILEIRA INDEPENDENTE CONSTITUINTE DE ESPAÇO QUALIFICADO;NÃO SERIADA;3,3;;2026;;SALAS DE EXIBIÇÃO;NÃO;LUCAS MORASSI DA SILVA;PESSOA FÍSICA;PR;CURITIBA
CARTAS SONORAS;B2600037900000;09/02/2026;DEFERIDO;ANIMAÇÃO;;BRASILEIRA INDEPENDENTE CONSTITUINTE DE ESPAÇO QUALIFICADO;SERIADA DE DURAÇÃO INDETERMINADA;85,8;6;2026;2026;OUTROS MERCADOS;NÃO;LUMINE PRODUCOES LTDA;50.087.391/0001-00;RS;PORTO ALEGRE
CARUARU EM ACORDES;B2600194200000;16/06/2026;DEFERIDO;DOCUMENTÁRIO;;BRASILEIRA INDEPENDENTE CONSTITUINTE DE ESPAÇO QUALIFICADO;SERIADA EM TEMPORADA ÚNICA;50;10;2025;2025;RADIODIFUSÃO DE SONS E IMAGENS (TV ABERTA);NÃO;NOIZE AUDIOVISUAL LTDA.;43.808.739/0001-37;PE;BEZERROS
CASA DE LUIZA;B2600089000000;24/03/2026;DEFERIDO;DOCUMENTÁRIO;;BRASILEIRA INDEPENDENTE CONSTITUINTE DE ESPAÇO QUALIFICADO;NÃO SERIADA;10,8;;2026;;SALAS DE EXIBIÇÃO;NÃO;LEÃO DO NORTE PRODUÇÕES AUDIOVISUAIS LTDA;19.700.356/0001-66;AM;MANAUS
CASA DO PATRÃO;B2600112300000;14/04/2026;DEFERIDO;REALITY-SHOW;;BRASILEIRA CONSTITUINTE DE ESPAÇO QUALIFICADO;SERIADA EM MÚLTIPLAS TEMPORADAS;7290;81;2026;2026;RADIODIFUSÃO DE SONS E IMAGENS (TV ABERTA);SIM;RADIO E TELEVISAO RECORD S.A;60.628.369/0001-75;SP;SÃO PAULO
CASINHA AMARELA;B2600171500000;25/05/2026;DEFERIDO;FICÇÃO;;BRASILEIRA INDEPENDENTE CONSTITUINTE DE ESPAÇO QUALIFICADO;NÃO SERIADA;29,6;;2026;;OUTROS MERCADOS;NÃO;50.409.822 CLARICE TREML GOMES;50.409.822/0001-07;SP;SÃO BERNARDO DO CAMPO
CASTELOS DE AREIA;B2600128300000;24/04/2026;DEFERIDO;DOCUMENTÁRIO;;BRASILEIRA INDEPENDENTE CONSTITUINTE DE ESPAÇO QUALIFICADO;NÃO SERIADA;14,3;;2026;;SALAS DE EXIBIÇÃO;NÃO;MIUDA PRODUCOES ARTISTICAS LTDA;62.756.449/0001-31;ES;VITÓRIA
CASUAL;B2600138500000;28/04/2026;DEFERIDO;VÍDEOMUSICAL;;BRASILEIRA CONSTITUINTE DE ESPAÇO QUALIFICADO;NÃO SERIADA;2,7;;2026;;COMUNICAÇÃO ELETRÔNICA DE MASSA POR ASSINATURA (TV PAGA);NÃO;MARIANA LAVIAGUERRE PORTO;PESSOA FÍSICA;SP;SÃO PAULO
CATADORES;B2600187200000;09/06/2026;DEFERIDO;DOCUMENTÁRIO;;BRASILEIRA INDEPENDENTE CONSTITUINTE DE ESPAÇO QUALIFICADO;NÃO SERIADA;13,8;;2026;;SALAS DE EXIBIÇÃO;NÃO;PV PRODUCOES DE AUDIOVISUAL E CRIACOES LTDA;32.932.981/0001-00;SP;SÃO PAULO
CAVALO SERPENTE;B2600140300000;30/04/2026;DEFERIDO;FICÇÃO;;BRASILEIRA CONSTITUINTE DE ESPAÇO QUALIFICADO;NÃO SERIADA;20,2;;2026;;OUTROS MERCADOS;NÃO;PRISCILA DE ASSIS LOPES DE ANDRADE;PESSOA FÍSICA;CE;FORTALEZA
CAZUZA - ALÉM DA MÚSICA;B2600046600000;19/02/2026;DEFERIDO;DOCUMENTÁRIO;;BRASILEIRA CONSTITUINTE DE ESPAÇO QUALIFICADO;SERIADA EM TEMPORADA ÚNICA;160;4;2025;2025;RADIODIFUSÃO DE SONS E IMAGENS (TV ABERTA);NÃO;GLOBO COMUNICACAO E PARTICIPACOES S/A;27.865.757/0001-02;RJ;RIO DE JANEIRO
CAÇA JOIA CLIPES;B2600144500000;04/05/2026;DEFERIDO;VARIEDADES;;BRASILEIRA CONSTITUINTE DE ESPAÇO QUALIFICADO;SERIADA EM TEMPORADA ÚNICA;702;13;2026;2026;COMUNICAÇÃO ELETRÔNICA DE MASSA POR ASSINATURA (TV PAGA);NÃO;FUNDAÇÃO ROBERTO MARINHO;29.527.413/0001-00;RJ;RIO DE JANEIRO
CAÇADA FULNI-Ô;B2600017600000;21/01/2026;DEFERIDO;DOCUMENTÁRIO;;BRASILEIRA INDEPENDENTE CONSTITUINTE DE ESPAÇO QUALIFICADO;NÃO SERIADA;52;;2026;;RADIODIFUSÃO DE SONS E IMAGENS (TV ABERTA);NÃO;GUARÁ PRODUÇÕES CINEMATOGRÁFICAS LTDA;22.064.549/0001-82;PE;RECIFE
CAÇADOR DE MARAJÁS;B2600083200000;18/03/2026;DEFERIDO;DOCUMENTÁRIO;;BRASILEIRA CONSTITUINTE DE ESPAÇO QUALIFICADO;SERIADA EM TEMPORADA ÚNICA;315;7;2024;2024;OUTROS MERCADOS - VÍDEO POR DEMANDA;NÃO;GLOBO COMUNICACAO E PARTICIPACOES S/A;27.865.757/0001-02;RJ;RIO DE JANEIRO
CAÔS URBANOS;B2600213400000;02/07/2026;DEFERIDO;FICÇÃO;;BRASILEIRA INDEPENDENTE CONSTITUINTE DE ESPAÇO QUALIFICADO;SERIADA EM TEMPORADA ÚNICA;160;4;2026;2026;COMUNICAÇÃO ELETRÔNICA DE MASSA POR ASSINATURA (TV PAGA);NÃO;TROTOAR - PRODÇÃO DE SERVIÇOS AUDIOVISUAIS LTDA;13.486.716/0001-92;DF;BRASÍLIA
CENA ABERTA;B2600064500000;02/03/2026;DEFERIDO;DOCUMENTÁRIO;;BRASILEIRA INDEPENDENTE CONSTITUINTE DE ESPAÇO QUALIFICADO;NÃO SERIADA;79,9;;2026;;SALAS DE EXIBIÇÃO;NÃO;FELISTOQUE CINEMA LTDA.;39.967.359/0001-78;DF;BRASÍLIA
CENTRAL SPLASH COM CHICO BARNEY - TEMPORADA 2026;B2600018400000;21/01/2026;DEFERIDO;VARIEDADES;;BRASILEIRA CONSTITUINTE DE ESPAÇO QUALIFICADO;SERIADA EM MÚLTIPLAS TEMPORADAS;14040;260;2026;2026;COMUNICAÇÃO ELETRÔNICA DE MASSA POR ASSINATURA (TV PAGA);NÃO;UNIVERSO ONLINE S.A.;01.109.184/0001-95;SP;SÃO PAULO
CERRADO;B2600125600000;22/04/2026;DEFERIDO;DOCUMENTÁRIO;;BRASILEIRA INDEPENDENTE CONSTITUINTE DE ESPAÇO QUALIFICADO;NÃO SERIADA;71,8;;2026;;RADIODIFUSÃO DE SONS E IMAGENS (TV ABERTA);NÃO;GIROS PROJETOS AUDIOVISUAIS LTDA;04.661.796/0001-84;RJ;RIO DE JANEIRO
CERRATES ROBIN HOODS;B2600172100000;26/05/2026;DEFERIDO;FICÇÃO;;BRASILEIRA INDEPENDENTE CONSTITUINTE DE ESPAÇO QUALIFICADO;NÃO SERIADA;76,8;;2026;;SALAS DE EXIBIÇÃO;NÃO;BSB CINEMA PRODUCOES LTDA;00.817.115/0001-73;DF;BRASÍLIA
CERVEJA FALANDO;B2600141600000;30/04/2026;DEFERIDO;VÍDEOMUSICAL;Registro de Eventos;BRASILEIRA INDEPENDENTE CONSTITUINTE DE ESPAÇO QUALIFICADO;NÃO SERIADA;2,6;;2026;;COMUNICAÇÃO ELETRÔNICA DE MASSA POR ASSINATURA (TV PAGA);NÃO;53.450.239 ANA PAULA BOVI VALLILO;53.450.239/0001-20;SP;SANTANA DE PARNAÍBA
CHAMA O VAR;B2600159300000;15/05/2026;DEFERIDO;DOCUMENTÁRIO;;BRASILEIRA INDEPENDENTE CONSTITUINTE DE ESPAÇO QUALIFICADO;SERIADA EM TEMPORADA ÚNICA;120;4;2026;2026;COMUNICAÇÃO ELETRÔNICA DE MASSA POR ASSINATURA (TV PAGA);NÃO;GIROS PROJETOS AUDIOVISUAIS LTDA;04.661.796/0001-84;RJ;RIO DE JANEIRO
CHAMADA RECUSADA;B2600181600000;02/06/2026;DEFERIDO;VÍDEOMUSICAL;;BRASILEIRA INDEPENDENTE CONSTITUINTE DE ESPAÇO QUALIFICADO;NÃO SERIADA;2,9;;2026;;COMUNICAÇÃO ELETRÔNICA DE MASSA POR ASSINATURA (TV PAGA);NÃO;BEST PRODUCOES ARTISTICAS LTDA;24.809.258/0001-00;GO;FORMOSA
CHAMAS GÊMEAS;B2600154200000;12/05/2026;DEFERIDO;FICÇÃO;;BRASILEIRA CONSTITUINTE DE ESPAÇO QUALIFICADO;NÃO SERIADA;75,9;;2026;;OUTROS MERCADOS - VÍDEO POR DEMANDA;NÃO;PAULO FRANCO DE CAMARGO;PESSOA FÍSICA;SP;SÃO PAULO
CHARLIE BROWN JR NO FLUXO;B2600108300000;09/04/2026;DEFERIDO;DOCUMENTÁRIO;;BRASILEIRA INDEPENDENTE CONSTITUINTE DE ESPAÇO QUALIFICADO;SERIADA EM TEMPORADA ÚNICA;216,8;13;2026;2026;COMUNICAÇÃO ELETRÔNICA DE MASSA POR ASSINATURA (TV PAGA);NÃO;PROSPER PRODUCOES ARTISTICAS LTDA;37.129.972/0001-90;SP;SANTOS
CHECK-IN EM DUPLA;B2600009900000;13/01/2026;DEFERIDO;VARIEDADES;;BRASILEIRA INDEPENDENTE CONSTITUINTE DE ESPAÇO QUALIFICADO;SERIADA EM TEMPORADA ÚNICA;121;11;2026;2026;OUTROS MERCADOS;NÃO;LUIGI SILVESTRE;PESSOA FÍSICA;SP;SÃO PAULO
CHEIO DE GRAXA - 2ª TEMPORADA;B2600015100000;16/01/2026;DEFERIDO;VARIEDADES;;BRASILEIRA CONSTITUINTE DE ESPAÇO QUALIFICADO;SERIADA EM MÚLTIPLAS TEMPORADAS;312;12;2022;2022;COMUNICAÇÃO ELETRÔNICA DE MASSA POR ASSINATURA (TV PAGA);NÃO;UNIVERSO ONLINE S.A.;01.109.184/0001-95;SP;SÃO PAULO
CHEIRO DE DIESEL;B2600036300000;06/02/2026;DEFERIDO;DOCUMENTÁRIO;;BRASILEIRA INDEPENDENTE CONSTITUINTE DE ESPAÇO QUALIFICADO;NÃO SERIADA;84;;2026;;SALAS DE EXIBIÇÃO;NÃO;BARACOA PRODUCOES ARTISTICAS LTDA;29.817.643/0001-04;RJ;RIO DE JANEIRO
CHEIRO DE TERRA;B2600120900000;17/04/2026;DEFERIDO;VÍDEOMUSICAL;Registro de Eventos;BRASILEIRA CONSTITUINTE DE ESPAÇO QUALIFICADO;NÃO SERIADA;3,4;;2018;;VIDEO DOMÉSTICO;NÃO;WORK SHOW PRODUCOES E ENTRETENIMENTO ARTISTICOS LTDA;20.077.216/0001-62;GO;GOIÂNIA
CHICA MACHADO - RAINHA DE GOYAZ;B2600177500000;28/05/2026;DEFERIDO;DOCUMENTÁRIO;;BRASILEIRA INDEPENDENTE CONSTITUINTE DE ESPAÇO QUALIFICADO;NÃO SERIADA;19,2;;2026;;SALAS DE EXIBIÇÃO;NÃO;RENATA ROSA FRANCO;PESSOA FÍSICA;GO;GOIÂNIA
CHICO ANYSIO É;B2600059400000;24/02/2026;DEFERIDO;DOCUMENTÁRIO;;BRASILEIRA CONSTITUINTE DE ESPAÇO QUALIFICADO;NÃO SERIADA;55;;2006;;COMUNICAÇÃO ELETRÔNICA DE MASSA POR ASSINATURA (TV PAGA);NÃO;CANAL BRAZIL S/A;02.608.224/0001-06;RJ;RIO DE JANEIRO
CHOFRE;B2600265400000;11/08/2026;DEFERIDO;FICÇÃO;;BRASILEIRA INDEPENDENTE CONSTITUINTE DE ESPAÇO QUALIFICADO;NÃO SERIADA;105,2;;2026;;SALAS DE EXIBIÇÃO;NÃO;RENDEIRA FILMES PRODUÇÕES LTDA-ME;21.031.373/0001-08;PB;JOÃO PESSOA
CHOQUE DO FUTURO;B2600159700000;15/05/2026;DEFERIDO;ANIMAÇÃO;;BRASILEIRA INDEPENDENTE CONSTITUINTE DE ESPAÇO QUALIFICADO;NÃO SERIADA;2,8;;2026;;SALAS DE EXIBIÇÃO;NÃO;CAMILO FIGUEIRA MOREIRA;PESSOA FÍSICA;RJ;RIO DE JANEIRO
CHUVA ÁCIDA: HISTÓRIAS DO CREPÚSCULO DE CUBATÃO;B2600248900000;29/07/2026;DEFERIDO;DOCUMENTÁRIO;;BRASILEIRA INDEPENDENTE CONSTITUINTE DE ESPAÇO QUALIFICADO;NÃO SERIADA;72,2;;2026;;SALAS DE EXIBIÇÃO;NÃO;CLÁUDIA DA SILVA PEREIRA;PESSOA FÍSICA;RJ;RIO DE JANEIRO
CICLO;B2600106600000;08/04/2026;DEFERIDO;FICÇÃO;;BRASILEIRA INDEPENDENTE CONSTITUINTE DE ESPAÇO QUALIFICADO;NÃO SERIADA;85,2;;2026;;SALAS DE EXIBIÇÃO;NÃO;NEEBLA PRODUCOES ARTISTICAS LTDA;23.936.929/0001-22;RJ;RIO DE JANEIRO
CICLOCÔVIA;B2600101000000;31/03/2026;DEFERIDO;DOCUMENTÁRIO;;BRASILEIRA INDEPENDENTE CONSTITUINTE DE ESPAÇO QUALIFICADO;NÃO SERIADA;7,0;;2026;;SALAS DE EXIBIÇÃO;NÃO;FÁBRICA DE FILMES COMUNICAÇÃO LTDA;08.060.504/0001-09;SP;SÃO PAULO
CIDADE SUBTERRÂNEA;B2600066900000;04/03/2026;DEFERIDO;VARIEDADES;;BRASILEIRA CONSTITUINTE DE ESPAÇO QUALIFICADO;SERIADA EM MÚLTIPLAS TEMPORADAS;300;10;2026;2026;COMUNICAÇÃO ELETRÔNICA DE MASSA POR ASSINATURA (TV PAGA);NÃO;GLOBO COMUNICACAO E PARTICIPACOES S/A;27.865.757/0001-02;RJ;RIO DE JANEIRO
CIDADES DO FUTURO;B2600044200000;13/02/2026;DEFERIDO;VARIEDADES;;BRASILEIRA INDEPENDENTE CONSTITUINTE DE ESPAÇO QUALIFICADO;SERIADA EM TEMPORADA ÚNICA;360;12;2024;2024;COMUNICAÇÃO ELETRÔNICA DE MASSA POR ASSINATURA (TV PAGA);NÃO;BRAD STUDIOS LTDA;34.415.416/0001-92;SP;SÃO PAULO
CIDADES SUSTENTÁVEIS;B2600064200000;02/03/2026;DEFERIDO;DOCUMENTÁRIO;;BRASILEIRA INDEPENDENTE CONSTITUINTE DE ESPAÇO QUALIFICADO;SERIADA EM MÚLTIPLAS TEMPORADAS;247,2;10;2026;2026;COMUNICAÇÃO ELETRÔNICA DE MASSA POR ASSINATURA (TV PAGA);NÃO;MEDIALAND PRODUÇÃO E COMUNICAÇÃO LTDA;08.346.159/0001-74;SP;SÃO PAULO
CINCO BRIGAS;B2600142900000;02/05/2026;DEFERIDO;VÍDEOMUSICAL;;BRASILEIRA INDEPENDENTE CONSTITUINTE DE ESPAÇO QUALIFICADO;NÃO SERIADA;2,9;;2026;;COMUNICAÇÃO ELETRÔNICA DE MASSA POR ASSINATURA (TV PAGA);NÃO;E.R. PRODUÇÕES & COMERCIO LTDA;35.204.462/0001-05;RN;MOSSORÓ
CINCO MINIATURAS BRASILEIRAS;B2600254700000;03/08/2026;DEFERIDO;DOCUMENTÁRIO;;BRASILEIRA INDEPENDENTE CONSTITUINTE DE ESPAÇO QUALIFICADO;NÃO SERIADA;93;;2026;;SALAS DE EXIBIÇÃO;NÃO;TEMPERO FILMES LTDA;15.745.495/0001-55;MG;BELO HORIZONTE
CINCO MINUTOS;B2600098800000;30/03/2026;DEFERIDO;DOCUMENTÁRIO;;BRASILEIRA CONSTITUINTE DE ESPAÇO QUALIFICADO;NÃO SERIADA;28,1;;2026;;COMUNICAÇÃO ELETRÔNICA DE MASSA POR ASSINATURA (TV PAGA);NÃO;FUNDAÇÃO ROBERTO MARINHO;29.527.413/0001-00;RJ;RIO DE JANEIRO
CINCO TIPOS DE MEDO;B2600037800000;09/02/2026;DEFERIDO;FICÇÃO;;BRASILEIRA INDEPENDENTE CONSTITUINTE DE ESPAÇO QUALIFICADO;NÃO SERIADA;107,0;;2026;;SALAS DE EXIBIÇÃO;NÃO;PLANO B PRODUTORA DE FILMES LTDA;13.207.081/0001-47;MT;CUIABÁ
CINEASTAS DE INVENÇÃO;B2600150500000;07/05/2026;DEFERIDO;DOCUMENTÁRIO;;BRASILEIRA INDEPENDENTE CONSTITUINTE DE ESPAÇO QUALIFICADO;NÃO SERIADA;70,8;;2026;;COMUNICAÇÃO ELETRÔNICA DE MASSA POR ASSINATURA (TV PAGA);NÃO;CAVIDEO PRODUÇÕES COMÉRCIO E LOCAÇÃO DE FILMES LTDA;01.666.326/0001-15;RJ;RIO DE JANEIRO
CINEMA MODERNO;B2600231800000;17/07/2026;DEFERIDO;FICÇÃO;;BRASILEIRA INDEPENDENTE CONSTITUINTE DE ESPAÇO QUALIFICADO;NÃO SERIADA;12,7;;2026;;SALAS DE EXIBIÇÃO;NÃO;CAPRISCIANA PRODUÇÕES ARTÍSTICAS LTDA;27.099.722/0001-00;RJ;RIO DE JANEIRO
CIRANDA DA SEQUELA;B2600153600000;11/05/2026;DEFERIDO;VÍDEOMUSICAL;;BRASILEIRA INDEPENDENTE CONSTITUINTE DE ESPAÇO QUALIFICADO;NÃO SERIADA;4,3;;2026;;COMUNICAÇÃO ELETRÔNICA DE MASSA POR ASSINATURA (TV PAGA);NÃO;LABIDAD PRODUÇÕES ARTÍSTICAS LTDA;30.978.099/0001-61;RJ;RIO DE JANEIRO
CIRCUITO SERTANEJO - BARRETOS;B2600269500000;17/08/2026;DEFERIDO;VÍDEOMUSICAL;Registro de Eventos;BRASILEIRA CONSTITUINTE DE ESPAÇO QUALIFICADO;NÃO SERIADA;40;;2026;;RADIODIFUSÃO DE SONS E IMAGENS (TV ABERTA);NÃO;GLOBO COMUNICACAO E PARTICIPACOES S/A;27.865.757/0001-02;RJ;RIO DE JANEIRO
CIRCUITO SERTANEJO - LONDRINA;B2600102500000;02/04/2026;DEFERIDO;VÍDEOMUSICAL;Registro de Eventos;BRASILEIRA CONSTITUINTE DE ESPAÇO QUALIFICADO;NÃO SERIADA;40;;2026;;RADIODIFUSÃO DE SONS E IMAGENS (TV ABERTA);NÃO;GLOBO COMUNICACAO E PARTICIPACOES S/A;27.865.757/0001-02;RJ;RIO DE JANEIRO
CIRCUITO SERTANEJO - PEDRO LEOPOLDO - MELHORES MOMENTOS;B2600179600000;29/05/2026;DEFERIDO;VÍDEOMUSICAL;Registro de Eventos;BRASILEIRA CONSTITUINTE DE ESPAÇO QUALIFICADO;NÃO SERIADA;40;;2026;;RADIODIFUSÃO DE SONS E IMAGENS (TV ABERTA);NÃO;GLOBO COMUNICACAO E PARTICIPACOES S/A;27.865.757/0001-02;RJ;RIO DE JANEIRO
CIRCUITO SERTANEJO - RIBEIRÃO PRETO;B2600144700000;04/05/2026;DEFERIDO;VÍDEOMUSICAL;Registro de Eventos;BRASILEIRA CONSTITUINTE DE ESPAÇO QUALIFICADO;NÃO SERIADA;40;;2026;;RADIODIFUSÃO DE SONS E IMAGENS (TV ABERTA);NÃO;GLOBO COMUNICACAO E PARTICIPACOES S/A;27.865.757/0001-02;RJ;RIO DE JANEIRO
CIRURGIA DERMATOLÓGICA DE LESÕES BENIGNAS E MALIGNAS – FUSOS CIRÚRGICOS;B2600008200000;11/01/2026;DEFERIDO;VARIEDADES;Vídeoaula;BRASILEIRA INDEPENDENTE CONSTITUINTE DE ESPAÇO QUALIFICADO;NÃO SERIADA;5,3;;2026;;OUTROS MERCADOS;NÃO;LORENA SILVA DE CARVALHO;PESSOA FÍSICA;PA;BELÉM
CIÊNCIA DELAS;B2600053100000;24/02/2026;DEFERIDO;DOCUMENTÁRIO;;BRASILEIRA CONSTITUINTE DE ESPAÇO QUALIFICADO;NÃO SERIADA;22,1;;2026;;VIDEO DOMÉSTICO;NÃO;FUNDAÇÃO OSWALDO CRUZ;33.781.055/0001-35;RJ;RIO DE JANEIRO
CIÊNCIA FLUTUANTE;B2600213500000;02/07/2026;DEFERIDO;DOCUMENTÁRIO;;BRASILEIRA INDEPENDENTE CONSTITUINTE DE ESPAÇO QUALIFICADO;SERIADA EM TEMPORADA ÚNICA;260;10;2026;2026;RADIODIFUSÃO DE SONS E IMAGENS (TV ABERTA);NÃO;FLAVIA L. B. ABTIBOL CRIAÇÕES LTDA;27.793.941/0001-86;AM;MANAUS
CLICHÊ;B2600095800000;26/03/2026;DEFERIDO;VÍDEOMUSICAL;Registro de Eventos;BRASILEIRA CONSTITUINTE DE ESPAÇO QUALIFICADO;NÃO SERIADA;5,3;;2024;;COMUNICAÇÃO ELETRÔNICA DE MASSA POR ASSINATURA (TV PAGA);NÃO;BONDE RECORDS MUSIC LTDA;21.857.777/0001-47;RJ;RIO DE JANEIRO
CLIMÃO;B2600063500000;27/02/2026;DEFERIDO;VARIEDADES;;BRASILEIRA CONSTITUINTE DE ESPAÇO QUALIFICADO;SERIADA EM MÚLTIPLAS TEMPORADAS;160;8;2026;2026;COMUNICAÇÃO ELETRÔNICA DE MASSA POR ASSINATURA (TV PAGA);NÃO;MULTIPHOCUS & CASANOVA ARTE & COMUNICACAO LTDA;14.892.714/0001-66;RJ;RIO DE JANEIRO
CLIPE MANIA;B2600082000000;18/03/2026;DEFERIDO;ANIMAÇÃO;;BRASILEIRA CONSTITUINTE DE ESPAÇO QUALIFICADO;SERIADA EM MÚLTIPLAS TEMPORADAS;416;52;2026;2026;COMUNICAÇÃO ELETRÔNICA DE MASSA POR ASSINATURA (TV PAGA);NÃO;NIRVANA TECNOLOGIA DIGITAL LTDA;24.815.120/0001-05;SP;SÃO PAULO
CLIPE MANIA - 2A. TEMPORADA;B2600154700000;12/05/2026;DEFERIDO;ANIMAÇÃO;;BRASILEIRA CONSTITUINTE DE ESPAÇO QUALIFICADO;SERIADA EM MÚLTIPLAS TEMPORADAS;520;104;2026;2026;COMUNICAÇÃO ELETRÔNICA DE MASSA POR ASSINATURA (TV PAGA);NÃO;NIRVANA TECNOLOGIA DIGITAL LTDA;24.815.120/0001-05;SP;SÃO PAULO
CNN SÉRIES ESPECIAIS - VINHOS DE PORTUGUAL;B2600012800000;15/01/2026;DEFERIDO;VARIEDADES;;BRASILEIRA CONSTITUINTE DE ESPAÇO QUALIFICADO;SERIADA EM MÚLTIPLAS TEMPORADAS;129,7;4;2025;2025;COMUNICAÇÃO ELETRÔNICA DE MASSA POR ASSINATURA (TV PAGA);NÃO;NOVUS MIDIA S.A.;32.161.939/0001-24;SP;SÃO PAULO
CNN VIAGEM & GASTRONOMIA;B2600221900000;10/07/2026;DEFERIDO;VARIEDADES;;BRASILEIRA CONSTITUINTE DE ESPAÇO QUALIFICADO;SERIADA EM MÚLTIPLAS TEMPORADAS;200;5;2026;2026;COMUNICAÇÃO ELETRÔNICA DE MASSA POR ASSINATURA (TV PAGA);NÃO;NOVUS MIDIA S.A.;32.161.939/0001-24;SP;SÃO PAULO
CNN VIAGEM & GASTRONOMIA;B2600221700000;10/07/2026;DEFERIDO;VARIEDADES;;BRASILEIRA CONSTITUINTE DE ESPAÇO QUALIFICADO;SERIADA EM MÚLTIPLAS TEMPORADAS;211,2;5;2026;2026;COMUNICAÇÃO ELETRÔNICA DE MASSA POR ASSINATURA (TV PAGA);NÃO;NOVUS MIDIA S.A.;32.161.939/0001-24;SP;SÃO PAULO
COACH DE CALCINHA;B2600162000000;19/05/2026;DEFERIDO;FICÇÃO;Erótico/Pornográfica;COMUM;NÃO SERIADA;51,6;;2026;;COMUNICAÇÃO ELETRÔNICA DE MASSA POR ASSINATURA (TV PAGA);NÃO;BM SERVICOS DE INTERNET LTDA;18.998.725/0001-86;RJ;RIO DE JANEIRO
CODINOME BEIJA -FLOR;B2600084100000;19/03/2026;DEFERIDO;VÍDEOMUSICAL;;BRASILEIRA INDEPENDENTE CONSTITUINTE DE ESPAÇO QUALIFICADO;NÃO SERIADA;3,3;;2026;;COMUNICAÇÃO ELETRÔNICA DE MASSA POR ASSINATURA (TV PAGA);NÃO;CAUÃ DALMAS MELIM GOMES;PESSOA FÍSICA;SC;ITAJAÍ
COISA NOSSA;B2600230000000;15/07/2026;DEFERIDO;VÍDEOMUSICAL;;BRASILEIRA INDEPENDENTE CONSTITUINTE DE ESPAÇO QUALIFICADO;NÃO SERIADA;3;;2025;;COMUNICAÇÃO ELETRÔNICA DE MASSA POR ASSINATURA (TV PAGA);NÃO;TOCA DISCOS EDIÇÕES E EMPREENDIMENOS ARTISTICOS LTDA;07.672.527/0001-01;RJ;RIO DE JANEIRO
COISAS DA VIDA - PAULO MIKLOS;B2600175500000;27/05/2026;DEFERIDO;VÍDEOMUSICAL;Registro de Eventos;BRASILEIRA INDEPENDENTE CONSTITUINTE DE ESPAÇO QUALIFICADO;NÃO SERIADA;3,7;;2026;;COMUNICAÇÃO ELETRÔNICA DE MASSA POR ASSINATURA (TV PAGA);NÃO;DECK PRODUÇÕES ARTÍSTICAS LTDA;30.253.090/0001-93;RJ;RIO DE JANEIRO
COLETIVO ITAQUITANDUVA - RENATO CRISTIANO;B2600125500000;22/04/2026;DEFERIDO;DOCUMENTÁRIO;;BRASILEIRA INDEPENDENTE CONSTITUINTE DE ESPAÇO QUALIFICADO;NÃO SERIADA;4,1;;2026;;COMUNICAÇÃO ELETRÔNICA DE MASSA POR ASSINATURA (TV PAGA);NÃO;JULIO CÉSAR PEREIRA BORBOREMA;PESSOA FÍSICA;SP;SÃO VICENTE
COLUMBA;B2600094900000;26/03/2026;DEFERIDO;FICÇÃO;;BRASILEIRA INDEPENDENTE CONSTITUINTE DE ESPAÇO QUALIFICADO;NÃO SERIADA;22,8;;2026;;NENHUMA DAS OPÇÕES;NÃO;PEDRO AUGUSTO CARVALHO MACHADO DE MENDONÇA;PESSOA FÍSICA;RJ;NITERÓI
COM A BOLA TODA;B2600234600000;21/07/2026;DEFERIDO;FICÇÃO;Erótico/Pornográfica;COMUM;NÃO SERIADA;62,7;;2026;;COMUNICAÇÃO ELETRÔNICA DE MASSA POR ASSINATURA (TV PAGA);NÃO;BM SERVICOS DE INTERNET LTDA;18.998.725/0001-86;RJ;RIO DE JANEIRO
COMEÇO DO FIM;B2600257100000;04/08/2026;DEFERIDO;VÍDEOMUSICAL;Registro de Eventos;BRASILEIRA INDEPENDENTE CONSTITUINTE DE ESPAÇO QUALIFICADO;NÃO SERIADA;2,6;;2026;;COMUNICAÇÃO ELETRÔNICA DE MASSA POR ASSINATURA (TV PAGA);NÃO;JEFFERSON DOS SANTOS ALVES ***********;35.510.126/0001-90;SP;JUNDIAÍ
COMO CONTAR HISTÓRIAS;B2600010500000;13/01/2026;DEFERIDO;VARIEDADES;;BRASILEIRA INDEPENDENTE CONSTITUINTE DE ESPAÇO QUALIFICADO;SERIADA EM MÚLTIPLAS TEMPORADAS;112;14;2025;2025;COMUNICAÇÃO ELETRÔNICA DE MASSA POR ASSINATURA (TV PAGA);NÃO;LE BLON AUDIOVISUAL LTDA;42.457.308/0001-00;SP;SÃO PAULO
COMO FOI O MEU FIM DE SEMANA?;B2600184600000;08/06/2026;DEFERIDO;FICÇÃO;;BRASILEIRA INDEPENDENTE CONSTITUINTE DE ESPAÇO QUALIFICADO;SERIADA DE DURAÇÃO INDETERMINADA;36,0;5;2026;2026;COMUNICAÇÃO ELETRÔNICA DE MASSA POR ASSINATURA (TV PAGA);NÃO;CARLOS LEAL SOUSA JUNIOR ***********;27.155.462/0001-34;SP;SÃO PAULO
COMO FUNCIONA A LAQUEADURA NA REDE PRIVADA?;B2600073400000;10/03/2026;DEFERIDO;VARIEDADES;Vídeoaula;BRASILEIRA INDEPENDENTE CONSTITUINTE DE ESPAÇO QUALIFICADO;NÃO SERIADA;2,1;;2026;;VIDEO DOMÉSTICO;NÃO;LAUANY SILVA DE MEDEIROS;PESSOA FÍSICA;PA;TUCURUÍ
COMO FUNCIONA O PROCESSO DE LAQUEADURA PELO SUS;B2600174100000;26/05/2026;DEFERIDO;VARIEDADES;Vídeoaula;BRASILEIRA INDEPENDENTE CONSTITUINTE DE ESPAÇO QUALIFICADO;NÃO SERIADA;2,1;;2026;;VIDEO DOMÉSTICO;NÃO;LAUANY SILVA DE MEDEIROS;PESSOA FÍSICA;PA;TUCURUÍ
COMO SE FOSSE ONTEM - SUPERCOMBO;B2600267900000;14/08/2026;DEFERIDO;VÍDEOMUSICAL;Registro de Eventos;BRASILEIRA INDEPENDENTE CONSTITUINTE DE ESPAÇO QUALIFICADO;NÃO SERIADA;3,7;;2026;;COMUNICAÇÃO ELETRÔNICA DE MASSA POR ASSINATURA (TV PAGA);NÃO;DECK PRODUÇÕES ARTÍSTICAS LTDA;30.253.090/0001-93;RJ;RIO DE JANEIRO
COMO É FEITO UM EPISÓDIO DE OSWALDO - MAKING OF - ANELLYSANDO;B2600269800000;18/08/2026;DEFERIDO;DOCUMENTÁRIO;;BRASILEIRA INDEPENDENTE CONSTITUINTE DE ESPAÇO QUALIFICADO;NÃO SERIADA;15,6;;2026;;OUTROS MERCADOS - VÍDEO POR DEMANDA;NÃO;JOEL F. BREDT VIEIRA PRODUÇÕES;23.814.048/0001-39;PR;CURITIBA
COMPANHEIRO DE VIAGEM;B2600075200000;12/03/2026;DEFERIDO;FICÇÃO;;BRASILEIRA CONSTITUINTE DE ESPAÇO QUALIFICADO;NÃO SERIADA;17,4;;2026;;SALAS DE EXIBIÇÃO;NÃO;52.553.094 ADRIANO JAEGER DIAS DA SILVA;52.553.094/0001-20;RS;ALVORADA
COMPLICAÇÕES NA GASTROSTOMIA ENDOSCÓPICA PERCUTÂNEA;B2600060300000;25/02/2026;DEFERIDO;VARIEDADES;Vídeoaula;BRASILEIRA CONSTITUINTE DE ESPAÇO QUALIFICADO;NÃO SERIADA;2,2;;2026;;OUTROS MERCADOS;NÃO;HYANDRA GOMES DE ALMEIDA SOUSA SIQUEIRA;PESSOA FÍSICA;MA;AÇAILÂNDIA
COMUNA O NADA’: UMA ORGANIZAÇÃO POPULAR QUE SUSTENTA A REVOLUÇÃO BOLIVIANA;B2600250000000;29/07/2026;DEFERIDO;DOCUMENTÁRIO;;BRASILEIRA INDEPENDENTE CONSTITUINTE DE ESPAÇO QUALIFICADO;NÃO SERIADA;30,2;;2026;;OUTROS MERCADOS - VÍDEO POR DEMANDA;NÃO;CENTRO POPULAR DE MIDIAS CPMIDIAS;28.501.361/0001-30;SP;SÃO PAULO
COMÉDIA SBT;B2600006000000;08/01/2026;DEFERIDO;VARIEDADES;;BRASILEIRA CONSTITUINTE DE ESPAÇO QUALIFICADO;SERIADA EM TEMPORADA ÚNICA;135;3;2025;2025;RADIODIFUSÃO DE SONS E IMAGENS (TV ABERTA);NÃO;TVSBT CANAL 4 DE SAO PAULO S/A;45.039.237/0001-14;SP;OSASCO
CONCHA DE ÁGUA DOCE;B2600070000000;06/03/2026;DEFERIDO;FICÇÃO;;BRASILEIRA INDEPENDENTE CONSTITUINTE DE ESPAÇO QUALIFICADO;NÃO SERIADA;12,5;;2026;;SALAS DE EXIBIÇÃO;NÃO;CORPO D AGUA FILMES LTDA;53.273.600/0001-90;RS;PALMARES DO SUL
CONDOMÍNIO FECHADO;B2600095900000;26/03/2026;DEFERIDO;VÍDEOMUSICAL;Registro de Eventos;BRASILEIRA INDEPENDENTE CONSTITUINTE DE ESPAÇO QUALIFICADO;NÃO SERIADA;3,6;;2026;;COMUNICAÇÃO ELETRÔNICA DE MASSA POR ASSINATURA (TV PAGA);NÃO;MONTE CASTELO ENTRETENIMENTO;18.431.402/0001-06;SP;SÃO PAULO
CONFLUÊNCIAS SONORAS;B2600129300000;25/04/2026;DEFERIDO;DOCUMENTÁRIO;;BRASILEIRA CONSTITUINTE DE ESPAÇO QUALIFICADO;NÃO SERIADA;70,1;;2026;;COMUNICAÇÃO ELETRÔNICA DE MASSA POR ASSINATURA (TV PAGA);NÃO;RODRIGO OLIVEIRA DE MEDEIROS;31.635.531/0001-84;MG;BELO HORIZONTE
CONGADO MEMÓRIAS DE TRADIÇÃO E RESISTÊNCIA;B2600004500000;07/01/2026;DEFERIDO;DOCUMENTÁRIO;;BRASILEIRA INDEPENDENTE CONSTITUINTE DE ESPAÇO QUALIFICADO;NÃO SERIADA;75,7;;2026;;OUTROS MERCADOS;NÃO;FOLHA VERDE FILMES LTDA;30.728.352/0001-29;MG;UBERLÂNDIA
CONSTRUÇÃO E VALIDAÇÃO DE TECNOLOGIA EDUCACIONAL AUDIOVISUAL 2D: VISITA GUIADA DA GESTANTE À MATERNI;B2600206600000;25/06/2026;DEFERIDO;VARIEDADES;Vídeoaula;BRASILEIRA CONSTITUINTE DE ESPAÇO QUALIFICADO;SERIADA EM TEMPORADA ÚNICA;6,3;1;2026;2026;SALAS DE EXIBIÇÃO;NÃO;JEISIANE ALVES DA SILVA;PESSOA FÍSICA;PR;PINHAIS
CONSULTÓRIO DE FAMÍLIA;B2600023900000;27/01/2026;DEFERIDO;VARIEDADES;;BRASILEIRA CONSTITUINTE DE ESPAÇO QUALIFICADO;SERIADA DE DURAÇÃO INDETERMINADA;2912;52;2026;2026;RADIODIFUSÃO DE SONS E IMAGENS (TV ABERTA);NÃO;TELEVISAO CACHOEIRA DO SUL LTDA;89.784.037/0001-61;RS;CACHOEIRA DO SUL
CONVENIÊNCIA;B2600019800000;22/01/2026;DEFERIDO;VÍDEOMUSICAL;;BRASILEIRA INDEPENDENTE CONSTITUINTE DE ESPAÇO QUALIFICADO;NÃO SERIADA;3,6;;2025;;RADIODIFUSÃO DE SONS E IMAGENS (TV ABERTA);NÃO;E.R. PRODUÇÕES & COMERCIO LTDA;35.204.462/0001-05;RN;MOSSORÓ
CONVERSA COM AUGUSTO NUNES;B2600030800000;03/02/2026;DEFERIDO;JORNALÍSTICA;;COMUM;SERIADA DE DURAÇÃO INDETERMINADA;3420;57;2026;2026;COMUNICAÇÃO ELETRÔNICA DE MASSA POR ASSINATURA (TV PAGA);NÃO;EDITORA TIPUANA LTDA.;19.608.677/0001-35;SP;SÃO PAULO
CONVERSA COM BIAL 2026;B2600211900000;01/07/2026;DEFERIDO;VARIEDADES;;BRASILEIRA CONSTITUINTE DE ESPAÇO QUALIFICADO;SERIADA EM MÚLTIPLAS TEMPORADAS;420;12;2026;2026;RADIODIFUSÃO DE SONS E IMAGENS (TV ABERTA);NÃO;GLOBO COMUNICACAO E PARTICIPACOES S/A;27.865.757/0001-02;RJ;RIO DE JANEIRO
CONVOCADAS;B2600160700000;18/05/2026;DEFERIDO;DOCUMENTÁRIO;;BRASILEIRA CONSTITUINTE DE ESPAÇO QUALIFICADO;NÃO SERIADA;70;;2026;;RADIODIFUSÃO DE SONS E IMAGENS (TV ABERTA);NÃO;GLOBO COMUNICACAO E PARTICIPACOES S/A;27.865.757/0001-02;RJ;RIO DE JANEIRO
CONY, RETRATO ÍNTIMO;B2600191700000;12/06/2026;DEFERIDO;DOCUMENTÁRIO;;BRASILEIRA CONSTITUINTE DE ESPAÇO QUALIFICADO;NÃO SERIADA;71;;2026;;SALAS DE EXIBIÇÃO;NÃO;TV IMAGINÁRIA PRODUÇÕES LTDA;02.367.665/0001-63;RJ;RIO DE JANEIRO
COP30;B2600069700000;06/03/2026;DEFERIDO;DOCUMENTÁRIO;;BRASILEIRA INDEPENDENTE CONSTITUINTE DE ESPAÇO QUALIFICADO;NÃO SERIADA;54,5;;2026;;COMUNICAÇÃO ELETRÔNICA DE MASSA POR ASSINATURA (TV PAGA);NÃO;PRODUTORA BRASILEIRA DE ARTE E CULTURA LTDA.;13.483.286/0001-55;SP;SÃO PAULO
COPA E COZINHA;B2600165300000;21/05/2026;DEFERIDO;VARIEDADES;;BRASILEIRA INDEPENDENTE CONSTITUINTE DE ESPAÇO QUALIFICADO;SERIADA EM TEMPORADA ÚNICA;157,2;4;2026;2026;COMUNICAÇÃO ELETRÔNICA DE MASSA POR ASSINATURA (TV PAGA);NÃO;BEYOND FILMES LTDA;26.851.408/0001-60;SP;SÃO PAULO
COPA NA COZINHA;B2600254600000;02/08/2026;DEFERIDO;VARIEDADES;;BRASILEIRA CONSTITUINTE DE ESPAÇO QUALIFICADO;SERIADA DE DURAÇÃO INDETERMINADA;500;50;2026;2026;COMUNICAÇÃO ELETRÔNICA DE MASSA POR ASSINATURA (TV PAGA);NÃO;PBI - PROGRAMADORA BRASILEIRA INDEPENDENTE S.A;07.254.174/0001-20;RS;PORTO ALEGRE
COPA SEM FIRULA;B2600173500000;26/05/2026;DEFERIDO;JORNALÍSTICA;;COMUM;SERIADA DE DURAÇÃO INDETERMINADA;4200;35;2026;2026;COMUNICAÇÃO ELETRÔNICA DE MASSA POR ASSINATURA (TV PAGA);NÃO;EDITORA TIPUANA LTDA.;19.608.677/0001-35;SP;SÃO PAULO
COPA SÃO PAULO DE FUTEBOL JUNIOR;B2600001500000;02/01/2026;DEFERIDO;MANIFESTAÇÕES E EVENTOS ESPORTIVOS;;COMUM;SERIADA EM TEMPORADA ÚNICA;0;;;;RADIODIFUSÃO DE SONS E IMAGENS (TV ABERTA);NÃO;RADIO E TELEVISAO RECORD S.A;60.628.369/0001-75;SP;SÃO PAULO
COPACABANA, 4 DE MAIO;B2600206000000;24/06/2026;DEFERIDO;DOCUMENTÁRIO;;BRASILEIRA INDEPENDENTE CONSTITUINTE DE ESPAÇO QUALIFICADO;NÃO SERIADA;74,0;;2026;;SALAS DE EXIBIÇÃO;NÃO;ACALANTE FILMES LTDA;18.386.096/0001-33;RJ;RIO DE JANEIRO
COPAÍBA: MEMÓRIAS DO PAU FURADO;B2600161800000;19/05/2026;DEFERIDO;DOCUMENTÁRIO;;BRASILEIRA CONSTITUINTE DE ESPAÇO QUALIFICADO;NÃO SERIADA;30;;2026;;SALAS DE EXIBIÇÃO;NÃO;DANILO DE FATIMA TEIXEIRA DOS SANTOS;PESSOA FÍSICA;MG;UBERLÂNDIA
CORAGEM;B2600215600000;06/07/2026;DEFERIDO;DOCUMENTÁRIO;;BRASILEIRA INDEPENDENTE CONSTITUINTE DE ESPAÇO QUALIFICADO;NÃO SERIADA;25;;2026;;OUTROS MERCADOS - AUDIOVISUAL EM TRANSPORTE COLETIVO;NÃO;48114303 PEDRO HENRIQUE PILAR ALVARENGA;48.114.303/0001-61;MS;CAMPO GRANDE
CORAÇÃO ACELERADO;B2600001900000;05/01/2026;DEFERIDO;FICÇÃO;;BRASILEIRA CONSTITUINTE DE ESPAÇO QUALIFICADO;SERIADA EM TEMPORADA ÚNICA;7160;179;2025;2025;RADIODIFUSÃO DE SONS E IMAGENS (TV ABERTA);NÃO;GLOBO COMUNICACAO E PARTICIPACOES S/A;27.865.757/0001-02;RJ;RIO DE JANEIRO
CORAÇÃO DAS TREVAS, O FILME;B2600139800000;29/04/2026;DEFERIDO;ANIMAÇÃO;;BRASILEIRA INDEPENDENTE CONSTITUINTE DE ESPAÇO QUALIFICADO;NÃO SERIADA;83,4;;2026;;SALAS DE EXIBIÇÃO;SIM;KARMATIQUE IMAGENS LTDA;07.311.501/0001-38;SP;SÃO BENTO DO SAPUCAÍ
CORAÇÃO DE LONA;B2600247600000;28/07/2026;DEFERIDO;FICÇÃO;;BRASILEIRA INDEPENDENTE CONSTITUINTE DE ESPAÇO QUALIFICADO;NÃO SERIADA;95,3;;2026;;SALAS DE EXIBIÇÃO;NÃO;GARIMPO - PRODUÇÃO AUDIOVISUAL, CULTURAL E COMUNICAÇÃO LTDA;09.257.828/0001-02;PE;RECIFE
CORAÇÃO DE MAR;B2600187600000;09/06/2026;DEFERIDO;DOCUMENTÁRIO;;BRASILEIRA INDEPENDENTE CONSTITUINTE DE ESPAÇO QUALIFICADO;NÃO SERIADA;14,5;;2026;;SALAS DE EXIBIÇÃO;NÃO;OLHO FILMES PRODUÇÕES LTDA;07.206.747/0001-40;DF;BRASÍLIA
CORAÇÃO EM DOIS TEMPOS;B2600194900000;17/06/2026;DEFERIDO;VARIEDADES;;BRASILEIRA CONSTITUINTE DE ESPAÇO QUALIFICADO;NÃO SERIADA;30;;2026;;RADIODIFUSÃO DE SONS E IMAGENS (TV ABERTA);NÃO;GLOBO COMUNICACAO E PARTICIPACOES S/A;27.865.757/0001-02;RJ;RIO DE JANEIRO
CORAÇÃO NA FRENTE (CLIPE);B2600206400000;25/06/2026;DEFERIDO;VÍDEOMUSICAL;;BRASILEIRA CONSTITUINTE DE ESPAÇO QUALIFICADO;NÃO SERIADA;2,4;;2026;;COMUNICAÇÃO ELETRÔNICA DE MASSA POR ASSINATURA (TV PAGA);NÃO;ROBERTA HORTA OLEARY ZERBINI;PESSOA FÍSICA;SP;SÃO PAULO
CORAÇÃO RADIANTE / FEITO A LUZ DO ALVORECER / PRECISO TE AMAR;B2600070900000;06/03/2026;DEFERIDO;VÍDEOMUSICAL;Registro de Eventos;BRASILEIRA INDEPENDENTE CONSTITUINTE DE ESPAÇO QUALIFICADO;NÃO SERIADA;5,0;;2025;;RADIODIFUSÃO DE SONS E IMAGENS (TV ABERTA);NÃO;WAVES SOUND RECORD EDITORA E GRAVADORA LTDA;22.155.359/0001-70;RJ;RIO DE JANEIRO
CORAÇÃO RETRÁTIL;B2600126000000;23/04/2026;DEFERIDO;VÍDEOMUSICAL;Registro de Eventos;BRASILEIRA INDEPENDENTE CONSTITUINTE DE ESPAÇO QUALIFICADO;NÃO SERIADA;4,2;;2024;;SALAS DE EXIBIÇÃO;NÃO;JÁDER LOURES DE BRITO;PESSOA FÍSICA;MG;PONTE NOVA
CORAÇÕES EM RPM;B2600013200000;15/01/2026;DEFERIDO;DOCUMENTÁRIO;;BRASILEIRA INDEPENDENTE CONSTITUINTE DE ESPAÇO QUALIFICADO;SERIADA EM MÚLTIPLAS TEMPORADAS;250;10;2026;2026;OUTROS MERCADOS - VÍDEO POR DEMANDA;NÃO;NACCAR COMUNICACAO E CONTEUDO LTDA;32.737.365/0001-90;SP;SÃO PAULO
CORONÉIS DE FERRO I QUEM ESCREVE O SERTÃO;B2600115700000;16/04/2026;DEFERIDO;FICÇÃO;;BRASILEIRA CONSTITUINTE DE ESPAÇO QUALIFICADO;SERIADA EM MÚLTIPLAS TEMPORADAS;10080;21;2026;2026;COMUNICAÇÃO ELETRÔNICA DE MASSA POR ASSINATURA (TV PAGA);NÃO;ALFA FILMES PRODUCOES E DISTRIBUICAO LTDA;10.480.008/0001-56;PI;BAIXA GRANDE DO RIBEIRO
CORPO CELESTE;B2600048700000;20/02/2026;DEFERIDO;FICÇÃO;;BRASILEIRA INDEPENDENTE CONSTITUINTE DE ESPAÇO QUALIFICADO;NÃO SERIADA;20,9;;2026;;SALAS DE EXIBIÇÃO;NÃO;CABRADABRA PRODUÇÃO DE FILMES LTDA;24.020.677/0001-50;PB;JOÃO PESSOA
CORRE CUTIA;B2600034000000;04/02/2026;DEFERIDO;FICÇÃO;;BRASILEIRA CONSTITUINTE DE ESPAÇO QUALIFICADO;NÃO SERIADA;21,6;;2026;;SALAS DE EXIBIÇÃO;NÃO;PAULO MATEUSZ VASCONCELOS VIANNA;PESSOA FÍSICA;DF;BRASÍLIA
CORRENTE;B2600220000000;09/07/2026;DEFERIDO;VÍDEOMUSICAL;Registro de Eventos;BRASILEIRA INDEPENDENTE CONSTITUINTE DE ESPAÇO QUALIFICADO;NÃO SERIADA;3,9;;2026;;COMUNICAÇÃO ELETRÔNICA DE MASSA POR ASSINATURA (TV PAGA);NÃO;LUIZ HENRIQUE PRADO DE FARIA ***********;19.433.435/0001-58;RJ;RIO DE JANEIRO
CORRENTE DESIGUAL: O DESAFIO FEMININO NA ELETROTÉCNICA;B2600003300000;06/01/2026;DEFERIDO;DOCUMENTÁRIO;;BRASILEIRA CONSTITUINTE DE ESPAÇO QUALIFICADO;NÃO SERIADA;14,6;;2026;;OUTROS MERCADOS;NÃO;RAQUEL PACHECO;PESSOA FÍSICA;SE;ARACAJU
CORRER PELO CERTO;B2600074800000;11/03/2026;DEFERIDO;VÍDEOMUSICAL;Registro de Eventos;BRASILEIRA INDEPENDENTE CONSTITUINTE DE ESPAÇO QUALIFICADO;NÃO SERIADA;4,0;;2023;;COMUNICAÇÃO ELETRÔNICA DE MASSA POR ASSINATURA (TV PAGA);NÃO;RITMO QUENTE PRODUCOES ARTISTICAS LTDA;09.303.098/0001-20;RJ;RIO DE JANEIRO
CORRIDA DA FÉ;B2600109200000;10/04/2026;DEFERIDO;ANIMAÇÃO;;BRASILEIRA CONSTITUINTE DE ESPAÇO QUALIFICADO;SERIADA DE DURAÇÃO INDETERMINADA;40;5;2024;2024;RADIODIFUSÃO DE SONS E IMAGENS (TV ABERTA);NÃO;TELEVISAO CACHOEIRA DO SUL LTDA;89.784.037/0001-61;RS;CACHOEIRA DO SUL
CORTES OESTE;B2600030700000;03/02/2026;DEFERIDO;JORNALÍSTICA;;COMUM;SERIADA DE DURAÇÃO INDETERMINADA;7800;260;2026;2026;COMUNICAÇÃO ELETRÔNICA DE MASSA POR ASSINATURA (TV PAGA);NÃO;EDITORA TIPUANA LTDA.;19.608.677/0001-35;SP;SÃO PAULO
COSME DE FARIAS: O ADVOGADO DOS POBRES;B2600153200000;11/05/2026;DEFERIDO;DOCUMENTÁRIO;;BRASILEIRA INDEPENDENTE CONSTITUINTE DE ESPAÇO QUALIFICADO;NÃO SERIADA;93,2;;2026;;SALAS DE EXIBIÇÃO;NÃO;SALITRE PRODUCOES AUDIOVISUAIS LTDA;21.714.568/0001-44;BA;SALVADOR
COURAÇA;B2600233900000;21/07/2026;DEFERIDO;FICÇÃO;;BRASILEIRA INDEPENDENTE CONSTITUINTE DE ESPAÇO QUALIFICADO;NÃO SERIADA;20,0;;2026;;SALAS DE EXIBIÇÃO;NÃO;DAN - TERRITORIO DE CRIACAO LTDA;46.142.962/0001-86;BA;SALVADOR
COVIL;B2600017500000;21/01/2026;DEFERIDO;FICÇÃO;;BRASILEIRA INDEPENDENTE CONSTITUINTE DE ESPAÇO QUALIFICADO;NÃO SERIADA;93,5;;2025;;COMUNICAÇÃO ELETRÔNICA DE MASSA POR ASSINATURA (TV PAGA);NÃO;AV9 ESTUDIO CRIATIVO LTDA;07.031.752/0001-69;SP;SÃO PAULO
COWBOY;B2600098500000;30/03/2026;DEFERIDO;VÍDEOMUSICAL;Registro de Eventos;BRASILEIRA INDEPENDENTE CONSTITUINTE DE ESPAÇO QUALIFICADO;NÃO SERIADA;3;;2026;;COMUNICAÇÃO ELETRÔNICA DE MASSA POR ASSINATURA (TV PAGA);NÃO;FELIPE UNGARETTI ENGRACIA DE FARIA;PESSOA FÍSICA;SP;RIBEIRÃO PRETO
COWGIRL;B2600244300000;24/07/2026;DEFERIDO;VÍDEOMUSICAL;Registro de Eventos;BRASILEIRA INDEPENDENTE CONSTITUINTE DE ESPAÇO QUALIFICADO;NÃO SERIADA;2,7;;2026;;COMUNICAÇÃO ELETRÔNICA DE MASSA POR ASSINATURA (TV PAGA);NÃO;53.450.239 ANA PAULA BOVI VALLILO;53.450.239/0001-20;SP;SANTANA DE PARNAÍBA
COZINHA DE FAVELA: PRONTOS PARA BRILHAR;B2600156000000;13/05/2026;DEFERIDO;VARIEDADES;;BRASILEIRA CONSTITUINTE DE ESPAÇO QUALIFICADO;SERIADA EM MÚLTIPLAS TEMPORADAS;200;5;2026;2026;RADIODIFUSÃO DE SONS E IMAGENS (TV ABERTA);NÃO;GLOBO COMUNICACAO E PARTICIPACOES S/A;27.865.757/0001-02;RJ;RIO DE JANEIRO
CRAVO E CANELA;B2600234300000;21/07/2026;DEFERIDO;VÍDEOMUSICAL;Registro de Eventos;BRASILEIRA INDEPENDENTE CONSTITUINTE DE ESPAÇO QUALIFICADO;NÃO SERIADA;3,0;;2026;;COMUNICAÇÃO ELETRÔNICA DE MASSA POR ASSINATURA (TV PAGA);NÃO;SALDOCE PRODUCOES ARTISTICAS LTDA;56.971.052/0001-60;RJ;RIO DE JANEIRO
CRIADORA SAFADA;B2600084400000;19/03/2026;DEFERIDO;FICÇÃO;Erótico/Pornográfica;COMUM;NÃO SERIADA;31;;2025;;COMUNICAÇÃO ELETRÔNICA DE MASSA POR ASSINATURA (TV PAGA);NÃO;DOCE DE LEITE FILMES LTDA;31.381.274/0001-00;SP;SÃO PAULO
CRIADORES ORIGINAIS;B2600025400000;28/01/2026;DEFERIDO;DOCUMENTÁRIO;;BRASILEIRA INDEPENDENTE CONSTITUINTE DE ESPAÇO QUALIFICADO;SERIADA EM TEMPORADA ÚNICA;442,0;8;2026;2026;COMUNICAÇÃO ELETRÔNICA DE MASSA POR ASSINATURA (TV PAGA);NÃO;AIUÊ PRODUTORA E EDITORA LTDA;09.225.539/0001-13;SP;SÃO PAULO
CRIAME;B2600203000000;23/06/2026;DEFERIDO;FICÇÃO;;BRASILEIRA INDEPENDENTE CONSTITUINTE DE ESPAÇO QUALIFICADO;NÃO SERIADA;9,0;;2026;;SALAS DE EXIBIÇÃO;NÃO;PARALELO 15 FILMES LTDA;30.284.248/0001-92;MT;CUIABÁ
CRIMES HOLANDESES;B2600026700000;29/01/2026;DEFERIDO;FICÇÃO;;BRASILEIRA INDEPENDENTE CONSTITUINTE DE ESPAÇO QUALIFICADO;NÃO SERIADA;22,1;;2025;;SALAS DE EXIBIÇÃO;NÃO;MARIA CLARA DE ALMEIDA COSTA;PESSOA FÍSICA;PE;RECIFE
CRIS PELO MUNDO, RUMO AO PARAÍSO;B2600066000000;03/03/2026;DEFERIDO;VARIEDADES;;BRASILEIRA INDEPENDENTE CONSTITUINTE DE ESPAÇO QUALIFICADO;SERIADA DE DURAÇÃO INDETERMINADA;364;13;2026;2026;COMUNICAÇÃO ELETRÔNICA DE MASSA POR ASSINATURA (TV PAGA);NÃO;CINEVIBE PRODUCOES LTDA;54.551.331/0001-49;AL;MACEIÓ
CRISTAL;B2600268700000;16/08/2026;DEFERIDO;VÍDEOMUSICAL;Registro de Eventos;BRASILEIRA INDEPENDENTE CONSTITUINTE DE ESPAÇO QUALIFICADO;NÃO SERIADA;5,2;;2025;;COMUNICAÇÃO ELETRÔNICA DE MASSA POR ASSINATURA (TV PAGA);NÃO;LORENZO PALMEIRO LENZ;PESSOA FÍSICA;RS;PELOTAS
CRUVIANA CITY;B2600246700000;28/07/2026;DEFERIDO;FICÇÃO;;BRASILEIRA INDEPENDENTE CONSTITUINTE DE ESPAÇO QUALIFICADO;SERIADA EM MÚLTIPLAS TEMPORADAS;63,8;6;2025;2025;NENHUMA DAS OPÇÕES;NÃO;JOSÉ OSMAR DA COSTA JÚNIOR;04.884.996/0001-04;RN;APODI
CUIDA DO PET;B2600223100000;10/07/2026;DEFERIDO;VÍDEOMUSICAL;;BRASILEIRA INDEPENDENTE CONSTITUINTE DE ESPAÇO QUALIFICADO;NÃO SERIADA;7,7;;2026;;COMUNICAÇÃO ELETRÔNICA DE MASSA POR ASSINATURA (TV PAGA);NÃO;47.707.461 BARBARA DA SILVA FIGUEIREDO;47.707.461/0001-62;SP;SÃO PAULO
CUIDADOS COM A TERAPIA NUTRICIONAL ENTERAL;B2600065800000;03/03/2026;DEFERIDO;VARIEDADES;Vídeoaula;BRASILEIRA CONSTITUINTE DE ESPAÇO QUALIFICADO;NÃO SERIADA;10,3;;2025;;VIDEO DOMÉSTICO;NÃO;NATÁLIA CAROLINA GONÇALVES CREPALDE;PESSOA FÍSICA;DF;BRASÍLIA
CUIDADOS COM A TRAQUEOSTOMIA;B2600224000000;11/07/2026;DEFERIDO;VARIEDADES;Vídeoaula;BRASILEIRA CONSTITUINTE DE ESPAÇO QUALIFICADO;SERIADA EM TEMPORADA ÚNICA;3;3;2026;2026;OUTROS MERCADOS;NÃO;FERNANDA PÓVOAS DOS ANJOS;PESSOA FÍSICA;PA;MARABÁ
CUIDADOS PÓS-IMPLANTE DE MARCAPASSO CARDÍACO.;B2600256400000;04/08/2026;DEFERIDO;VARIEDADES;Vídeoaula;BRASILEIRA CONSTITUINTE DE ESPAÇO QUALIFICADO;SERIADA EM TEMPORADA ÚNICA;7,9;3;2026;2026;OUTROS MERCADOS;NÃO;REGIANI BERNARDINO DA SILVA;PESSOA FÍSICA;PR;CURITIBA
CULTURA LIVRE;B2600090100000;25/03/2026;DEFERIDO;VARIEDADES;;BRASILEIRA CONSTITUINTE DE ESPAÇO QUALIFICADO;SERIADA EM MÚLTIPLAS TEMPORADAS;1109,4;44;2026;2026;RADIODIFUSÃO DE SONS E IMAGENS (TV ABERTA);NÃO;FUND PE ANCHIETA CENTRO PAULISTA RADIO E TV EDUCATIVAS;61.914.891/0001-86;SP;SÃO PAULO
CULTURA LIVRE - 2025 - COMPLEMENTO;B2600077300000;13/03/2026;DEFERIDO;VARIEDADES;;BRASILEIRA CONSTITUINTE DE ESPAÇO QUALIFICADO;SERIADA EM MÚLTIPLAS TEMPORADAS;138,8;4;2025;2025;RADIODIFUSÃO DE SONS E IMAGENS (TV ABERTA);NÃO;FUND PE ANCHIETA CENTRO PAULISTA RADIO E TV EDUCATIVAS;61.914.891/0001-86;SP;SÃO PAULO
CURA;B2600122200000;20/04/2026;DEFERIDO;VÍDEOMUSICAL;Registro de Eventos;BRASILEIRA INDEPENDENTE CONSTITUINTE DE ESPAÇO QUALIFICADO;NÃO SERIADA;1,5;;2019;;SALAS DE EXIBIÇÃO;NÃO;GUAJUPIA FILMES LTDA;50.205.115/0001-90;RJ;RIO DE JANEIRO
CURVAS;B2600164400000;20/05/2026;DEFERIDO;VÍDEOMUSICAL;;BRASILEIRA CONSTITUINTE DE ESPAÇO QUALIFICADO;NÃO SERIADA;2,9;;2026;;OUTROS MERCADOS - VÍDEO POR DEMANDA;NÃO;LEONARDO AUGUSTO FABBRI;PESSOA FÍSICA;PR;CURITIBA
CÓPIA SUA;B2600180500000;01/06/2026;DEFERIDO;VÍDEOMUSICAL;Registro de Eventos;BRASILEIRA INDEPENDENTE CONSTITUINTE DE ESPAÇO QUALIFICADO;NÃO SERIADA;2,5;;2025;;RADIODIFUSÃO DE SONS E IMAGENS (TV ABERTA);NÃO;CG AGENCIAMENTO E SERVIÇOS LTDA;30.022.536/0001-79;SP;RIBEIRÃO PRETO
DA ALDEIA À UNIVERSIDADE;B2600044300000;13/02/2026;DEFERIDO;DOCUMENTÁRIO;;BRASILEIRA CONSTITUINTE DE ESPAÇO QUALIFICADO;NÃO SERIADA;16,2;;2026;;NENHUMA DAS OPÇÕES;NÃO;49.269.134 GETULIO BARROS DE MELO;49.269.134/0001-00;TO;PALMAS
DA CONCEPÇÃO A FANTASIA - RATANABÁ NOS OLHOS DE LÍVIA PACHECO;B2600236000000;22/07/2026;DEFERIDO;DOCUMENTÁRIO;;BRASILEIRA CONSTITUINTE DE ESPAÇO QUALIFICADO;NÃO SERIADA;19,0;;2026;;OUTROS MERCADOS;NÃO;JEFFESON MANDU RANGEL;PESSOA FÍSICA;PE;PAUDALHO
DA JANELA;B2600075000000;12/03/2026;DEFERIDO;ANIMAÇÃO;;BRASILEIRA INDEPENDENTE CONSTITUINTE DE ESPAÇO QUALIFICADO;NÃO SERIADA;18,0;;2026;;OUTROS MERCADOS - AUDIOVISUAL EM CIRCUITO RESTRITO;NÃO;AVENIDA LAMPARINA PRODUCOES LTDA;12.371.889/0001-00;SC;JARAGUÁ DO SUL
DANCE POR MIM;B2600213000000;01/07/2026;DEFERIDO;FICÇÃO;;BRASILEIRA INDEPENDENTE CONSTITUINTE DE ESPAÇO QUALIFICADO;NÃO SERIADA;16,3;;2026;;OUTROS MERCADOS - AUDIOVISUAL EM CIRCUITO RESTRITO;NÃO;STEFANE ESKELSEN CAREBE;PESSOA FÍSICA;SP;SÃO PAULO
DANDA ENSINAMENTOS DA LINHAGEM MÃE DO OURO;B2600080500000;17/03/2026;DEFERIDO;FICÇÃO;;BRASILEIRA INDEPENDENTE CONSTITUINTE DE ESPAÇO QUALIFICADO;NÃO SERIADA;24,8;;2026;;SALAS DE EXIBIÇÃO;NÃO;RC PRODUTORA TREINAMENTOS E PALESTRAS LTDA;42.096.390/0001-95;SP;PAULÍNIA
DANDO NOME AOS MEUS MONSTROS;B2600012300000;14/01/2026;DEFERIDO;VÍDEOMUSICAL;;BRASILEIRA INDEPENDENTE CONSTITUINTE DE ESPAÇO QUALIFICADO;NÃO SERIADA;10,6;;2025;;COMUNICAÇÃO ELETRÔNICA DE MASSA POR ASSINATURA (TV PAGA);NÃO;47.707.461 BARBARA DA SILVA FIGUEIREDO;47.707.461/0001-62;SP;SÃO PAULO
DANILO CAYMMI E AMIGOS;B2600089700000;24/03/2026;DEFERIDO;VÍDEOMUSICAL;Registro de Eventos;BRASILEIRA INDEPENDENTE CONSTITUINTE DE ESPAÇO QUALIFICADO;NÃO SERIADA;61,5;;2009;;VIDEO DOMÉSTICO;NÃO;ROB DIGITAL LTDA;02.516.931/0001-72;RJ;RIO DE JANEIRO
DANÇA INVISÍVEL;B2600039100000;10/02/2026;DEFERIDO;FICÇÃO;;BRASILEIRA INDEPENDENTE CONSTITUINTE DE ESPAÇO QUALIFICADO;NÃO SERIADA;12,3;;2026;;SALAS DE EXIBIÇÃO;NÃO;CRISTIANE PINTO DE OLIVEIRA;07.704.008/0001-88;RS;PORTO ALEGRE
DANÇA PELA CIDADE;B2600254100000;31/07/2026;DEFERIDO;DOCUMENTÁRIO;;BRASILEIRA INDEPENDENTE CONSTITUINTE DE ESPAÇO QUALIFICADO;NÃO SERIADA;15,6;;2026;;SALAS DE EXIBIÇÃO;NÃO;39.422.786 ROSANA DIAS DOS SANTOS;39.422.786/0001-70;AL;ARAPIRACA
DANÇANDO COM DEMÔNIOS;B2600145900000;05/05/2026;DEFERIDO;FICÇÃO;Erótico/Pornográfica;COMUM;NÃO SERIADA;61;;2026;;COMUNICAÇÃO ELETRÔNICA DE MASSA POR ASSINATURA (TV PAGA);NÃO;LUZ VERMELHA FILMES - PRODUTORA DE CINEMA E VÍDEO LTDA;09.152.063/0001-38;SP;SÃO PAULO
DANÇAR COM A VIDA;B2600234400000;21/07/2026;DEFERIDO;VÍDEOMUSICAL;Registro de Eventos;BRASILEIRA INDEPENDENTE CONSTITUINTE DE ESPAÇO QUALIFICADO;NÃO SERIADA;3,7;;2026;;COMUNICAÇÃO ELETRÔNICA DE MASSA POR ASSINATURA (TV PAGA);NÃO;SALDOCE PRODUCOES ARTISTICAS LTDA;56.971.052/0001-60;RJ;RIO DE JANEIRO
DAQUI PRA FRENTE - BAYSIDE KINGS;B2600268300000;14/08/2026;DEFERIDO;VÍDEOMUSICAL;Registro de Eventos;BRASILEIRA INDEPENDENTE CONSTITUINTE DE ESPAÇO QUALIFICADO;NÃO SERIADA;2,3;;2026;;COMUNICAÇÃO ELETRÔNICA DE MASSA POR ASSINATURA (TV PAGA);NÃO;DECK PRODUÇÕES ARTÍSTICAS LTDA;30.253.090/0001-93;RJ;RIO DE JANEIRO
DAS ÁGUAS;B2600118500000;16/04/2026;DEFERIDO;VÍDEOMUSICAL;Registro de Eventos;BRASILEIRA INDEPENDENTE CONSTITUINTE DE ESPAÇO QUALIFICADO;NÃO SERIADA;2,1;;2019;;SALAS DE EXIBIÇÃO;NÃO;GUAJUPIA FILMES LTDA;50.205.115/0001-90;RJ;RIO DE JANEIRO
DAYDREAM;B2600015500000;16/01/2026;DEFERIDO;ANIMAÇÃO;;BRASILEIRA CONSTITUINTE DE ESPAÇO QUALIFICADO;NÃO SERIADA;0,8;;2026;;SALAS DE EXIBIÇÃO;NÃO;PRISCILA ANDREONI RIBEIRO;PESSOA FÍSICA;SP;SÃO PAULO
DE LESTE A OESTE;B2600032700000;04/02/2026;DEFERIDO;JORNALÍSTICA;;COMUM;SERIADA DE DURAÇÃO INDETERMINADA;2700;30;2026;2026;COMUNICAÇÃO ELETRÔNICA DE MASSA POR ASSINATURA (TV PAGA);NÃO;EDITORA TIPUANA LTDA.;19.608.677/0001-35;SP;SÃO PAULO
DE LOVE (LUAU 1KILO);B2600185500000;08/06/2026;DEFERIDO;VÍDEOMUSICAL;Registro de Eventos;BRASILEIRA INDEPENDENTE CONSTITUINTE DE ESPAÇO QUALIFICADO;NÃO SERIADA;3,6;;2026;;COMUNICAÇÃO ELETRÔNICA DE MASSA POR ASSINATURA (TV PAGA);NÃO;1 KILO GRAVADORA E EDITORA LTDA;29.318.673/0001-76;RJ;RIO DE JANEIRO
DE MÃOS LIMPAS;B2600213600000;02/07/2026;DEFERIDO;DOCUMENTÁRIO;;BRASILEIRA CONSTITUINTE DE ESPAÇO QUALIFICADO;NÃO SERIADA;15;;2024;;OUTROS MERCADOS - AUDIOVISUAL EM CIRCUITO RESTRITO;NÃO;CAMERA UM VÍDEO PRODUÇÕES LTDA;81.364.283/0001-52;SC;JOINVILLE
DE ONDE EU VIM;B2600229400000;15/07/2026;DEFERIDO;VÍDEOMUSICAL;;BRASILEIRA INDEPENDENTE CONSTITUINTE DE ESPAÇO QUALIFICADO;NÃO SERIADA;4,6;;2025;;COMUNICAÇÃO ELETRÔNICA DE MASSA POR ASSINATURA (TV PAGA);NÃO;TOCA DISCOS EDIÇÕES E EMPREENDIMENOS ARTISTICOS LTDA;07.672.527/0001-01;RJ;RIO DE JANEIRO
DECEPTION ISLAND, O OLHO DO VULCÃO;B2600177200000;28/05/2026;DEFERIDO;DOCUMENTÁRIO;;BRASILEIRA INDEPENDENTE CONSTITUINTE DE ESPAÇO QUALIFICADO;NÃO SERIADA;10,8;;2026;;OUTROS MERCADOS - AUDIOVISUAL EM CIRCUITO RESTRITO;NÃO;AION CINEMATOGRAFICA LTDA;01.835.704/0001-47;RJ;RIO DE JANEIRO
DECOLA & ANTIGO BLUES - VICTOR XAMÃ;B2600216600000;07/07/2026;DEFERIDO;VÍDEOMUSICAL;;BRASILEIRA CONSTITUINTE DE ESPAÇO QUALIFICADO;NÃO SERIADA;3,7;;2026;;COMUNICAÇÃO ELETRÔNICA DE MASSA POR ASSINATURA (TV PAGA);NÃO;VICTOR GARCIA DE ALMEIDA;PESSOA FÍSICA;AM;MANAUS
DEITO E CHORO;B2600111900000;14/04/2026;DEFERIDO;VÍDEOMUSICAL;Registro de Eventos;BRASILEIRA INDEPENDENTE CONSTITUINTE DE ESPAÇO QUALIFICADO;NÃO SERIADA;3,3;;2026;;COMUNICAÇÃO ELETRÔNICA DE MASSA POR ASSINATURA (TV PAGA);NÃO;TUANY ROCHA PESSOA ***********;42.710.842/0001-87;SP;SANTO ANDRÉ
DEITO E CHORO;B2600121300000;17/04/2026;DEFERIDO;VÍDEOMUSICAL;Registro de Eventos;BRASILEIRA INDEPENDENTE CONSTITUINTE DE ESPAÇO QUALIFICADO;NÃO SERIADA;3,3;;2026;;COMUNICAÇÃO ELETRÔNICA DE MASSA POR ASSINATURA (TV PAGA);NÃO;TUANY ROCHA PESSOA ***********;42.710.842/0001-87;SP;SANTO ANDRÉ
DEIXA A MARÉ TE LEVAR - SUPERCOMBO;B2600268000000;14/08/2026;DEFERIDO;VÍDEOMUSICAL;Registro de Eventos;BRASILEIRA INDEPENDENTE CONSTITUINTE DE ESPAÇO QUALIFICADO;NÃO SERIADA;3,7;;2026;;COMUNICAÇÃO ELETRÔNICA DE MASSA POR ASSINATURA (TV PAGA);NÃO;DECK PRODUÇÕES ARTÍSTICAS LTDA;30.253.090/0001-93;RJ;RIO DE JANEIRO
DEIXA ACONTECER;B2600112200000;14/04/2026;DEFERIDO;FICÇÃO;;BRASILEIRA CONSTITUINTE DE ESPAÇO QUALIFICADO;NÃO SERIADA;90;;2025;;COMUNICAÇÃO ELETRÔNICA DE MASSA POR ASSINATURA (TV PAGA);NÃO;GLOBO COMUNICACAO E PARTICIPACOES S/A;27.865.757/0001-02;RJ;RIO DE JANEIRO
DEIXANDO A CENA ROLAR;B2600190100000;10/06/2026;DEFERIDO;FICÇÃO;Erótico/Pornográfica;COMUM;NÃO SERIADA;31;;2026;;COMUNICAÇÃO ELETRÔNICA DE MASSA POR ASSINATURA (TV PAGA);NÃO;DOCE DE LEITE FILMES LTDA;31.381.274/0001-00;SP;SÃO PAULO
DEIXE-ME IR (LUAU 1KILO);B2600185100000;08/06/2026;DEFERIDO;VÍDEOMUSICAL;;BRASILEIRA INDEPENDENTE CONSTITUINTE DE ESPAÇO QUALIFICADO;NÃO SERIADA;4,2;;2026;;COMUNICAÇÃO ELETRÔNICA DE MASSA POR ASSINATURA (TV PAGA);NÃO;1 KILO GRAVADORA E EDITORA LTDA;29.318.673/0001-76;RJ;RIO DE JANEIRO
DELÍRIOS DE UMA NOITE;B2600190000000;10/06/2026;DEFERIDO;FICÇÃO;Erótico/Pornográfica;COMUM;NÃO SERIADA;31;;2026;;COMUNICAÇÃO ELETRÔNICA DE MASSA POR ASSINATURA (TV PAGA);NÃO;DOCE DE LEITE FILMES LTDA;31.381.274/0001-00;SP;SÃO PAULO
DEMOCRACIA PARA SEMPRE;B2600193700000;16/06/2026;DEFERIDO;DOCUMENTÁRIO;;BRASILEIRA CONSTITUINTE DE ESPAÇO QUALIFICADO;NÃO SERIADA;40;;2023;;COMUNICAÇÃO ELETRÔNICA DE MASSA POR ASSINATURA (TV PAGA);NÃO;SENADO FEDERAL;00.530.279/0001-15;DF;BRASÍLIA
DENTRO DO MEU PEITO MORA UM CÃO;B2600101400000;01/04/2026;DEFERIDO;FICÇÃO;;BRASILEIRA CONSTITUINTE DE ESPAÇO QUALIFICADO;NÃO SERIADA;24,3;;2026;;SALAS DE EXIBIÇÃO;NÃO;GABRIEL FELIPE DOS SANTOS;PESSOA FÍSICA;MG;NOVA LIMA
DEPOIS DA LAQUEADURA: CUIDADOS PÓS-OPERATÓRIOS;B2600073500000;10/03/2026;DEFERIDO;VARIEDADES;Vídeoaula;BRASILEIRA INDEPENDENTE CONSTITUINTE DE ESPAÇO QUALIFICADO;NÃO SERIADA;1,7;;2026;;VIDEO DOMÉSTICO;NÃO;LAUANY SILVA DE MEDEIROS;PESSOA FÍSICA;PA;TUCURUÍ
DEPOIS DO TREM;B2600020300000;23/01/2026;DEFERIDO;DOCUMENTÁRIO;;BRASILEIRA INDEPENDENTE CONSTITUINTE DE ESPAÇO QUALIFICADO;NÃO SERIADA;128,4;;2026;;SALAS DE EXIBIÇÃO;NÃO;POLO MS CINEMA E VÍDEO LTDA;03.493.590/0001-20;MS;CAMPO GRANDE
DESACUENDANDO O ACUENDA;B2600009000000;12/01/2026;DEFERIDO;DOCUMENTÁRIO;;BRASILEIRA INDEPENDENTE CONSTITUINTE DE ESPAÇO QUALIFICADO;NÃO SERIADA;15,2;;2026;;SALAS DE EXIBIÇÃO;NÃO;BELA FILMES PRODUÇÕES LTDA ME;13.359.654/0001-58;SP;SÃO PAULO
DESAFIO NAS ESCOLAS - 5ª TEMPORADA;B2600087300000;23/03/2026;DEFERIDO;DOCUMENTÁRIO;;BRASILEIRA INDEPENDENTE CONSTITUINTE DE ESPAÇO QUALIFICADO;SERIADA EM MÚLTIPLAS TEMPORADAS;48;4;2026;2026;VIDEO DOMÉSTICO;NÃO;OVO PRODUCOES ARTISTICAS E CULTURAIS EIRELI;14.026.768/0001-49;RJ;RIO DE JANEIRO
DESCANSADAO;B2600032600000;04/02/2026;DEFERIDO;VÍDEOMUSICAL;;BRASILEIRA INDEPENDENTE CONSTITUINTE DE ESPAÇO QUALIFICADO;NÃO SERIADA;4,0;;2025;;COMUNICAÇÃO ELETRÔNICA DE MASSA POR ASSINATURA (TV PAGA);NÃO;LP COMERCIO DE DISCOS LTDA;07.688.084/0001-47;RS;PORTO ALEGRE
DESCANSO;B2600031700000;03/02/2026;DEFERIDO;VÍDEOMUSICAL;;BRASILEIRA INDEPENDENTE CONSTITUINTE DE ESPAÇO QUALIFICADO;NÃO SERIADA;2,7;;2026;;COMUNICAÇÃO ELETRÔNICA DE MASSA POR ASSINATURA (TV PAGA);NÃO;47.707.461 BARBARA DA SILVA FIGUEIREDO;47.707.461/0001-62;SP;SÃO PAULO
DESCARBONIZAÇÃO;B2600104400000;06/04/2026;DEFERIDO;DOCUMENTÁRIO;;BRASILEIRA INDEPENDENTE CONSTITUINTE DE ESPAÇO QUALIFICADO;SERIADA EM TEMPORADA ÚNICA;169,2;6;2026;2026;COMUNICAÇÃO ELETRÔNICA DE MASSA POR ASSINATURA (TV PAGA);NÃO;PRODUTORA BRASILEIRA DE ARTE E CULTURA LTDA.;13.483.286/0001-55;SP;SÃO PAULO
DESCOBRINDO OS TESOUROS DO BRASIL;B2600066200000;03/03/2026;DEFERIDO;VARIEDADES;;BRASILEIRA INDEPENDENTE CONSTITUINTE DE ESPAÇO QUALIFICADO;SERIADA EM MÚLTIPLAS TEMPORADAS;416;16;2026;2026;COMUNICAÇÃO ELETRÔNICA DE MASSA POR ASSINATURA (TV PAGA);NÃO;ARTE QUE FAZ PRODUCOES LTDA;20.216.798/0001-10;SP;SÃO PAULO
DESCOBRIR & IMAGINAR;B2600081800000;18/03/2026;DEFERIDO;ANIMAÇÃO;;BRASILEIRA CONSTITUINTE DE ESPAÇO QUALIFICADO;SERIADA EM MÚLTIPLAS TEMPORADAS;780;52;2026;2026;COMUNICAÇÃO ELETRÔNICA DE MASSA POR ASSINATURA (TV PAGA);NÃO;NIRVANA TECNOLOGIA DIGITAL LTDA;24.815.120/0001-05;SP;SÃO PAULO
DESCOBRIR & IMAGINAR 2A. TEMPORADA;B2600154800000;12/05/2026;DEFERIDO;ANIMAÇÃO;;BRASILEIRA CONSTITUINTE DE ESPAÇO QUALIFICADO;SERIADA EM MÚLTIPLAS TEMPORADAS;520;104;2026;2026;COMUNICAÇÃO ELETRÔNICA DE MASSA POR ASSINATURA (TV PAGA);NÃO;NIRVANA TECNOLOGIA DIGITAL LTDA;24.815.120/0001-05;SP;SÃO PAULO
DESCOMPLICANDO A TRANSFUSÃO DE HEMOCOMPONENTES: PASSO A PASSO PARA UM PROCEDIMENTO SEGURO;B2600095700000;26/03/2026;DEFERIDO;ANIMAÇÃO;;BRASILEIRA CONSTITUINTE DE ESPAÇO QUALIFICADO;NÃO SERIADA;9,0;;2026;;VIDEO DOMÉSTICO;NÃO;CRISLEN DE MELO CONCEICAO;PESSOA FÍSICA;PA;BARCARENA
DESCONECTOU - JAMBU;B2600175600000;27/05/2026;DEFERIDO;VÍDEOMUSICAL;Registro de Eventos;BRASILEIRA INDEPENDENTE CONSTITUINTE DE ESPAÇO QUALIFICADO;NÃO SERIADA;3,3;;2026;;COMUNICAÇÃO ELETRÔNICA DE MASSA POR ASSINATURA (TV PAGA);NÃO;DECK PRODUÇÕES ARTÍSTICAS LTDA;30.253.090/0001-93;RJ;RIO DE JANEIRO
DESCOSTURANDO COM HERCHCOVITCH TEMPORADA 3;B2600198800000;19/06/2026;DEFERIDO;REALITY-SHOW;;BRASILEIRA INDEPENDENTE CONSTITUINTE DE ESPAÇO QUALIFICADO;SERIADA EM MÚLTIPLAS TEMPORADAS;320,0;6;2026;2026;COMUNICAÇÃO ELETRÔNICA DE MASSA POR ASSINATURA (TV PAGA);NÃO;MOOD HUNTER PRODUÇÕES LTDA;06.177.126/0001-12;SP;SÃO PAULO
DESEJOS DE DEZEMBRO;B2600253500000;30/07/2026;DEFERIDO;FICÇÃO;Erótico/Pornográfica;COMUM;NÃO SERIADA;69,7;;2026;;COMUNICAÇÃO ELETRÔNICA DE MASSA POR ASSINATURA (TV PAGA);NÃO;PAULA CRISTINA MANN LTDA;21.942.299/0001-73;SP;SÃO PAULO
DESEJOS REPRIMIDOS;B2600138700000;28/04/2026;DEFERIDO;FICÇÃO;Erótico/Pornográfica;COMUM;NÃO SERIADA;61,5;;2026;;COMUNICAÇÃO ELETRÔNICA DE MASSA POR ASSINATURA (TV PAGA);NÃO;BIG VIP PRODUCOES LTDA;33.597.264/0001-23;RJ;RIO DE JANEIRO
DESFEM;B2600067200000;04/03/2026;DEFERIDO;DOCUMENTÁRIO;;BRASILEIRA INDEPENDENTE CONSTITUINTE DE ESPAÇO QUALIFICADO;NÃO SERIADA;15,0;;2026;;OUTROS MERCADOS;NÃO;INSTITUTO QUERO;10.227.433/0001-38;SP;SANTOS
DESOPILAR;B2600005500000;07/01/2026;DEFERIDO;VÍDEOMUSICAL;Registro de Eventos;BRASILEIRA INDEPENDENTE CONSTITUINTE DE ESPAÇO QUALIFICADO;NÃO SERIADA;2,9;;2025;;COMUNICAÇÃO ELETRÔNICA DE MASSA POR ASSINATURA (TV PAGA);NÃO;THIAGO BRANDAO OLIVEIRA;PESSOA FÍSICA;PE;JABOATÃO DOS GUARARAPES
DESPERTAR;B2600086000000;20/03/2026;DEFERIDO;VÍDEOMUSICAL;;BRASILEIRA INDEPENDENTE CONSTITUINTE DE ESPAÇO QUALIFICADO;NÃO SERIADA;4,1;;2026;;COMUNICAÇÃO ELETRÔNICA DE MASSA POR ASSINATURA (TV PAGA);NÃO;HENRIQUE GARCIA RONCOLETTA;PESSOA FÍSICA;SP;JUNDIAÍ
DESTILADO;B2600037100000;08/02/2026;DEFERIDO;VÍDEOMUSICAL;Registro de Eventos;BRASILEIRA CONSTITUINTE DE ESPAÇO QUALIFICADO;NÃO SERIADA;2,9;;2024;;COMUNICAÇÃO ELETRÔNICA DE MASSA POR ASSINATURA (TV PAGA);NÃO;BONDE RECORDS MUSIC LTDA;21.857.777/0001-47;RJ;RIO DE JANEIRO
DESTILADO;B2600081900000;18/03/2026;DEFERIDO;VÍDEOMUSICAL;Registro de Eventos;BRASILEIRA CONSTITUINTE DE ESPAÇO QUALIFICADO;NÃO SERIADA;2,9;;2024;;COMUNICAÇÃO ELETRÔNICA DE MASSA POR ASSINATURA (TV PAGA);NÃO;BONDE RECORDS MUSIC LTDA;21.857.777/0001-47;RJ;RIO DE JANEIRO
DESTINO: SÃO JOÃO;B2600192400000;15/06/2026;DEFERIDO;VARIEDADES;;BRASILEIRA CONSTITUINTE DE ESPAÇO QUALIFICADO;NÃO SERIADA;40;;2026;;RADIODIFUSÃO DE SONS E IMAGENS (TV ABERTA);NÃO;GLOBO COMUNICACAO E PARTICIPACOES S/A;27.865.757/0001-02;RJ;RIO DE JANEIRO
DESTINOS DOS SONHOS;B2600069300000;06/03/2026;DEFERIDO;VARIEDADES;;BRASILEIRA CONSTITUINTE DE ESPAÇO QUALIFICADO;SERIADA EM TEMPORADA ÚNICA;73,4;6;2025;2025;SALAS DE EXIBIÇÃO;NÃO;35.701.015 DANIELE MACHADO COUTINHO;35.701.015/0001-61;RJ;CAMPOS DOS GOYTACAZES
DESTINOS DOS SONHOS - 2ª TEMPORADA;B2600250500000;29/07/2026;DEFERIDO;VARIEDADES;;BRASILEIRA CONSTITUINTE DE ESPAÇO QUALIFICADO;SERIADA EM MÚLTIPLAS TEMPORADAS;43,7;4;2026;2026;OUTROS MERCADOS;NÃO;35.701.015 DANIELE MACHADO COUTINHO;35.701.015/0001-61;RJ;CAMPOS DOS GOYTACAZES
DESTINOS IMPERDÍVEIS;B2600103200000;03/04/2026;DEFERIDO;VARIEDADES;;BRASILEIRA CONSTITUINTE DE ESPAÇO QUALIFICADO;SERIADA EM TEMPORADA ÚNICA;120;24;2025;2025;COMUNICAÇÃO ELETRÔNICA DE MASSA POR ASSINATURA (TV PAGA);NÃO;NIRVANA TECNOLOGIA DIGITAL LTDA;24.815.120/0001-05;SP;SÃO PAULO
DESVELANDO SALVADOR TEMPORADA 2;B2600184800000;08/06/2026;DEFERIDO;VARIEDADES;;BRASILEIRA INDEPENDENTE CONSTITUINTE DE ESPAÇO QUALIFICADO;SERIADA EM TEMPORADA ÚNICA;74,2;6;2026;2026;RADIODIFUSÃO DE SONS E IMAGENS (TV ABERTA);NÃO;MANGABA PRODUÇÕES LTDA;14.800.264/0001-34;BA;SALVADOR
DEU TILT - 4A TEMPORADA;B2600048900000;20/02/2026;DEFERIDO;VARIEDADES;;BRASILEIRA CONSTITUINTE DE ESPAÇO QUALIFICADO;SERIADA EM MÚLTIPLAS TEMPORADAS;1512;28;2026;2026;COMUNICAÇÃO ELETRÔNICA DE MASSA POR ASSINATURA (TV PAGA);NÃO;UNIVERSO ONLINE S.A.;01.109.184/0001-95;SP;SÃO PAULO
DEVOLVA-ME;B2600266700000;13/08/2026;DEFERIDO;FICÇÃO;;BRASILEIRA INDEPENDENTE CONSTITUINTE DE ESPAÇO QUALIFICADO;NÃO SERIADA;104,4;;2026;;SALAS DE EXIBIÇÃO;NÃO;MULTIPLOT FILMES ENTRETENIMENTO E NOTÍCIAS DE TV LTDA;49.076.207/0001-39;PR;FOZ DO IGUAÇU
DEZ DIAS DE CLAMOR;B2600044600000;18/02/2026;DEFERIDO;RELIGIOSA;;COMUM;SERIADA EM MÚLTIPLAS TEMPORADAS;10;10;2026;2026;RADIODIFUSÃO DE SONS E IMAGENS (TV ABERTA);NÃO;TELEVISAO CACHOEIRA DO SUL LTDA;89.784.037/0001-61;RS;CACHOEIRA DO SUL
DHURMA DUB;B2600099800000;31/03/2026;DEFERIDO;VÍDEOMUSICAL;Registro de Eventos;BRASILEIRA INDEPENDENTE CONSTITUINTE DE ESPAÇO QUALIFICADO;NÃO SERIADA;2,4;;2026;;COMUNICAÇÃO ELETRÔNICA DE MASSA POR ASSINATURA (TV PAGA);NÃO;GABRIELA RICCIARDI CASERTA;42.271.245/0001-01;SP;SÃO PAULO
DI CAVALCANTI;B2600079700000;17/03/2026;DEFERIDO;DOCUMENTÁRIO;;BRASILEIRA INDEPENDENTE CONSTITUINTE DE ESPAÇO QUALIFICADO;NÃO SERIADA;73,8;;2026;;COMUNICAÇÃO ELETRÔNICA DE MASSA POR ASSINATURA (TV PAGA);NÃO;TRES TEMPOS FILMES LTDA;00.360.459/0001-04;RJ;RIO DE JANEIRO
DIA BONITO;B2600193100000;16/06/2026;DEFERIDO;VÍDEOMUSICAL;Registro de Eventos;BRASILEIRA CONSTITUINTE DE ESPAÇO QUALIFICADO;NÃO SERIADA;3,9;;2026;;COMUNICAÇÃO ELETRÔNICA DE MASSA POR ASSINATURA (TV PAGA);NÃO;FORRO CORE PRODUCOES LTDA;54.966.545/0001-86;RJ;RIO DE JANEIRO
DIAS DE TEMPESTADE;B2600074300000;11/03/2026;DEFERIDO;ANIMAÇÃO;;BRASILEIRA INDEPENDENTE CONSTITUINTE DE ESPAÇO QUALIFICADO;NÃO SERIADA;19,8;;2026;;SALAS DE EXIBIÇÃO;NÃO;CARANGUEJEIRA COMUNICACAO E PRODUCAO AUDIOVISUAL LTDA ME.;12.345.593/0001-07;BA;SALVADOR
DIAS MAIS FELIZES;B2600126200000;23/04/2026;DEFERIDO;VÍDEOMUSICAL;Registro de Eventos;BRASILEIRA INDEPENDENTE CONSTITUINTE DE ESPAÇO QUALIFICADO;NÃO SERIADA;3,8;;2024;;SALAS DE EXIBIÇÃO;NÃO;JÁDER LOURES DE BRITO;PESSOA FÍSICA;MG;PONTE NOVA
DIAZÃO;B2600259500000;06/08/2026;DEFERIDO;VÍDEOMUSICAL;Registro de Eventos;BRASILEIRA CONSTITUINTE DE ESPAÇO QUALIFICADO;NÃO SERIADA;2,3;;2026;;RADIODIFUSÃO DE SONS E IMAGENS (TV ABERTA);NÃO;MISTER.MPRODUCOES ARTISTICAS LTDA;12.217.693/0001-58;RJ;RIO DE JANEIRO
DICAS DO DUDU;B2600138200000;28/04/2026;DEFERIDO;ANIMAÇÃO;;BRASILEIRA INDEPENDENTE CONSTITUINTE DE ESPAÇO QUALIFICADO;SERIADA EM TEMPORADA ÚNICA;52;26;2026;2026;COMUNICAÇÃO ELETRÔNICA DE MASSA POR ASSINATURA (TV PAGA);NÃO;LE BLON AUDIOVISUAL LTDA;42.457.308/0001-00;SP;SÃO PAULO
DILMA MENDES - FUTEBOL E RAÇA;B2600156100000;13/05/2026;DEFERIDO;DOCUMENTÁRIO;;BRASILEIRA INDEPENDENTE CONSTITUINTE DE ESPAÇO QUALIFICADO;NÃO SERIADA;18,4;;2026;;COMUNICAÇÃO ELETRÔNICA DE MASSA POR ASSINATURA (TV PAGA);NÃO;AMORDIVINO FILMES LTDA;41.086.669/0001-25;BA;SALVADOR
DIOGO NA COZINHA - 2ª TEMPORADA;B2600008800000;12/01/2026;DEFERIDO;VARIEDADES;;BRASILEIRA INDEPENDENTE CONSTITUINTE DE ESPAÇO QUALIFICADO;SERIADA EM MÚLTIPLAS TEMPORADAS;320,4;12;2026;2026;COMUNICAÇÃO ELETRÔNICA DE MASSA POR ASSINATURA (TV PAGA);NÃO;RIO CINEMA DIGITAL PRODUÇÕES AUDIOVISUAIS LTDA;11.647.242/0001-98;RJ;RIO DE JANEIRO
DIVÃ DE CNPJ - 4A TEMPORADA;B2600024700000;27/01/2026;DEFERIDO;VARIEDADES;;BRASILEIRA CONSTITUINTE DE ESPAÇO QUALIFICADO;SERIADA EM MÚLTIPLAS TEMPORADAS;2916;54;2026;2026;COMUNICAÇÃO ELETRÔNICA DE MASSA POR ASSINATURA (TV PAGA);NÃO;UNIVERSO ONLINE S.A.;01.109.184/0001-95;SP;SÃO PAULO
DIZ PRA MIM;B2600089100000;24/03/2026;DEFERIDO;VÍDEOMUSICAL;Registro de Eventos;BRASILEIRA CONSTITUINTE DE ESPAÇO QUALIFICADO;NÃO SERIADA;4,2;;2024;;COMUNICAÇÃO ELETRÔNICA DE MASSA POR ASSINATURA (TV PAGA);NÃO;BONDE RECORDS MUSIC LTDA;21.857.777/0001-47;RJ;RIO DE JANEIRO
DM;B2600027500000;30/01/2026;DEFERIDO;VÍDEOMUSICAL;;BRASILEIRA INDEPENDENTE CONSTITUINTE DE ESPAÇO QUALIFICADO;NÃO SERIADA;2,9;;2026;;COMUNICAÇÃO ELETRÔNICA DE MASSA POR ASSINATURA (TV PAGA);NÃO;FELIPE UNGARETTI ENGRACIA DE FARIA;PESSOA FÍSICA;SP;RIBEIRÃO PRETO
DNA;B2600171200000;25/05/2026;DEFERIDO;DOCUMENTÁRIO;;BRASILEIRA INDEPENDENTE CONSTITUINTE DE ESPAÇO QUALIFICADO;SERIADA EM TEMPORADA ÚNICA;124,6;3;2026;2026;COMUNICAÇÃO ELETRÔNICA DE MASSA POR ASSINATURA (TV PAGA);NÃO;PINDORAMA FILMES LTDA;04.453.786/0001-53;RJ;RIO DE JANEIRO
DO ALTO DA MINHA TORRE;B2600147800000;05/05/2026;DEFERIDO;VÍDEOMUSICAL;Registro de Eventos;BRASILEIRA INDEPENDENTE CONSTITUINTE DE ESPAÇO QUALIFICADO;NÃO SERIADA;3,1;;2026;;COMUNICAÇÃO ELETRÔNICA DE MASSA POR ASSINATURA (TV PAGA);NÃO;CLAUDIO WALLACE MENDES PEREIRA ***********;38.486.190/0001-71;PA;ANANINDEUA
DO COLO DA TERRA;B2600179500000;29/05/2026;DEFERIDO;DOCUMENTÁRIO;;BRASILEIRA INDEPENDENTE CONSTITUINTE DE ESPAÇO QUALIFICADO;NÃO SERIADA;75,4;;2026;;OUTROS MERCADOS - VÍDEO POR DEMANDA;NÃO;LUDUS VIDEOS E CULTURA LTDA - ME;09.261.882/0001-13;SP;SÃO PAULO
DO OUTRO LADO DO PAVILHÃO;B2600185900000;08/06/2026;DEFERIDO;DOCUMENTÁRIO;;BRASILEIRA INDEPENDENTE CONSTITUINTE DE ESPAÇO QUALIFICADO;NÃO SERIADA;72,2;;2026;;COMUNICAÇÃO ELETRÔNICA DE MASSA POR ASSINATURA (TV PAGA);NÃO;70 FILMES PRODUCOES ARTÍSTICAS LTDA;18.009.049/0001-70;RJ;RIO DE JANEIRO
DO QUARTO PARA O MUNDO – A HISTÓRIA DE ENALDINHO;B2600209800000;29/06/2026;DEFERIDO;DOCUMENTÁRIO;;BRASILEIRA INDEPENDENTE CONSTITUINTE DE ESPAÇO QUALIFICADO;NÃO SERIADA;93,3;;2026;;COMUNICAÇÃO ELETRÔNICA DE MASSA POR ASSINATURA (TV PAGA);NÃO;ELO PRODUÇÕES LTDA;40.413.048/0001-46;MG;LAGOA SANTA
DO TERREIRO À CIDADE COM MUNIZ SODRÉ;B2600186600000;09/06/2026;DEFERIDO;DOCUMENTÁRIO;;BRASILEIRA CONSTITUINTE DE ESPAÇO QUALIFICADO;NÃO SERIADA;71,2;;2026;;VIDEO DOMÉSTICO;NÃO;VANEZA MELLO DIAS;PESSOA FÍSICA;SP;SANTOS
DOC. INVESTIGAÇÃO;B2600227400000;14/07/2026;DEFERIDO;JORNALÍSTICA;;COMUM;SERIADA EM MÚLTIPLAS TEMPORADAS;300;6;2026;2026;RADIODIFUSÃO DE SONS E IMAGENS (TV ABERTA);NÃO;RADIO E TELEVISAO RECORD S.A;60.628.369/0001-75;SP;SÃO PAULO
DOCE OTAVIA;B2600029700000;03/02/2026;DEFERIDO;VARIEDADES;;BRASILEIRA CONSTITUINTE DE ESPAÇO QUALIFICADO;SERIADA DE DURAÇÃO INDETERMINADA;1000;100;2026;2026;COMUNICAÇÃO ELETRÔNICA DE MASSA POR ASSINATURA (TV PAGA);NÃO;SPRING PUBLICAÇÕES LTDA.;08.234.482/0001-56;SP;SÃO PAULO
DOIS A DOIS;B2600118000000;16/04/2026;DEFERIDO;FICÇÃO;Erótico/Pornográfica;COMUM;NÃO SERIADA;19,2;;2019;;COMUNICAÇÃO ELETRÔNICA DE MASSA POR ASSINATURA (TV PAGA);NÃO;FEVER FILMES PRODUÇÕES LTDA;36.540.172/0001-03;SP;SÃO PAULO
DOIS LOUCOS;B2600244400000;24/07/2026;DEFERIDO;VÍDEOMUSICAL;;BRASILEIRA INDEPENDENTE CONSTITUINTE DE ESPAÇO QUALIFICADO;NÃO SERIADA;3,7;;2026;;COMUNICAÇÃO ELETRÔNICA DE MASSA POR ASSINATURA (TV PAGA);NÃO;53.450.239 ANA PAULA BOVI VALLILO;53.450.239/0001-20;SP;SANTANA DE PARNAÍBA
DOIS PASSOS DO PARAÍSO;B2600156900000;14/05/2026;DEFERIDO;FICÇÃO;;BRASILEIRA INDEPENDENTE CONSTITUINTE DE ESPAÇO QUALIFICADO;NÃO SERIADA;69,6;;2026;;COMUNICAÇÃO ELETRÔNICA DE MASSA POR ASSINATURA (TV PAGA);NÃO;CAVIDEO PRODUÇÕES COMÉRCIO E LOCAÇÃO DE FILMES LTDA;01.666.326/0001-15;RJ;RIO DE JANEIRO
DOM BOSCO S.A;B2600007200000;09/01/2026;DEFERIDO;VÍDEOMUSICAL;;BRASILEIRA INDEPENDENTE CONSTITUINTE DE ESPAÇO QUALIFICADO;NÃO SERIADA;5,2;;2025;;COMUNICAÇÃO ELETRÔNICA DE MASSA POR ASSINATURA (TV PAGA);NÃO;VEGAS CULTURAL LTDA;52.743.723/0001-84;SP;AMERICANA
DOMINGUINHO AO VIVO;B2600157600000;14/05/2026;DEFERIDO;VÍDEOMUSICAL;Registro de Eventos;BRASILEIRA CONSTITUINTE DE ESPAÇO QUALIFICADO;NÃO SERIADA;180;;2026;;COMUNICAÇÃO ELETRÔNICA DE MASSA POR ASSINATURA (TV PAGA);NÃO;GLOBO COMUNICACAO E PARTICIPACOES S/A;27.865.757/0001-02;RJ;RIO DE JANEIRO
DOMINGÃO COM HUCK 2026;B2600001100000;02/01/2026;DEFERIDO;PROGRAMA DE AUDITÓRIO ANCORADO POR APRESENTADOR;;COMUM;SERIADA EM MÚLTIPLAS TEMPORADAS;7540;52;2026;2026;RADIODIFUSÃO DE SONS E IMAGENS (TV ABERTA);NÃO;GLOBO COMUNICACAO E PARTICIPACOES S/A;27.865.757/0001-02;RJ;RIO DE JANEIRO
DONA;B2600251100000;29/07/2026;DEFERIDO;FICÇÃO;;BRASILEIRA INDEPENDENTE CONSTITUINTE DE ESPAÇO QUALIFICADO;NÃO SERIADA;18,6;;2026;;OUTROS MERCADOS - AUDIOVISUAL EM CIRCUITO RESTRITO;NÃO;DONA PRODUCOES CINEMATOGRAFICAS E CULTURAIS LTDA;47.393.741/0001-43;MG;BELO HORIZONTE
DONA ANTONIA - RAINHA DA FARINHADA;B2600153500000;11/05/2026;DEFERIDO;DOCUMENTÁRIO;;BRASILEIRA INDEPENDENTE CONSTITUINTE DE ESPAÇO QUALIFICADO;SERIADA EM TEMPORADA ÚNICA;52;4;2026;2026;COMUNICAÇÃO ELETRÔNICA DE MASSA POR ASSINATURA (TV PAGA);NÃO;JOSÉ CARLOS DE CASTRO JÚNIOR ***********;20.272.617/0001-73;BA;SALVADOR
DONA ONETE - MEU CORAÇÃO NESTE PEDACINHO AQUI;B2600022700000;26/01/2026;DEFERIDO;DOCUMENTÁRIO;;BRASILEIRA INDEPENDENTE CONSTITUINTE DE ESPAÇO QUALIFICADO;NÃO SERIADA;92,4;;2026;;SALAS DE EXIBIÇÃO;NÃO;CONSPIRAÇÃO FILMES ENTRETENIMENTO 3º MILÊNIO LTDA.;09.180.984/0001-04;RJ;RIO DE JANEIRO
DOPAMINA;B2600083400000;18/03/2026;DEFERIDO;VÍDEOMUSICAL;;BRASILEIRA CONSTITUINTE DE ESPAÇO QUALIFICADO;NÃO SERIADA;3,4;;2026;;COMUNICAÇÃO ELETRÔNICA DE MASSA POR ASSINATURA (TV PAGA);NÃO;ANDERSON VIEIRA DOS SANTOS;PESSOA FÍSICA;SP;SÃO PAULO
DRAGÕES;B2600164900000;21/05/2026;DEFERIDO;DOCUMENTÁRIO;;BRASILEIRA INDEPENDENTE CONSTITUINTE DE ESPAÇO QUALIFICADO;NÃO SERIADA;84,1;;2026;;COMUNICAÇÃO ELETRÔNICA DE MASSA POR ASSINATURA (TV PAGA);NÃO;L L MECCHI PRODUCOES LTDA;07.907.404/0001-02;SP;SÃO PAULO
DROPZANDO NA TV;B2600136000000;27/04/2026;DEFERIDO;VÍDEOMUSICAL;Registro de Eventos;BRASILEIRA CONSTITUINTE DE ESPAÇO QUALIFICADO;SERIADA DE DURAÇÃO INDETERMINADA;32500;65;2025;2026;RADIODIFUSÃO DE SONS E IMAGENS (TV ABERTA);NÃO;29.912.759 RENATA DA SILVA DUBOIS;29.912.759/0001-22;RS;PORTO ALEGRE
DRUNK ON YOU;B2600264400000;10/08/2026;DEFERIDO;VÍDEOMUSICAL;Registro de Eventos;BRASILEIRA INDEPENDENTE CONSTITUINTE DE ESPAÇO QUALIFICADO;NÃO SERIADA;343;;2026;;COMUNICAÇÃO ELETRÔNICA DE MASSA POR ASSINATURA (TV PAGA);NÃO;MULTIPHOCUS & CASANOVA ARTE & COMUNICACAO LTDA;14.892.714/0001-66;RJ;RIO DE JANEIRO
DUELO DE GUITARRAS;B2600022100000;26/01/2026;DEFERIDO;REALITY-SHOW;;BRASILEIRA INDEPENDENTE CONSTITUINTE DE ESPAÇO QUALIFICADO;SERIADA EM MÚLTIPLAS TEMPORADAS;721,9;16;2026;2026;RADIODIFUSÃO DE SONS E IMAGENS (TV ABERTA);NÃO;MAC COMUNICAÇÃO E PRODUÇÃO LTDA;40.426.918/0001-11;RJ;RIO DE JANEIRO
DUELO DE MARCENEIROS - 5ª TEMPORADA;B2600264700000;11/08/2026;DEFERIDO;REALITY-SHOW;;BRASILEIRA INDEPENDENTE CONSTITUINTE DE ESPAÇO QUALIFICADO;SERIADA EM MÚLTIPLAS TEMPORADAS;180;6;2026;2026;COMUNICAÇÃO ELETRÔNICA DE MASSA POR ASSINATURA (TV PAGA);NÃO;RG CRIAÇÕES E PROJETOS DE PUBLICIDADE LTDA;42.546.083/0001-69;MS;CAMPO GRANDE
DÓLAR;B2600170400000;25/05/2026;DEFERIDO;VÍDEOMUSICAL;;BRASILEIRA CONSTITUINTE DE ESPAÇO QUALIFICADO;NÃO SERIADA;3,1;;2026;;COMUNICAÇÃO ELETRÔNICA DE MASSA POR ASSINATURA (TV PAGA);NÃO;JOSE MOREIRA DE SOUZA;PESSOA FÍSICA;SP;LOUVEIRA
E SE EU FOSSE PUTA;B2600198900000;19/06/2026;DEFERIDO;DOCUMENTÁRIO;;BRASILEIRA INDEPENDENTE CONSTITUINTE DE ESPAÇO QUALIFICADO;NÃO SERIADA;72,9;;2026;;SALAS DE EXIBIÇÃO;NÃO;VÁLVULA PRODUÇÕES LTDA.;01.883.018/0001-41;SP;SÃO PAULO
E SE VIVER FOR ISSO;B2600173100000;26/05/2026;DEFERIDO;VÍDEOMUSICAL;;BRASILEIRA INDEPENDENTE CONSTITUINTE DE ESPAÇO QUALIFICADO;NÃO SERIADA;3,9;;2026;;COMUNICAÇÃO ELETRÔNICA DE MASSA POR ASSINATURA (TV PAGA);NÃO;40.670.840 VINICIUS GARCIA DA SILVA;40.670.840/0001-86;SP;SÃO JOSÉ DOS CAMPOS
E.T. - EDU E TATÁ;B2600127000000;24/04/2026;DEFERIDO;VARIEDADES;;BRASILEIRA CONSTITUINTE DE ESPAÇO QUALIFICADO;SERIADA EM TEMPORADA ÚNICA;300;10;2025;2025;COMUNICAÇÃO ELETRÔNICA DE MASSA POR ASSINATURA (TV PAGA);NÃO;GLOBO COMUNICACAO E PARTICIPACOES S/A;27.865.757/0001-02;RJ;RIO DE JANEIRO
EBULIÇÃO TROPICAL;B2600178300000;28/05/2026;DEFERIDO;DOCUMENTÁRIO;;BRASILEIRA INDEPENDENTE CONSTITUINTE DE ESPAÇO QUALIFICADO;NÃO SERIADA;78,5;;2026;;COMUNICAÇÃO ELETRÔNICA DE MASSA POR ASSINATURA (TV PAGA);NÃO;LUNART S/S LTDA;04.260.031/0001-32;CE;FORTALEZA
ECLIPSE;B2600041700000;11/02/2026;DEFERIDO;FICÇÃO;;BRASILEIRA INDEPENDENTE CONSTITUINTE DE ESPAÇO QUALIFICADO;NÃO SERIADA;108,5;;2026;;SALAS DE EXIBIÇÃO;NÃO;MERCURIO PRODUCOES LTDA;04.760.800/0001-61;SP;SÃO PAULO
ECO PRESENTE - TERESÓPOLIS;B2600249900000;29/07/2026;DEFERIDO;DOCUMENTÁRIO;;BRASILEIRA CONSTITUINTE DE ESPAÇO QUALIFICADO;NÃO SERIADA;14,2;;2026;;OUTROS MERCADOS;NÃO;INSTITUTO ARRECIFE;42.989.894/0001-34;RJ;RIO DE JANEIRO
ECOLOUCOS - UMA COMÉDIA INSUSTENTÁVEL;B2600013900000;16/01/2026;DEFERIDO;FICÇÃO;;BRASILEIRA INDEPENDENTE CONSTITUINTE DE ESPAÇO QUALIFICADO;NÃO SERIADA;96,8;;2026;;SALAS DE EXIBIÇÃO;NÃO;34 FILMES LTDA;04.852.671/0001-31;DF;BRASÍLIA
ECONOMIA GEEK;B2600144900000;04/05/2026;DEFERIDO;DOCUMENTÁRIO;;BRASILEIRA INDEPENDENTE CONSTITUINTE DE ESPAÇO QUALIFICADO;SERIADA EM TEMPORADA ÚNICA;200,1;5;2026;2026;COMUNICAÇÃO ELETRÔNICA DE MASSA POR ASSINATURA (TV PAGA);NÃO;CANAL AZUL PRODUÇÕES CULTURAIS LTDA;01.613.170/0001-04;SP;SÃO PAULO
ECOS DO SILÊNCIO;B2600113400000;15/04/2026;DEFERIDO;FICÇÃO;;BRASILEIRA INDEPENDENTE CONSTITUINTE DE ESPAÇO QUALIFICADO;NÃO SERIADA;20,7;;2026;;VIDEO DOMÉSTICO;NÃO;PITACO FILMES PRODUCOES AUDIOVISUAIS LTDA;48.537.548/0001-00;SP;PIRACICABA
ECOS SOB A PELE;B2600178000000;28/05/2026;DEFERIDO;FICÇÃO;;BRASILEIRA INDEPENDENTE CONSTITUINTE DE ESPAÇO QUALIFICADO;NÃO SERIADA;12,2;;2026;;OUTROS MERCADOS;NÃO;55 FILMES E PRODUCOES LTDA;23.671.684/0001-59;SP;SÃO PAULO
EDILSON QUE O POVO GOSTA;B2600120800000;17/04/2026;DEFERIDO;VARIEDADES;;BRASILEIRA CONSTITUINTE DE ESPAÇO QUALIFICADO;SERIADA DE DURAÇÃO INDETERMINADA;587,1;7;2026;2026;OUTROS MERCADOS;NÃO;PORTA DOS FUNDOS PRODUTORA E DISTRIBUIDORA AUDIOVISUAL S.A.;17.227.558/0001-07;RJ;RIO DE JANEIRO
EGO TEMPERADO;B2600234800000;21/07/2026;DEFERIDO;VÍDEOMUSICAL;Registro de Eventos;BRASILEIRA INDEPENDENTE CONSTITUINTE DE ESPAÇO QUALIFICADO;NÃO SERIADA;3,2;;2026;;COMUNICAÇÃO ELETRÔNICA DE MASSA POR ASSINATURA (TV PAGA);NÃO;SALDOCE PRODUCOES ARTISTICAS LTDA;56.971.052/0001-60;RJ;RIO DE JANEIRO
EGOÍSMO;B2600031400000;03/02/2026;DEFERIDO;VÍDEOMUSICAL;;BRASILEIRA INDEPENDENTE CONSTITUINTE DE ESPAÇO QUALIFICADO;NÃO SERIADA;3,0;;2026;;COMUNICAÇÃO ELETRÔNICA DE MASSA POR ASSINATURA (TV PAGA);NÃO;47.707.461 BARBARA DA SILVA FIGUEIREDO;47.707.461/0001-62;SP;SÃO PAULO
ELA FOI ALI GUARDAR O CORAÇÃO NA GELADEIRA;B2600173000000;26/05/2026;DEFERIDO;FICÇÃO;;BRASILEIRA INDEPENDENTE CONSTITUINTE DE ESPAÇO QUALIFICADO;NÃO SERIADA;78,4;;2026;;SALAS DE EXIBIÇÃO;NÃO;CRISTIANE PINTO DE OLIVEIRA;07.704.008/0001-88;RS;PORTO ALEGRE
ELE ERA ASSIM;B2600137100000;28/04/2026;DEFERIDO;DOCUMENTÁRIO;;BRASILEIRA INDEPENDENTE CONSTITUINTE DE ESPAÇO QUALIFICADO;NÃO SERIADA;15,2;;2019;;OUTROS MERCADOS - AUDIOVISUAL EM CIRCUITO RESTRITO;NÃO;TRES TEMPOS FILMES LTDA;00.360.459/0001-04;RJ;RIO DE JANEIRO
ELEVATOR PITCH BRASIL;B2600222100000;10/07/2026;DEFERIDO;REALITY-SHOW;;BRASILEIRA CONSTITUINTE DE ESPAÇO QUALIFICADO;SERIADA EM TEMPORADA ÚNICA;600;10;2026;2026;RADIODIFUSÃO DE SONS E IMAGENS (TV ABERTA);NÃO;BELLINO´S UNLIMITED EMPREENDIMENTOS E PARTICIPAÇÕES LTDA;08.541.458/0001-60;SP;ITATIBA
ELIS&EU;B2600219400000;09/07/2026;DEFERIDO;DOCUMENTÁRIO;;BRASILEIRA INDEPENDENTE CONSTITUINTE DE ESPAÇO QUALIFICADO;NÃO SERIADA;79,9;;2026;;COMUNICAÇÃO ELETRÔNICA DE MASSA POR ASSINATURA (TV PAGA);NÃO;MOVIOCA PRODUÇÕES ARTÍSTICAS LTDA - ME;15.743.170/0001-33;SP;SÃO PAULO
ELISA SANCHES DENTRO E FORA DAS QUATRO LINHAS;B2600234500000;21/07/2026;DEFERIDO;FICÇÃO;Erótico/Pornográfica;COMUM;NÃO SERIADA;41,6;;2026;;COMUNICAÇÃO ELETRÔNICA DE MASSA POR ASSINATURA (TV PAGA);NÃO;BM SERVICOS DE INTERNET LTDA;18.998.725/0001-86;RJ;RIO DE JANEIRO
EL_ TEM NOME;B2600221500000;10/07/2026;DEFERIDO;DOCUMENTÁRIO;;BRASILEIRA INDEPENDENTE CONSTITUINTE DE ESPAÇO QUALIFICADO;NÃO SERIADA;15;;2026;;OUTROS MERCADOS;NÃO;INQUIETO CRIACAO DE CONTEUDO LTDA;26.461.622/0001-00;RJ;RIO DE JANEIRO
EM BUSCA DA ONÇA PARDA;B2600150300000;07/05/2026;DEFERIDO;DOCUMENTÁRIO;;BRASILEIRA INDEPENDENTE CONSTITUINTE DE ESPAÇO QUALIFICADO;NÃO SERIADA;51,1;;2026;;RADIODIFUSÃO DE SONS E IMAGENS (TV ABERTA);NÃO;CANAL AZUL PRODUÇÕES CULTURAIS LTDA;01.613.170/0001-04;SP;SÃO PAULO
EM BUSCA DO CAMPEÃO;B2600079400000;16/03/2026;DEFERIDO;DOCUMENTÁRIO;;BRASILEIRA INDEPENDENTE CONSTITUINTE DE ESPAÇO QUALIFICADO;SERIADA EM TEMPORADA ÚNICA;85,0;2;2026;2026;RADIODIFUSÃO DE SONS E IMAGENS (TV ABERTA);NÃO;RMG & DAVI COMUNICAÇÕES LTDA;07.904.474/0001-07;SP;SANTANA DE PARNAÍBA
EM FAMÍLIA COM ELIANA;B2600070600000;06/03/2026;DEFERIDO;PROGRAMA DE AUDITÓRIO ANCORADO POR APRESENTADOR;;COMUM;SERIADA EM TEMPORADA ÚNICA;2340;36;2026;2026;RADIODIFUSÃO DE SONS E IMAGENS (TV ABERTA);NÃO;GLOBO COMUNICACAO E PARTICIPACOES S/A;27.865.757/0001-02;RJ;RIO DE JANEIRO
EM FAMÍLIA COM ELIANA: PODE ENTRAR;B2600072200000;10/03/2026;DEFERIDO;VARIEDADES;;BRASILEIRA CONSTITUINTE DE ESPAÇO QUALIFICADO;SERIADA EM TEMPORADA ÚNICA;325;13;2026;2026;COMUNICAÇÃO ELETRÔNICA DE MASSA POR ASSINATURA (TV PAGA);NÃO;GLOBO COMUNICACAO E PARTICIPACOES S/A;27.865.757/0001-02;RJ;RIO DE JANEIRO
EMOCIONADA;B2600161500000;19/05/2026;DEFERIDO;VÍDEOMUSICAL;;BRASILEIRA INDEPENDENTE CONSTITUINTE DE ESPAÇO QUALIFICADO;NÃO SERIADA;2,6;;2025;;RADIODIFUSÃO DE SONS E IMAGENS (TV ABERTA);NÃO;CG AGENCIAMENTO E SERVIÇOS LTDA;30.022.536/0001-79;SP;RIBEIRÃO PRETO
ENCANTARIA;B2600188100000;10/06/2026;DEFERIDO;FICÇÃO;;BRASILEIRA INDEPENDENTE CONSTITUINTE DE ESPAÇO QUALIFICADO;NÃO SERIADA;74,2;;2026;;SALAS DE EXIBIÇÃO;NÃO;CAZUMBA PRODUCOES CULTURAIS LTDA;19.668.184/0001-90;PR;CURITIBA
ENCANTOS PARA OMO E IYÁ;B2600174400000;26/05/2026;DEFERIDO;FICÇÃO;;BRASILEIRA INDEPENDENTE CONSTITUINTE DE ESPAÇO QUALIFICADO;NÃO SERIADA;15;;2026;;SALAS DE EXIBIÇÃO;NÃO;ANTONIO BALBINO;PESSOA FÍSICA;DF;BRASÍLIA
ENCHENDO E DERRAMANDO;B2600120500000;17/04/2026;DEFERIDO;VÍDEOMUSICAL;Registro de Eventos;BRASILEIRA CONSTITUINTE DE ESPAÇO QUALIFICADO;NÃO SERIADA;3,2;;2019;;VIDEO DOMÉSTICO;NÃO;WORK SHOW PRODUCOES E ENTRETENIMENTO ARTISTICOS LTDA;20.077.216/0001-62;GO;GOIÂNIA
ENCONTRO COM PATRÍCIA POETA 2026;B2600000700000;02/01/2026;DEFERIDO;VARIEDADES;;BRASILEIRA CONSTITUINTE DE ESPAÇO QUALIFICADO;SERIADA EM MÚLTIPLAS TEMPORADAS;13050;261;2026;2026;RADIODIFUSÃO DE SONS E IMAGENS (TV ABERTA);NÃO;GLOBO COMUNICACAO E PARTICIPACOES S/A;27.865.757/0001-02;RJ;RIO DE JANEIRO
ENGAGE;B2600148200000;05/05/2026;DEFERIDO;FICÇÃO;Erótico/Pornográfica;COMUM;NÃO SERIADA;75,2;;2025;;COMUNICAÇÃO ELETRÔNICA DE MASSA POR ASSINATURA (TV PAGA);NÃO;LUZ VERMELHA FILMES - PRODUTORA DE CINEMA E VÍDEO LTDA;09.152.063/0001-38;SP;SÃO PAULO
ENIGMA;B2600258100000;05/08/2026;DEFERIDO;VÍDEOMUSICAL;Registro de Eventos;BRASILEIRA INDEPENDENTE CONSTITUINTE DE ESPAÇO QUALIFICADO;NÃO SERIADA;5,6;;2024;;OUTROS MERCADOS - AUDIOVISUAL EM CIRCUITO RESTRITO;NÃO;DMR - PROMOCOES E EVENTOS LTDA;37.866.237/0001-60;SP;TABOÃO DA SERRA
ENLUARADA;B2600163900000;20/05/2026;DEFERIDO;FICÇÃO;;BRASILEIRA INDEPENDENTE CONSTITUINTE DE ESPAÇO QUALIFICADO;NÃO SERIADA;10,3;;2026;;OUTROS MERCADOS - AUDIOVISUAL EM CIRCUITO RESTRITO;NÃO;51.439.025 PEDRO HENRIQUE TOIGO DO NASCIMENTO;51.439.025/0001-27;PR;MARINGÁ
ENQUADRADO;B2600003800000;06/01/2026;DEFERIDO;VARIEDADES;;BRASILEIRA CONSTITUINTE DE ESPAÇO QUALIFICADO;SERIADA EM MÚLTIPLAS TEMPORADAS;750;25;2026;2026;COMUNICAÇÃO ELETRÔNICA DE MASSA POR ASSINATURA (TV PAGA);NÃO;UNIVERSO ONLINE S.A.;01.109.184/0001-95;SP;SÃO PAULO
ENQUADRADO - TEMPORADA 2026;B2600203500000;23/06/2026;DEFERIDO;VARIEDADES;;BRASILEIRA CONSTITUINTE DE ESPAÇO QUALIFICADO;SERIADA EM MÚLTIPLAS TEMPORADAS;1404;26;2026;2026;COMUNICAÇÃO ELETRÔNICA DE MASSA POR ASSINATURA (TV PAGA);NÃO;UNIVERSO ONLINE S.A.;01.109.184/0001-95;SP;SÃO PAULO
ENQUANTO CAMINHAMOS;B2600244500000;24/07/2026;DEFERIDO;DOCUMENTÁRIO;;BRASILEIRA INDEPENDENTE CONSTITUINTE DE ESPAÇO QUALIFICADO;NÃO SERIADA;74,1;;2026;;COMUNICAÇÃO ELETRÔNICA DE MASSA POR ASSINATURA (TV PAGA);NÃO;BEAUVOIR - ARTE E COMUNICAÇÃO LTDA;22.915.863/0001-21;SP;SÃO PAULO
ENQUANTO VOCÊ ME LEMBRAR;B2600217800000;08/07/2026;DEFERIDO;FICÇÃO;;BRASILEIRA CONSTITUINTE DE ESPAÇO QUALIFICADO;NÃO SERIADA;20,8;;2026;;SALAS DE EXIBIÇÃO;NÃO;JULIA MARTON COUTINHO;PESSOA FÍSICA;RJ;NITERÓI
ENSAIANDO O BRASIL;B2600093400000;25/03/2026;DEFERIDO;DOCUMENTÁRIO;;BRASILEIRA INDEPENDENTE CONSTITUINTE DE ESPAÇO QUALIFICADO;NÃO SERIADA;84,7;;2026;;SALAS DE EXIBIÇÃO;NÃO;NOS FILMES E PRODUCOES LTDA;08.771.965/0001-90;SP;SÃO PAULO
ENSAIOS DE CINEMA;B2600127200000;24/04/2026;DEFERIDO;DOCUMENTÁRIO;;BRASILEIRA INDEPENDENTE CONSTITUINTE DE ESPAÇO QUALIFICADO;NÃO SERIADA;60,2;;2026;;COMUNICAÇÃO ELETRÔNICA DE MASSA POR ASSINATURA (TV PAGA);NÃO;CAVIDEO PRODUÇÕES COMÉRCIO E LOCAÇÃO DE FILMES LTDA;01.666.326/0001-15;RJ;RIO DE JANEIRO
ENSINO DE SEGURANÇA DO PACIENTE EM SAÚDE MENTAL;B2600039500000;10/02/2026;DEFERIDO;VARIEDADES;Vídeoaula;BRASILEIRA INDEPENDENTE CONSTITUINTE DE ESPAÇO QUALIFICADO;NÃO SERIADA;2,5;;2026;;OUTROS MERCADOS - AUDIOVISUAL EM CIRCUITO RESTRITO;NÃO;JOSIE PEREIRA DA MOTA;PESSOA FÍSICA;PA;BELÉM
ENTRE ALGUMAS VIAS E OUTRAS VIAS AINDA MAIORES;B2600155600000;13/05/2026;DEFERIDO;VÍDEOMUSICAL;;BRASILEIRA CONSTITUINTE DE ESPAÇO QUALIFICADO;NÃO SERIADA;3,7;;2026;;COMUNICAÇÃO ELETRÔNICA DE MASSA POR ASSINATURA (TV PAGA);NÃO;VEGAS CULTURAL LTDA;52.743.723/0001-84;SP;AMERICANA
ENTRE AS CINZAS;B2600246000000;28/07/2026;DEFERIDO;DOCUMENTÁRIO;;BRASILEIRA INDEPENDENTE CONSTITUINTE DE ESPAÇO QUALIFICADO;NÃO SERIADA;23,2;;2025;;OUTROS MERCADOS;NÃO;PIRA FILMES E PRODUCOES LTDA;17.219.542/0001-52;GO;GOIÂNIA
ENTRE ASAS & EIXOS;B2600061500000;26/02/2026;DEFERIDO;DOCUMENTÁRIO;;BRASILEIRA CONSTITUINTE DE ESPAÇO QUALIFICADO;SERIADA EM MÚLTIPLAS TEMPORADAS;140;4;2026;2026;RADIODIFUSÃO DE SONS E IMAGENS (TV ABERTA);NÃO;GLOBO COMUNICACAO E PARTICIPACOES S/A;27.865.757/0001-02;RJ;RIO DE JANEIRO
ENTRE FAMÍLIA;B2600020600000;23/01/2026;DEFERIDO;VARIEDADES;;BRASILEIRA CONSTITUINTE DE ESPAÇO QUALIFICADO;SERIADA DE DURAÇÃO INDETERMINADA;22950;255;2026;2026;RADIODIFUSÃO DE SONS E IMAGENS (TV ABERTA);NÃO;TELEVISAO CACHOEIRA DO SUL LTDA;89.784.037/0001-61;RS;CACHOEIRA DO SUL
ENTRE FORÇAS;B2600256800000;04/08/2026;DEFERIDO;DOCUMENTÁRIO;;BRASILEIRA INDEPENDENTE CONSTITUINTE DE ESPAÇO QUALIFICADO;NÃO SERIADA;24;;2026;;SALAS DE EXIBIÇÃO;NÃO;MAYARA MILANY DO NASCIMENTO BEZERRA;PESSOA FÍSICA;PE;JABOATÃO DOS GUARARAPES
ENTRE FÃS;B2600219200000;09/07/2026;DEFERIDO;VARIEDADES;;BRASILEIRA INDEPENDENTE CONSTITUINTE DE ESPAÇO QUALIFICADO;SERIADA EM MÚLTIPLAS TEMPORADAS;300;10;2026;2026;COMUNICAÇÃO ELETRÔNICA DE MASSA POR ASSINATURA (TV PAGA);NÃO;ABRAVA MUSIC T.A.PRODUCOES LTDA;18.270.644/0001-65;SP;SÃO PAULO
ENTRE LINHAS E LUTAS;B2600109000000;09/04/2026;DEFERIDO;VÍDEOMUSICAL;;BRASILEIRA INDEPENDENTE CONSTITUINTE DE ESPAÇO QUALIFICADO;NÃO SERIADA;19,7;;2026;;COMUNICAÇÃO ELETRÔNICA DE MASSA POR ASSINATURA (TV PAGA);NÃO;GR6 EVENTOS - PRODUTORA, GRAVADORA E EDITORA LTDA;17.977.383/0001-55;SP;SÃO PAULO
ENTRE LIVROS E GEMIDOS;B2600118400000;16/04/2026;DEFERIDO;FICÇÃO;Erótico/Pornográfica;COMUM;NÃO SERIADA;33,4;;2025;;COMUNICAÇÃO ELETRÔNICA DE MASSA POR ASSINATURA (TV PAGA);NÃO;FEVER FILMES PRODUÇÕES LTDA;36.540.172/0001-03;SP;SÃO PAULO
ENTRE LIVROS E SEXO;B2600194100000;16/06/2026;DEFERIDO;FICÇÃO;Erótico/Pornográfica;COMUM;NÃO SERIADA;56,6;;2026;;COMUNICAÇÃO ELETRÔNICA DE MASSA POR ASSINATURA (TV PAGA);NÃO;PAULA CRISTINA MANN LTDA;21.942.299/0001-73;SP;SÃO PAULO
ENTRE NÓS;B2600026000000;28/01/2026;DEFERIDO;FICÇÃO;Erótico/Pornográfica;COMUM;SERIADA DE DURAÇÃO INDETERMINADA;6000;10;2026;2026;COMUNICAÇÃO ELETRÔNICA DE MASSA POR ASSINATURA (TV PAGA);NÃO;FLADEMIR APARECIDO PEREIRA DOS SANTOS;PESSOA FÍSICA;SP;MAUÁ
ENTRE TELAS;B2600104600000;06/04/2026;DEFERIDO;DOCUMENTÁRIO;;BRASILEIRA CONSTITUINTE DE ESPAÇO QUALIFICADO;NÃO SERIADA;72,1;;2026;;OUTROS MERCADOS;NÃO;PEDRO HENRIQUE ALMEIDA MEGALE;PESSOA FÍSICA;SP;SÃO PAULO
ENTRE TRAÇOS E AFETOS;B2600118200000;16/04/2026;DEFERIDO;FICÇÃO;Erótico/Pornográfica;COMUM;NÃO SERIADA;16,9;;2020;;COMUNICAÇÃO ELETRÔNICA DE MASSA POR ASSINATURA (TV PAGA);NÃO;FEVER FILMES PRODUÇÕES LTDA;36.540.172/0001-03;SP;SÃO PAULO
ENVELHECER NO ESPECTRO;B2600206500000;25/06/2026;DEFERIDO;DOCUMENTÁRIO;;BRASILEIRA CONSTITUINTE DE ESPAÇO QUALIFICADO;NÃO SERIADA;20,2;;2026;;SALAS DE EXIBIÇÃO;NÃO;VANESSA RODRIGUES DUNK GOMES;PESSOA FÍSICA;DF;BRASÍLIA
ENXAME;B2600236500000;22/07/2026;DEFERIDO;ANIMAÇÃO;;BRASILEIRA INDEPENDENTE CONSTITUINTE DE ESPAÇO QUALIFICADO;NÃO SERIADA;5,3;;2026;;OUTROS MERCADOS;NÃO;INDEPENDENTE FILMES LTDA;48.660.793/0001-00;SP;SÃO PAULO
EPIFANIA - SEXO, GÊNERO E DESEJO NO ESPORTE.;B2600011300000;13/01/2026;DEFERIDO;DOCUMENTÁRIO;;BRASILEIRA INDEPENDENTE CONSTITUINTE DE ESPAÇO QUALIFICADO;NÃO SERIADA;70,9;;2026;;SALAS DE EXIBIÇÃO;NÃO;LAGOA FILMES LTDA;12.598.893/0001-06;RJ;RIO DE JANEIRO
EPITÁFIO - DARLAN;B2600109300000;10/04/2026;DEFERIDO;VÍDEOMUSICAL;Registro de Eventos;BRASILEIRA INDEPENDENTE CONSTITUINTE DE ESPAÇO QUALIFICADO;NÃO SERIADA;2,7;;2026;;COMUNICAÇÃO ELETRÔNICA DE MASSA POR ASSINATURA (TV PAGA);NÃO;DECK PRODUÇÕES ARTÍSTICAS LTDA;30.253.090/0001-93;RJ;RIO DE JANEIRO
EQUIPE MULTIPROFISSIONAL PELA SEGURANÇA DO PACIENTE;B2600015200000;16/01/2026;DEFERIDO;VARIEDADES;Vídeoaula;BRASILEIRA CONSTITUINTE DE ESPAÇO QUALIFICADO;NÃO SERIADA;2,3;;2026;;OUTROS MERCADOS;NÃO;JOSIE PEREIRA DA MOTA;PESSOA FÍSICA;PA;BELÉM
ERA AMOR;B2600037300000;09/02/2026;DEFERIDO;FICÇÃO;;BRASILEIRA INDEPENDENTE CONSTITUINTE DE ESPAÇO QUALIFICADO;NÃO SERIADA;30;;2026;;SALAS DE EXIBIÇÃO;NÃO;PATRICK SABINO DA SILVA CORDEIRO;PESSOA FÍSICA;RJ;CABO FRIO
ERA TÃO BOM;B2600095000000;26/03/2026;DEFERIDO;VÍDEOMUSICAL;Registro de Eventos;BRASILEIRA CONSTITUINTE DE ESPAÇO QUALIFICADO;NÃO SERIADA;2,6;;2024;;COMUNICAÇÃO ELETRÔNICA DE MASSA POR ASSINATURA (TV PAGA);NÃO;BONDE RECORDS MUSIC LTDA;21.857.777/0001-47;RJ;RIO DE JANEIRO
ERA UMA VEZ MINHA 1ª VEZ;B2600104900000;07/04/2026;DEFERIDO;FICÇÃO;;BRASILEIRA INDEPENDENTE CONSTITUINTE DE ESPAÇO QUALIFICADO;NÃO SERIADA;90;;2026;;SALAS DE EXIBIÇÃO;NÃO;NA PARALELA FILMES LTDA.;23.957.635/0001-87;RJ;RIO DE JANEIRO
ERA UMA VEZ NA CINEMATECA;B2600172700000;26/05/2026;DEFERIDO;FICÇÃO;;BRASILEIRA INDEPENDENTE CONSTITUINTE DE ESPAÇO QUALIFICADO;NÃO SERIADA;15,4;;2026;;OUTROS MERCADOS;NÃO;+2 PRODUÇÕES CULTURAIS - ME;10.539.519/0001-04;RJ;RIO DE JANEIRO
ERAM DUAS VENTAROLAS;B2600122800000;20/04/2026;DEFERIDO;VÍDEOMUSICAL;Registro de Eventos;BRASILEIRA INDEPENDENTE CONSTITUINTE DE ESPAÇO QUALIFICADO;NÃO SERIADA;2,6;;2019;;SALAS DE EXIBIÇÃO;NÃO;GUAJUPIA FILMES LTDA;50.205.115/0001-90;RJ;RIO DE JANEIRO
ESCAPISMO;B2600256900000;04/08/2026;DEFERIDO;VÍDEOMUSICAL;Registro de Eventos;BRASILEIRA INDEPENDENTE CONSTITUINTE DE ESPAÇO QUALIFICADO;NÃO SERIADA;3,1;;2025;;COMUNICAÇÃO ELETRÔNICA DE MASSA POR ASSINATURA (TV PAGA);NÃO;TOPO DO MUNDO EMPREENDIMENTOS ARTISTICOS LTDA;53.712.780/0001-69;RJ;NITERÓI
ESCAPULÁRIO;B2600212500000;01/07/2026;DEFERIDO;VÍDEOMUSICAL;;BRASILEIRA INDEPENDENTE CONSTITUINTE DE ESPAÇO QUALIFICADO;NÃO SERIADA;2,2;;2026;;COMUNICAÇÃO ELETRÔNICA DE MASSA POR ASSINATURA (TV PAGA);NÃO;ROMA EDITORA E PRODUÇÃO MUSICAL LTDA;24.074.381/0001-11;SP;SÃO PAULO
ESCOLA BÍBLICA;B2600014400000;16/01/2026;DEFERIDO;RELIGIOSA;;COMUM;SERIADA DE DURAÇÃO INDETERMINADA;6148;212;2026;2026;RADIODIFUSÃO DE SONS E IMAGENS (TV ABERTA);NÃO;TELEVISAO CACHOEIRA DO SUL LTDA;89.784.037/0001-61;RS;CACHOEIRA DO SUL
ESCOLA FILHOTE SELVAGEM;B2600216100000;07/07/2026;DEFERIDO;FICÇÃO;;BRASILEIRA INDEPENDENTE CONSTITUINTE DE ESPAÇO QUALIFICADO;SERIADA EM TEMPORADA ÚNICA;104;8;2026;2026;COMUNICAÇÃO ELETRÔNICA DE MASSA POR ASSINATURA (TV PAGA);NÃO;061 FILMS LTDA;17.380.926/0001-52;DF;BRASÍLIA
ESCORIA- OBTUS;B2600099000000;30/03/2026;DEFERIDO;VÍDEOMUSICAL;Registro de Eventos;BRASILEIRA INDEPENDENTE CONSTITUINTE DE ESPAÇO QUALIFICADO;NÃO SERIADA;1,5;;2014;;RADIODIFUSÃO DE SONS E IMAGENS (TV ABERTA);NÃO;MADRE FILMES PRODUÇÕES AUDIOVISUAIS LTDA.;12.803.014/0001-22;PI;TERESINA
ESCRITAS DE RESISTÊNCIA - MULHERES EM AUSCHWITZ;B2600158300000;14/05/2026;DEFERIDO;DOCUMENTÁRIO;;BRASILEIRA INDEPENDENTE CONSTITUINTE DE ESPAÇO QUALIFICADO;NÃO SERIADA;65,5;;2026;;COMUNICAÇÃO ELETRÔNICA DE MASSA POR ASSINATURA (TV PAGA);NÃO;CAVIDEO PRODUÇÕES COMÉRCIO E LOCAÇÃO DE FILMES LTDA;01.666.326/0001-15;RJ;RIO DE JANEIRO
ESCUDO - CLARA RIBEIRO, CHEDIAK & KBRUM;B2600245400000;27/07/2026;DEFERIDO;VÍDEOMUSICAL;Registro de Eventos;BRASILEIRA INDEPENDENTE CONSTITUINTE DE ESPAÇO QUALIFICADO;NÃO SERIADA;3,0;;2026;;COMUNICAÇÃO ELETRÔNICA DE MASSA POR ASSINATURA (TV PAGA);NÃO;DECK PRODUÇÕES ARTÍSTICAS LTDA;30.253.090/0001-93;RJ;RIO DE JANEIRO
ESCULPINDO DENTES - ELEMENTO 47;B2600251700000;29/07/2026;DEFERIDO;VARIEDADES;;BRASILEIRA INDEPENDENTE CONSTITUINTE DE ESPAÇO QUALIFICADO;NÃO SERIADA;30,3;;2026;;NENHUMA DAS OPÇÕES;NÃO;FABIANA CERVO DE BARROS;PESSOA FÍSICA;RJ;NITERÓI
ESCUTE: A TERRA FOI RASGADA;B2600149000000;06/05/2026;DEFERIDO;DOCUMENTÁRIO;;BRASILEIRA INDEPENDENTE CONSTITUINTE DE ESPAÇO QUALIFICADO;NÃO SERIADA;86,8;;2026;;SALAS DE EXIBIÇÃO;NÃO;TEIA DOCUMENTA AUDIOVISUAL LTDA;11.929.533/0001-79;SP;SÃO PAULO
ESPECIAIS DUMDUM;B2600088400000;24/03/2026;DEFERIDO;ANIMAÇÃO;;BRASILEIRA CONSTITUINTE DE ESPAÇO QUALIFICADO;SERIADA EM TEMPORADA ÚNICA;60;1;2026;2026;COMUNICAÇÃO ELETRÔNICA DE MASSA POR ASSINATURA (TV PAGA);NÃO;STARKE CONSULTORIA E NEGÓCIOS DE MÍDIA LTDA;39.237.339/0001-41;SP;SÃO PAULO
ESPECIAL FEIRA DA UVA;B2600270400000;18/08/2026;DEFERIDO;VARIEDADES;;BRASILEIRA CONSTITUINTE DE ESPAÇO QUALIFICADO;NÃO SERIADA;40;;2026;;RADIODIFUSÃO DE SONS E IMAGENS (TV ABERTA);NÃO;GLOBO COMUNICACAO E PARTICIPACOES S/A;27.865.757/0001-02;RJ;RIO DE JANEIRO
ESPECIAL FESTIVAL DE INVERNO;B2600266200000;12/08/2026;DEFERIDO;VARIEDADES;;BRASILEIRA CONSTITUINTE DE ESPAÇO QUALIFICADO;NÃO SERIADA;40;;2026;;RADIODIFUSÃO DE SONS E IMAGENS (TV ABERTA);NÃO;GLOBO COMUNICACAO E PARTICIPACOES S/A;27.865.757/0001-02;RJ;RIO DE JANEIRO
ESPECIAL FESTIVAL DE INVERNO;B2600241600000;23/07/2026;DEFERIDO;VARIEDADES;;BRASILEIRA CONSTITUINTE DE ESPAÇO QUALIFICADO;NÃO SERIADA;40;;2026;;RADIODIFUSÃO DE SONS E IMAGENS (TV ABERTA);NÃO;GLOBO COMUNICACAO E PARTICIPACOES S/A;27.865.757/0001-02;RJ;RIO DE JANEIRO
ESPECIAL GUERRA NO ORIENTE MÉDIO;B2600067800000;04/03/2026;DEFERIDO;JORNALÍSTICA;;COMUM;NÃO SERIADA;60;;2026;;RADIODIFUSÃO DE SONS E IMAGENS (TV ABERTA);NÃO;TELEVISAO CACHOEIRA DO SUL LTDA;89.784.037/0001-61;RS;CACHOEIRA DO SUL
ESPECIAL LED - LUZ NA EDUCAÇÃO;B2600082200000;18/03/2026;DEFERIDO;VARIEDADES;;BRASILEIRA CONSTITUINTE DE ESPAÇO QUALIFICADO;SERIADA EM MÚLTIPLAS TEMPORADAS;45;1;2026;2026;RADIODIFUSÃO DE SONS E IMAGENS (TV ABERTA);NÃO;GLOBO COMUNICACAO E PARTICIPACOES S/A;27.865.757/0001-02;RJ;RIO DE JANEIRO
ESPECIAL MAGIA DO CIRCO;B2600061900000;26/02/2026;DEFERIDO;ANIMAÇÃO;;BRASILEIRA CONSTITUINTE DE ESPAÇO QUALIFICADO;SERIADA EM TEMPORADA ÚNICA;60;1;2026;2026;COMUNICAÇÃO ELETRÔNICA DE MASSA POR ASSINATURA (TV PAGA);NÃO;STARKE CONSULTORIA E NEGÓCIOS DE MÍDIA LTDA;39.237.339/0001-41;SP;SÃO PAULO
ESPECIAL MARCELO FALCÃO – VIVER: MAIS LEVE QUE O AR;B2600180900000;01/06/2026;DEFERIDO;DOCUMENTÁRIO;;BRASILEIRA CONSTITUINTE DE ESPAÇO QUALIFICADO;NÃO SERIADA;56,2;;2026;;COMUNICAÇÃO ELETRÔNICA DE MASSA POR ASSINATURA (TV PAGA);NÃO;MESSIAS GERALDO DOS SANTOS - ME;28.589.934/0001-20;SP;SÃO PAULO
ESPECIAL SEMANA S;B2600142100000;30/04/2026;DEFERIDO;VARIEDADES;;BRASILEIRA CONSTITUINTE DE ESPAÇO QUALIFICADO;NÃO SERIADA;40;;2026;;RADIODIFUSÃO DE SONS E IMAGENS (TV ABERTA);NÃO;GLOBO COMUNICACAO E PARTICIPACOES S/A;27.865.757/0001-02;RJ;RIO DE JANEIRO
ESPECIAL TRADIÇÕES JUNINAS;B2600178500000;28/05/2026;DEFERIDO;VARIEDADES;;BRASILEIRA CONSTITUINTE DE ESPAÇO QUALIFICADO;NÃO SERIADA;40;;2026;;RADIODIFUSÃO DE SONS E IMAGENS (TV ABERTA);NÃO;GLOBO COMUNICACAO E PARTICIPACOES S/A;27.865.757/0001-02;RJ;RIO DE JANEIRO
ESPELHO;B2600095300000;26/03/2026;DEFERIDO;VÍDEOMUSICAL;Registro de Eventos;BRASILEIRA CONSTITUINTE DE ESPAÇO QUALIFICADO;NÃO SERIADA;3,1;;2024;;COMUNICAÇÃO ELETRÔNICA DE MASSA POR ASSINATURA (TV PAGA);NÃO;BONDE RECORDS MUSIC LTDA;21.857.777/0001-47;RJ;RIO DE JANEIRO
ESPELHO 2007;B2600077100000;13/03/2026;DEFERIDO;JORNALÍSTICA;;COMUM;SERIADA EM MÚLTIPLAS TEMPORADAS;660;22;2007;2007;COMUNICAÇÃO ELETRÔNICA DE MASSA POR ASSINATURA (TV PAGA);NÃO;CANAL BRAZIL S/A;02.608.224/0001-06;RJ;RIO DE JANEIRO
ESPELHO 2008;B2600077200000;13/03/2026;DEFERIDO;JORNALÍSTICA;;COMUM;SERIADA EM MÚLTIPLAS TEMPORADAS;720;23;2008;2008;COMUNICAÇÃO ELETRÔNICA DE MASSA POR ASSINATURA (TV PAGA);NÃO;CANAL BRAZIL S/A;02.608.224/0001-06;RJ;RIO DE JANEIRO
ESPERANÇA;B2600136200000;27/04/2026;DEFERIDO;ANIMAÇÃO;;BRASILEIRA INDEPENDENTE CONSTITUINTE DE ESPAÇO QUALIFICADO;NÃO SERIADA;12,9;;2026;;OUTROS MERCADOS;NÃO;COMBO ESTUDIO ANIMACOES LTDA;22.637.845/0001-25;RJ;RIO DE JANEIRO
ESPORTE SEM FIRULA;B2600031100000;03/02/2026;DEFERIDO;JORNALÍSTICA;;COMUM;SERIADA DE DURAÇÃO INDETERMINADA;31200;260;2026;2026;COMUNICAÇÃO ELETRÔNICA DE MASSA POR ASSINATURA (TV PAGA);NÃO;EDITORA TIPUANA LTDA.;19.608.677/0001-35;SP;SÃO PAULO
ESQUADRÃO UFO;B2600096600000;27/03/2026;DEFERIDO;DOCUMENTÁRIO;;BRASILEIRA INDEPENDENTE CONSTITUINTE DE ESPAÇO QUALIFICADO;SERIADA EM TEMPORADA ÚNICA;235,2;10;2026;2026;COMUNICAÇÃO ELETRÔNICA DE MASSA POR ASSINATURA (TV PAGA);NÃO;CLIP PRODUTORA DE CINEMA E VÍDEO LTDA;01.246.684/0001-79;RS;PORTO ALEGRE
ESQUECER O EX;B2600026400000;29/01/2026;DEFERIDO;VÍDEOMUSICAL;;BRASILEIRA INDEPENDENTE CONSTITUINTE DE ESPAÇO QUALIFICADO;NÃO SERIADA;4,1;;2026;;COMUNICAÇÃO ELETRÔNICA DE MASSA POR ASSINATURA (TV PAGA);NÃO;53.450.239 ANA PAULA BOVI VALLILO;53.450.239/0001-20;SP;SANTANA DE PARNAÍBA
ESSA NOITE;B2600107300000;09/04/2026;DEFERIDO;VÍDEOMUSICAL;;BRASILEIRA INDEPENDENTE CONSTITUINTE DE ESPAÇO QUALIFICADO;NÃO SERIADA;3,6;;2026;;COMUNICAÇÃO ELETRÔNICA DE MASSA POR ASSINATURA (TV PAGA);NÃO;ANA MORAIS PRODUCOES ARTISTICAS LTDA;60.240.250/0001-20;SP;SÃO PAULO
ESSE FILHO É MEU;B2600209300000;29/06/2026;DEFERIDO;FICÇÃO;;BRASILEIRA INDEPENDENTE CONSTITUINTE DE ESPAÇO QUALIFICADO;NÃO SERIADA;73;;2026;;OUTROS MERCADOS - VÍDEO POR DEMANDA;NÃO;EDITORIAL PORTAL LTDA;29.092.828/0001-07;MG;BELO HORIZONTE
ESTA NOITE NÃO SEREMOS ESTRANHOS;B2600077600000;13/03/2026;DEFERIDO;FICÇÃO;;BRASILEIRA INDEPENDENTE CONSTITUINTE DE ESPAÇO QUALIFICADO;NÃO SERIADA;88,8;;2026;;SALAS DE EXIBIÇÃO;SIM;MATIZAR PRODUÇÕES ARTÍSTICAS LTDA;04.939.205/0001-98;RJ;RIO DE JANEIRO
ESTADO DECADENTE;B2600121200000;17/04/2026;DEFERIDO;VÍDEOMUSICAL;Registro de Eventos;BRASILEIRA CONSTITUINTE DE ESPAÇO QUALIFICADO;NÃO SERIADA;2,9;;2019;;VIDEO DOMÉSTICO;NÃO;WORK SHOW PRODUCOES E ENTRETENIMENTO ARTISTICOS LTDA;20.077.216/0001-62;GO;GOIÂNIA
ESTAÇÃO KIDS;B2600155200000;13/05/2026;DEFERIDO;ANIMAÇÃO;;BRASILEIRA CONSTITUINTE DE ESPAÇO QUALIFICADO;SERIADA EM MÚLTIPLAS TEMPORADAS;1040;104;2026;2026;COMUNICAÇÃO ELETRÔNICA DE MASSA POR ASSINATURA (TV PAGA);NÃO;NIRVANA TECNOLOGIA DIGITAL LTDA;24.815.120/0001-05;SP;SÃO PAULO
ESTAÇÃO PRIMEIRA DE FRANCISCO MORATO: UMA FÊNIX ADORMECIDA;B2600020700000;23/01/2026;DEFERIDO;DOCUMENTÁRIO;;BRASILEIRA INDEPENDENTE CONSTITUINTE DE ESPAÇO QUALIFICADO;NÃO SERIADA;19,5;;2026;;OUTROS MERCADOS - VÍDEO POR DEMANDA;NÃO;ATAIRU CULTURA E MULTIMIDIA LTDA;43.802.731/0001-63;SP;CAIEIRAS
ESTOPIM;B2600029800000;03/02/2026;DEFERIDO;DOCUMENTÁRIO;;BRASILEIRA INDEPENDENTE CONSTITUINTE DE ESPAÇO QUALIFICADO;SERIADA EM TEMPORADA ÚNICA;206,5;5;2026;2026;COMUNICAÇÃO ELETRÔNICA DE MASSA POR ASSINATURA (TV PAGA);NÃO;ESCAFANDRA TRANSMEDIA PRODUÇOES LTDA;32.994.367/0001-64;SP;SÃO PAULO
ESTOU APAIXONADO;B2600044800000;18/02/2026;DEFERIDO;VÍDEOMUSICAL;;BRASILEIRA CONSTITUINTE DE ESPAÇO QUALIFICADO;NÃO SERIADA;3,8;;2026;;COMUNICAÇÃO ELETRÔNICA DE MASSA POR ASSINATURA (TV PAGA);NÃO;LUIZA POSSI GADELHA;PESSOA FÍSICA;SP;SÃO PAULO
ESTOU GRÁVIDA E QUERO LAQUEAR, QUAIS SÃO OS PRAZOS E DOCUMENTOS?;B2600064700000;02/03/2026;DEFERIDO;VARIEDADES;Vídeoaula;BRASILEIRA INDEPENDENTE CONSTITUINTE DE ESPAÇO QUALIFICADO;NÃO SERIADA;2,1;;2026;;VIDEO DOMÉSTICO;NÃO;LAUANY SILVA DE MEDEIROS;PESSOA FÍSICA;PA;TUCURUÍ
ESTRADA DA VIDA;B2600149300000;06/05/2026;DEFERIDO;VÍDEOMUSICAL;Registro de Eventos;BRASILEIRA INDEPENDENTE CONSTITUINTE DE ESPAÇO QUALIFICADO;NÃO SERIADA;3,5;;2026;;COMUNICAÇÃO ELETRÔNICA DE MASSA POR ASSINATURA (TV PAGA);NÃO;53.450.239 ANA PAULA BOVI VALLILO;53.450.239/0001-20;SP;SANTANA DE PARNAÍBA
ESTRANHO AMOR;B2600162100000;19/05/2026;DEFERIDO;FICÇÃO;;BRASILEIRA INDEPENDENTE CONSTITUINTE DE ESPAÇO QUALIFICADO;NÃO SERIADA;104,4;;2026;;SALAS DE EXIBIÇÃO;NÃO;VISON PRODUÇOES ARTISTICAS LTDA.;28.629.780/0001-52;RJ;RIO DE JANEIRO
ESTRELAS DA CASA;B2600241300000;23/07/2026;DEFERIDO;REALITY-SHOW;;BRASILEIRA CONSTITUINTE DE ESPAÇO QUALIFICADO;SERIADA EM MÚLTIPLAS TEMPORADAS;1302;31;2026;2026;RADIODIFUSÃO DE SONS E IMAGENS (TV ABERTA);NÃO;GLOBO COMUNICACAO E PARTICIPACOES S/A;27.865.757/0001-02;RJ;RIO DE JANEIRO
ESTRELAS PEQUENAS NUMA NOITE DE LUA CHEIA;B2600011400000;13/01/2026;DEFERIDO;FICÇÃO;;BRASILEIRA INDEPENDENTE CONSTITUINTE DE ESPAÇO QUALIFICADO;NÃO SERIADA;21,1;;2026;;NENHUMA DAS OPÇÕES;NÃO;BULE ESTÚDIO CRIATIVO PRODUÇÕES ARTÍSTICAS LTDA;31.621.283/0001-12;ES;VILA VELHA
ESTUDIO C;B2600097100000;27/03/2026;DEFERIDO;PROGRAMA DE AUDITÓRIO ANCORADO POR APRESENTADOR;;COMUM;SERIADA DE DURAÇÃO INDETERMINADA;2646;49;2025;2025;RADIODIFUSÃO DE SONS E IMAGENS (TV ABERTA);NÃO;SOCIEDADE RADIO EMISSORA PARANAENSE SA;76.494.806/0001-45;PR;CURITIBA
ESTÁ ESCRITO;B2600016200000;19/01/2026;DEFERIDO;RELIGIOSA;;COMUM;SERIADA EM MÚLTIPLAS TEMPORADAS;3016;104;2026;2026;RADIODIFUSÃO DE SONS E IMAGENS (TV ABERTA);NÃO;TELEVISAO CACHOEIRA DO SUL LTDA;89.784.037/0001-61;RS;CACHOEIRA DO SUL
ESTÁTUATITO;B2600259400000;06/08/2026;DEFERIDO;ANIMAÇÃO;;BRASILEIRA INDEPENDENTE CONSTITUINTE DE ESPAÇO QUALIFICADO;NÃO SERIADA;3,6;;2026;;SALAS DE EXIBIÇÃO;NÃO;CLARA GUEDES SANTELLI;PESSOA FÍSICA;RJ;RIO DE JANEIRO
EU ACORDEI;B2600125400000;22/04/2026;DEFERIDO;VÍDEOMUSICAL;;BRASILEIRA CONSTITUINTE DE ESPAÇO QUALIFICADO;NÃO SERIADA;3,8;;2026;;OUTROS MERCADOS;NÃO;RENAN DA CAS GRANDE GUERRA;PESSOA FÍSICA;RJ;RIO DE JANEIRO
EU NUNCA MAIS VOU AMAR ALGUÉM - ISA BUZZI;B2600086100000;20/03/2026;DEFERIDO;VÍDEOMUSICAL;Registro de Eventos;BRASILEIRA INDEPENDENTE CONSTITUINTE DE ESPAÇO QUALIFICADO;NÃO SERIADA;2,9;;2026;;COMUNICAÇÃO ELETRÔNICA DE MASSA POR ASSINATURA (TV PAGA);NÃO;DECK PRODUÇÕES ARTÍSTICAS LTDA;30.253.090/0001-93;RJ;RIO DE JANEIRO
EU NÃO SEI PARAR - AFRODITE BXD, DJ 2F;B2600207700000;26/06/2026;DEFERIDO;VÍDEOMUSICAL;Registro de Eventos;BRASILEIRA INDEPENDENTE CONSTITUINTE DE ESPAÇO QUALIFICADO;NÃO SERIADA;2,3;;2026;;COMUNICAÇÃO ELETRÔNICA DE MASSA POR ASSINATURA (TV PAGA);NÃO;DECK PRODUÇÕES ARTÍSTICAS LTDA;30.253.090/0001-93;RJ;RIO DE JANEIRO
EU NÃO TE OUÇO;B2600109900000;10/04/2026;DEFERIDO;FICÇÃO;;BRASILEIRA INDEPENDENTE CONSTITUINTE DE ESPAÇO QUALIFICADO;NÃO SERIADA;71,1;;2026;;SALAS DE EXIBIÇÃO;NÃO;AMAIA PRODUCOES AUDIOVISUAIS E MUSICAIS LTDA;07.419.227/0001-15;SP;SÃO PAULO
EU PAREI EM FRENTE AO PORTÃO;B2600236600000;22/07/2026;DEFERIDO;DOCUMENTÁRIO;;BRASILEIRA INDEPENDENTE CONSTITUINTE DE ESPAÇO QUALIFICADO;NÃO SERIADA;74,3;;2026;;SALAS DE EXIBIÇÃO;NÃO;SIZENANDO FILMES;21.710.727/0001-32;ES;VITÓRIA
EU QUERO CAPITAL MOTO WEEK 2026;B2600219800000;09/07/2026;DEFERIDO;VARIEDADES;;BRASILEIRA CONSTITUINTE DE ESPAÇO QUALIFICADO;NÃO SERIADA;40;;2026;;RADIODIFUSÃO DE SONS E IMAGENS (TV ABERTA);NÃO;GLOBO COMUNICACAO E PARTICIPACOES S/A;27.865.757/0001-02;RJ;RIO DE JANEIRO
EU SÓ QUERIA COMER;B2600084900000;19/03/2026;DEFERIDO;FICÇÃO;;BRASILEIRA CONSTITUINTE DE ESPAÇO QUALIFICADO;NÃO SERIADA;14,8;;2026;;OUTROS MERCADOS;NÃO;FRAGA PRODUCOES DE FILMES LTDA;08.237.082/0001-02;SP;SÃO PAULO
EU TAVA CERTO;B2600123400000;20/04/2026;DEFERIDO;VÍDEOMUSICAL;;BRASILEIRA CONSTITUINTE DE ESPAÇO QUALIFICADO;NÃO SERIADA;3,1;;2026;;COMUNICAÇÃO ELETRÔNICA DE MASSA POR ASSINATURA (TV PAGA);NÃO;FELIPE GAMADINHO LTDA;50.132.058/0001-67;RJ;RIO DE JANEIRO
EU TE AMO;B2600063300000;27/02/2026;DEFERIDO;VÍDEOMUSICAL;;BRASILEIRA INDEPENDENTE CONSTITUINTE DE ESPAÇO QUALIFICADO;NÃO SERIADA;3,8;;2025;;COMUNICAÇÃO ELETRÔNICA DE MASSA POR ASSINATURA (TV PAGA);NÃO;LABIDAD PRODUÇÕES ARTÍSTICAS LTDA;30.978.099/0001-61;RJ;RIO DE JANEIRO
EU, SENHORA DO MEU SONHO;B2600041600000;11/02/2026;DEFERIDO;DOCUMENTÁRIO;;BRASILEIRA INDEPENDENTE CONSTITUINTE DE ESPAÇO QUALIFICADO;NÃO SERIADA;70,7;;2026;;NENHUMA DAS OPÇÕES;NÃO;28.515.961 FABIANA ANJOS BLANCO;28.515.961/0001-58;SP;MAIRIPORÃ
EVIDÊNCIAS - PAULO MIKLOS;B2600152800000;08/05/2026;DEFERIDO;VÍDEOMUSICAL;Registro de Eventos;BRASILEIRA INDEPENDENTE CONSTITUINTE DE ESPAÇO QUALIFICADO;NÃO SERIADA;5,4;;2026;;COMUNICAÇÃO ELETRÔNICA DE MASSA POR ASSINATURA (TV PAGA);NÃO;DECK PRODUÇÕES ARTÍSTICAS LTDA;30.253.090/0001-93;RJ;RIO DE JANEIRO
EXCURSÃO ARTÍSTICA VILLA-LOBOS;B2600196900000;18/06/2026;DEFERIDO;DOCUMENTÁRIO;;BRASILEIRA INDEPENDENTE CONSTITUINTE DE ESPAÇO QUALIFICADO;NÃO SERIADA;94,3;;2026;;COMUNICAÇÃO ELETRÔNICA DE MASSA POR ASSINATURA (TV PAGA);SIM;GORE PRODUTORA CINEMATOGRAFICA LTDA;06.963.884/0001-66;SP;SÃO BERNARDO DO CAMPO
EXPEDICIONÁRIOS DO BRASIL - 2ª TEMPORADA - AMAZONIA;B2600256000000;04/08/2026;DEFERIDO;DOCUMENTÁRIO;;BRASILEIRA INDEPENDENTE CONSTITUINTE DE ESPAÇO QUALIFICADO;SERIADA EM MÚLTIPLAS TEMPORADAS;196,9;5;2026;2026;COMUNICAÇÃO ELETRÔNICA DE MASSA POR ASSINATURA (TV PAGA);NÃO;RENATO CESAR DE ARRUDA CASTANHO;03.228.054/0001-05;SP;SÃO PAULO
EXPERIMENTE – 18ª TEMPORADA;B2600278000000;20/08/2026;DEFERIDO;VARIEDADES;;BRASILEIRA INDEPENDENTE CONSTITUINTE DE ESPAÇO QUALIFICADO;SERIADA EM MÚLTIPLAS TEMPORADAS;208;8;2026;2026;COMUNICAÇÃO ELETRÔNICA DE MASSA POR ASSINATURA (TV PAGA);NÃO;DEZESSEIS POR NOVE PRODUÇÕES CINEMATOGRÁFICAS LTDA;09.084.382/0001-53;RJ;RIO DE JANEIRO
EXPERIÊNCIA LÍNGUA SOLTA VOL. 1 (AO VIVO);B2600093800000;25/03/2026;DEFERIDO;VÍDEOMUSICAL;Registro de Eventos;BRASILEIRA INDEPENDENTE CONSTITUINTE DE ESPAÇO QUALIFICADO;NÃO SERIADA;51,8;;2025;;RADIODIFUSÃO DE SONS E IMAGENS (TV ABERTA);NÃO;SALTED CARAMEL FILMES LTDA;26.171.037/0001-76;PR;CURITIBA
EXPRESSÃO,COORDENAÇÃO E RITMO;B2600058700000;24/02/2026;DEFERIDO;DOCUMENTÁRIO;;BRASILEIRA INDEPENDENTE CONSTITUINTE DE ESPAÇO QUALIFICADO;NÃO SERIADA;29,0;;2026;;SALAS DE EXIBIÇÃO;NÃO;V! PRODUÇÃO AUDIOVISUAL LTDA ME;10.574.277/0001-81;MG;BELO HORIZONTE
EXTINÇÃO;B2600211200000;30/06/2026;DEFERIDO;FICÇÃO;;BRASILEIRA CONSTITUINTE DE ESPAÇO QUALIFICADO;NÃO SERIADA;19,6;;2026;;SALAS DE EXIBIÇÃO;NÃO;ERIKO RENAN ARAUJO DE MORAES;28.198.052/0001-33;PE;GARANHUNS
EXTREMO 3A. TEMPORADA;B2600076900000;12/03/2026;DEFERIDO;VARIEDADES;;BRASILEIRA CONSTITUINTE DE ESPAÇO QUALIFICADO;SERIADA EM MÚLTIPLAS TEMPORADAS;480;24;2025;2025;COMUNICAÇÃO ELETRÔNICA DE MASSA POR ASSINATURA (TV PAGA);NÃO;NIRVANA TECNOLOGIA DIGITAL LTDA;24.815.120/0001-05;SP;SÃO PAULO
Ela;B2600095600000;26/03/2026;DEFERIDO;VÍDEOMUSICAL;Registro de Eventos;BRASILEIRA CONSTITUINTE DE ESPAÇO QUALIFICADO;NÃO SERIADA;2,8;;2024;;COMUNICAÇÃO ELETRÔNICA DE MASSA POR ASSINATURA (TV PAGA);NÃO;BONDE RECORDS MUSIC LTDA;21.857.777/0001-47;RJ;RIO DE JANEIRO
F.M.;B2600261000000;07/08/2026;DEFERIDO;FICÇÃO;;BRASILEIRA INDEPENDENTE CONSTITUINTE DE ESPAÇO QUALIFICADO;NÃO SERIADA;19,9;;2026;;OUTROS MERCADOS - AUDIOVISUAL EM CIRCUITO RESTRITO;NÃO;TEMPORAL DE CINEMA - PRODUCAO AUDIOVISUAL LTDA;36.459.307/0001-00;RS;ERECHIM
FALTA DE MIM;B2600036800000;08/02/2026;DEFERIDO;VÍDEOMUSICAL;Registro de Eventos;BRASILEIRA CONSTITUINTE DE ESPAÇO QUALIFICADO;NÃO SERIADA;2,6;;2024;;COMUNICAÇÃO ELETRÔNICA DE MASSA POR ASSINATURA (TV PAGA);NÃO;BONDE RECORDS MUSIC LTDA;21.857.777/0001-47;RJ;RIO DE JANEIRO
FAMILIA X - NA TRILHA DE TEODORO SAMPAIO;B2600195300000;17/06/2026;DEFERIDO;DOCUMENTÁRIO;;BRASILEIRA INDEPENDENTE CONSTITUINTE DE ESPAÇO QUALIFICADO;SERIADA EM TEMPORADA ÚNICA;146,8;8;2026;2026;COMUNICAÇÃO ELETRÔNICA DE MASSA POR ASSINATURA (TV PAGA);NÃO;CINE ARTS FILMES E PRODUÇÔES EIRELI;16.697.168/0001-38;BA;SALVADOR
FAMÍLIA VALLADARES;B2600261800000;07/08/2026;DEFERIDO;VARIEDADES;;BRASILEIRA CONSTITUINTE DE ESPAÇO QUALIFICADO;SERIADA DE DURAÇÃO INDETERMINADA;40;8;2026;2026;COMUNICAÇÃO ELETRÔNICA DE MASSA POR ASSINATURA (TV PAGA);NÃO;NOVAS MIDIAS DIGITAIS PROGRAMADORA LTDA;07.906.636/0001-46;RJ;RIO DE JANEIRO
FARDADO;B2600127900000;24/04/2026;DEFERIDO;FICÇÃO;;BRASILEIRA INDEPENDENTE CONSTITUINTE DE ESPAÇO QUALIFICADO;NÃO SERIADA;25,0;;2026;;OUTROS MERCADOS - AUDIOVISUAL EM CIRCUITO RESTRITO;NÃO;PATRÍCIA MOREIRA SANTOS;12.934.032/0001-43;BA;VITÓRIA DA CONQUISTA
FAROESTE A BRASILEIRA;B2600030900000;03/02/2026;DEFERIDO;JORNALÍSTICA;;COMUM;SERIADA DE DURAÇÃO INDETERMINADA;31200;260;2026;2026;COMUNICAÇÃO ELETRÔNICA DE MASSA POR ASSINATURA (TV PAGA);NÃO;EDITORA TIPUANA LTDA.;19.608.677/0001-35;SP;SÃO PAULO
FASHION DIVÃ COM TAYNÃ;B2600190400000;11/06/2026;DEFERIDO;VARIEDADES;;BRASILEIRA INDEPENDENTE CONSTITUINTE DE ESPAÇO QUALIFICADO;SERIADA DE DURAÇÃO INDETERMINADA;600;10;2026;2026;OUTROS MERCADOS;NÃO;41.325.237 TAYNA MELLO ALBUQUERQUE BORIS MAIA;41.325.237/0001-20;CE;FORTALEZA
FATIADA;B2600113100000;15/04/2026;DEFERIDO;DOCUMENTÁRIO;;BRASILEIRA INDEPENDENTE CONSTITUINTE DE ESPAÇO QUALIFICADO;SERIADA EM TEMPORADA ÚNICA;90;3;2026;2026;COMUNICAÇÃO ELETRÔNICA DE MASSA POR ASSINATURA (TV PAGA);NÃO;IMAGINAR EMPREENDIMENTOS E PARTICIPACOES LTDA;10.899.485/0001-50;RJ;RIO DE JANEIRO
FAZ-SE FILMES- ARQUIPÉLAGO DE CAIRU;B2600254400000;02/08/2026;DEFERIDO;DOCUMENTÁRIO;;BRASILEIRA INDEPENDENTE CONSTITUINTE DE ESPAÇO QUALIFICADO;NÃO SERIADA;90;;2026;;SALAS DE EXIBIÇÃO;NÃO;VIOLETA FILMES E PRODUCOES LTDA;23.656.414/0001-79;BA;VALENÇA
FAZER O MUNDO SAMBAR;B2600063000000;27/02/2026;DEFERIDO;VÍDEOMUSICAL;Registro de Eventos;BRASILEIRA INDEPENDENTE CONSTITUINTE DE ESPAÇO QUALIFICADO;NÃO SERIADA;3,2;;2026;;COMUNICAÇÃO ELETRÔNICA DE MASSA POR ASSINATURA (TV PAGA);NÃO;RITMO QUENTE PRODUCOES ARTISTICAS LTDA;09.303.098/0001-20;RJ;RIO DE JANEIRO
FECHADO PARA REFORMA;B2600262200000;07/08/2026;DEFERIDO;ANIMAÇÃO;;BRASILEIRA CONSTITUINTE DE ESPAÇO QUALIFICADO;NÃO SERIADA;7,0;;2026;;NENHUMA DAS OPÇÕES;NÃO;ALESSANDRO DRIE DE PAIVA MELO;PESSOA FÍSICA;MG;JUIZ DE FORA
FEITO PIPA;B2600253800000;31/07/2026;DEFERIDO;FICÇÃO;;BRASILEIRA INDEPENDENTE CONSTITUINTE DE ESPAÇO QUALIFICADO;NÃO SERIADA;92,4;;2026;;SALAS DE EXIBIÇÃO;NÃO;DEBERTON FILMES E PRODUCOES LTDA;07.202.193/0001-02;CE;FORTALEZA
FELIZ SÁBADO;B2600039900000;10/02/2026;DEFERIDO;RELIGIOSA;;COMUM;SERIADA DE DURAÇÃO INDETERMINADA;2080;52;2026;2026;RADIODIFUSÃO DE SONS E IMAGENS (TV ABERTA);NÃO;TELEVISAO CACHOEIRA DO SUL LTDA;89.784.037/0001-61;RS;CACHOEIRA DO SUL
FEMINISSIMA TALKS - 2A TEMPORADA;B2600038700000;09/02/2026;DEFERIDO;VARIEDADES;;BRASILEIRA INDEPENDENTE CONSTITUINTE DE ESPAÇO QUALIFICADO;SERIADA EM MÚLTIPLAS TEMPORADAS;432;16;2026;2026;COMUNICAÇÃO ELETRÔNICA DE MASSA POR ASSINATURA (TV PAGA);NÃO;FTV COMUNICAÇÃO LTDA;13.039.077/0001-17;RS;PORTO ALEGRE
FEMINISSIMA TALKS 3A TEMPORADA;B2600207800000;26/06/2026;DEFERIDO;VARIEDADES;;BRASILEIRA INDEPENDENTE CONSTITUINTE DE ESPAÇO QUALIFICADO;SERIADA EM MÚLTIPLAS TEMPORADAS;440;16;2026;2026;COMUNICAÇÃO ELETRÔNICA DE MASSA POR ASSINATURA (TV PAGA);NÃO;FTV COMUNICAÇÃO LTDA;13.039.077/0001-17;RS;PORTO ALEGRE
FERA DOMESTICADA;B2600234900000;21/07/2026;DEFERIDO;VÍDEOMUSICAL;Registro de Eventos;BRASILEIRA INDEPENDENTE CONSTITUINTE DE ESPAÇO QUALIFICADO;NÃO SERIADA;2,7;;2026;;COMUNICAÇÃO ELETRÔNICA DE MASSA POR ASSINATURA (TV PAGA);NÃO;SALDOCE PRODUCOES ARTISTICAS LTDA;56.971.052/0001-60;RJ;RIO DE JANEIRO
FESTA GAROTO (DIGITAL SHOW, LIVE IN BRASILIA);B2600017100000;20/01/2026;DEFERIDO;VÍDEOMUSICAL;Registro de Eventos;BRASILEIRA CONSTITUINTE DE ESPAÇO QUALIFICADO;NÃO SERIADA;100;;2026;;OUTROS MERCADOS - VÍDEO POR DEMANDA;NÃO;DANIEL MOREIRA DA SILVA ***********;31.102.699/0001-24;PR;CURITIBA
FESTA NACIONAL DO STEINHAEGER E DO XIXO - ORIGENS;B2600156300000;13/05/2026;DEFERIDO;DOCUMENTÁRIO;;BRASILEIRA CONSTITUINTE DE ESPAÇO QUALIFICADO;NÃO SERIADA;9,1;;2026;;NENHUMA DAS OPÇÕES;NÃO;MOCA COMUNICACAO E ENTRETENIMENTO LTDA - ME;22.682.089/0001-56;PR;UNIÃO DA VITÓRIA
FESTIVAL DE INVERNO RIO 2026 - MELHORES MOMENTOS;B2600235800000;22/07/2026;DEFERIDO;VÍDEOMUSICAL;Registro de Eventos;BRASILEIRA CONSTITUINTE DE ESPAÇO QUALIFICADO;SERIADA EM MÚLTIPLAS TEMPORADAS;180;3;2026;2026;RADIODIFUSÃO DE SONS E IMAGENS (TV ABERTA);NÃO;GLOBO COMUNICACAO E PARTICIPACOES S/A;27.865.757/0001-02;RJ;RIO DE JANEIRO
FESTIVAL MESKLA 2026;B2600108700000;09/04/2026;DEFERIDO;VARIEDADES;;BRASILEIRA CONSTITUINTE DE ESPAÇO QUALIFICADO;NÃO SERIADA;40;;2026;;RADIODIFUSÃO DE SONS E IMAGENS (TV ABERTA);NÃO;GLOBO COMUNICACAO E PARTICIPACOES S/A;27.865.757/0001-02;RJ;RIO DE JANEIRO
FESTIVAL PLAYLIST 2026;B2600241100000;23/07/2026;DEFERIDO;VARIEDADES;;BRASILEIRA CONSTITUINTE DE ESPAÇO QUALIFICADO;NÃO SERIADA;32;;2026;;RADIODIFUSÃO DE SONS E IMAGENS (TV ABERTA);NÃO;GLOBO COMUNICACAO E PARTICIPACOES S/A;27.865.757/0001-02;RJ;RIO DE JANEIRO
FETISH MOTEL;B2600213700000;02/07/2026;DEFERIDO;VÍDEOMUSICAL;;BRASILEIRA INDEPENDENTE CONSTITUINTE DE ESPAÇO QUALIFICADO;NÃO SERIADA;3,4;;2026;;COMUNICAÇÃO ELETRÔNICA DE MASSA POR ASSINATURA (TV PAGA);NÃO;MIWA SHIMOSAKAI;14.392.122/0001-85;SP;SÃO PAULO
FIDÈLE;B2600074200000;11/03/2026;DEFERIDO;DOCUMENTÁRIO;;BRASILEIRA INDEPENDENTE CONSTITUINTE DE ESPAÇO QUALIFICADO;NÃO SERIADA;14,1;;2026;;OUTROS MERCADOS - VÍDEO POR DEMANDA;NÃO;CAOLHA FILMES LTDA;23.856.558/0001-79;GO;GOIÂNIA
FIFA;B2600188600000;10/06/2026;DEFERIDO;VÍDEOMUSICAL;Registro de Eventos;BRASILEIRA INDEPENDENTE CONSTITUINTE DE ESPAÇO QUALIFICADO;NÃO SERIADA;3,7;;2026;;COMUNICAÇÃO ELETRÔNICA DE MASSA POR ASSINATURA (TV PAGA);NÃO;LAGUM PRODUCAO MUSICAL LTDA;31.133.282/0001-29;MG;BELO HORIZONTE
FILHA DO MAR (OH, YEMANJÁ);B2600181300000;01/06/2026;DEFERIDO;VÍDEOMUSICAL;Registro de Eventos;BRASILEIRA INDEPENDENTE CONSTITUINTE DE ESPAÇO QUALIFICADO;NÃO SERIADA;3,7;;2026;;COMUNICAÇÃO ELETRÔNICA DE MASSA POR ASSINATURA (TV PAGA);NÃO;GALEÃO PRODUÇÕES ARTÍSTICAS MUSICAIS E COMÉRCIO LTDA.;08.870.113/0001-50;SP;SÃO PAULO
FILHA DO MAR (OH, YEMANJÁ);B2600078500000;16/03/2026;DEFERIDO;VÍDEOMUSICAL;Registro de Eventos;BRASILEIRA INDEPENDENTE CONSTITUINTE DE ESPAÇO QUALIFICADO;NÃO SERIADA;3,7;;2025;;COMUNICAÇÃO ELETRÔNICA DE MASSA POR ASSINATURA (TV PAGA);NÃO;GALEÃO PRODUÇÕES ARTÍSTICAS MUSICAIS E COMÉRCIO LTDA.;08.870.113/0001-50;SP;SÃO PAULO
FILHO DA GLÓRIA E DO TRIUNFO - 32 ANOS E 90 MINUTOS;B2600208300000;26/06/2026;DEFERIDO;DOCUMENTÁRIO;;BRASILEIRA INDEPENDENTE CONSTITUINTE DE ESPAÇO QUALIFICADO;NÃO SERIADA;70,9;;2026;;SALAS DE EXIBIÇÃO;NÃO;TV NORTE INDEPENDENTE SERVICOS DE PRODUCAO DE VIDEOS LTDA;02.402.531/0001-36;PA;BELÉM
FILHO DAS ESTRELAS;B2600233200000;20/07/2026;DEFERIDO;FICÇÃO;;BRASILEIRA INDEPENDENTE CONSTITUINTE DE ESPAÇO QUALIFICADO;NÃO SERIADA;91,6;;2026;;SALAS DE EXIBIÇÃO;NÃO;LOPES FILMES;30.520.948/0001-39;MG;UBERLÂNDIA
FILHOS DO LITORAL CENTRAL;B2600187500000;09/06/2026;DEFERIDO;FICÇÃO;;BRASILEIRA INDEPENDENTE CONSTITUINTE DE ESPAÇO QUALIFICADO;NÃO SERIADA;95,6;;2026;;SALAS DE EXIBIÇÃO;NÃO;MARSH FILMES LTDA;24.892.991/0001-22;MS;CAMPO GRANDE
FILMANDO BYE BYE BRASIL;B2600166400000;22/05/2026;DEFERIDO;DOCUMENTÁRIO;;BRASILEIRA INDEPENDENTE CONSTITUINTE DE ESPAÇO QUALIFICADO;NÃO SERIADA;6,4;;1979;;NENHUMA DAS OPÇÕES;NÃO;PRODUÇÕES CINEMATOGRÁFICAS LC BARRETO LTDA;33.450.990/0001-19;RJ;RIO DE JANEIRO
FILMANDO DONA FLOR;B2600178400000;28/05/2026;DEFERIDO;DOCUMENTÁRIO;;BRASILEIRA INDEPENDENTE CONSTITUINTE DE ESPAÇO QUALIFICADO;NÃO SERIADA;7,8;;1976;;NENHUMA DAS OPÇÕES;NÃO;PRODUÇÕES CINEMATOGRÁFICAS LC BARRETO LTDA;33.450.990/0001-19;RJ;RIO DE JANEIRO
FILOSOFIA POP 3ª TEMPORADA;B2600215500000;06/07/2026;DEFERIDO;PROGRAMA DE AUDITÓRIO ANCORADO POR APRESENTADOR;;COMUM;SERIADA EM MÚLTIPLAS TEMPORADAS;468;9;2026;2026;COMUNICAÇÃO ELETRÔNICA DE MASSA POR ASSINATURA (TV PAGA);NÃO;SERVICO SOCIAL DO COMERCIO - SESC - ADMINISTRACAO REGIONAL NO ESTADO DE SAO PAULO;03.667.884/0001-20;SP;SÃO PAULO
FIM DE COMÉDIA;B2600094800000;26/03/2026;DEFERIDO;FICÇÃO;;BRASILEIRA INDEPENDENTE CONSTITUINTE DE ESPAÇO QUALIFICADO;SERIADA EM TEMPORADA ÚNICA;214,8;10;2026;2026;COMUNICAÇÃO ELETRÔNICA DE MASSA POR ASSINATURA (TV PAGA);NÃO;IBEJADA FILMES LTDA -ME;13.211.847/0001-67;RJ;RIO DE JANEIRO
FIM DE VERÃO DE JÚLIA;B2600069500000;06/03/2026;DEFERIDO;FICÇÃO;;BRASILEIRA CONSTITUINTE DE ESPAÇO QUALIFICADO;NÃO SERIADA;25,8;;2026;;SALAS DE EXIBIÇÃO;NÃO;DOUGLAS FELIPE DOS SANTOS OLIVEIRA;PESSOA FÍSICA;SE;ARACAJU
FINE !?;B2600004400000;06/01/2026;DEFERIDO;VÍDEOMUSICAL;;BRASILEIRA CONSTITUINTE DE ESPAÇO QUALIFICADO;NÃO SERIADA;3,6;;2025;;COMUNICAÇÃO ELETRÔNICA DE MASSA POR ASSINATURA (TV PAGA);NÃO;THAIS PIMENTA BOSSI;PESSOA FÍSICA;SP;GUARUJÁ
FIOS;B2600159400000;15/05/2026;DEFERIDO;ANIMAÇÃO;;BRASILEIRA INDEPENDENTE CONSTITUINTE DE ESPAÇO QUALIFICADO;NÃO SERIADA;5,5;;2026;;VIDEO DOMÉSTICO;NÃO;R VIDAL AUDIOVISUAL LTDA;18.799.336/0001-21;RJ;RIO DE JANEIRO
FLAGRA #1 - ALEXANDRA RICHTER - ANELLYSANDO;B2600269900000;18/08/2026;DEFERIDO;FICÇÃO;;BRASILEIRA INDEPENDENTE CONSTITUINTE DE ESPAÇO QUALIFICADO;NÃO SERIADA;2,3;;2026;;OUTROS MERCADOS - VÍDEO POR DEMANDA;NÃO;JOEL F. BREDT VIEIRA PRODUÇÕES;23.814.048/0001-39;PR;CURITIBA
FLAGRA #10 - VANESSA GERBELLI - ANELLYSANDO;B2600270200000;18/08/2026;DEFERIDO;FICÇÃO;;BRASILEIRA INDEPENDENTE CONSTITUINTE DE ESPAÇO QUALIFICADO;NÃO SERIADA;2,1;;2026;;OUTROS MERCADOS - VÍDEO POR DEMANDA;NÃO;JOEL F. BREDT VIEIRA PRODUÇÕES;23.814.048/0001-39;PR;CURITIBA
FLOR DA PAISAGEM;B2600138800000;29/04/2026;DEFERIDO;FICÇÃO;;BRASILEIRA INDEPENDENTE CONSTITUINTE DE ESPAÇO QUALIFICADO;NÃO SERIADA;15;;2026;;SALAS DE EXIBIÇÃO;NÃO;SONORA VISUAL ESPACO DE PRESERVACAO CULTURAL LTDA;40.137.727/0001-30;CE;EUSÉBIO
FLORESTA HABITADA;B2600029600000;03/02/2026;DEFERIDO;DOCUMENTÁRIO;;BRASILEIRA INDEPENDENTE CONSTITUINTE DE ESPAÇO QUALIFICADO;NÃO SERIADA;29,8;;2026;;OUTROS MERCADOS - AUDIOVISUAL EM CIRCUITO RESTRITO;SIM;CIDADE FLUTUANTE PRODUCOES LTDA;27.217.415/0001-78;AM;MANAUS
FLORIFLUTO;B2600008100000;11/01/2026;DEFERIDO;ANIMAÇÃO;;BRASILEIRA INDEPENDENTE CONSTITUINTE DE ESPAÇO QUALIFICADO;SERIADA DE DURAÇÃO INDETERMINADA;24,3;4;2026;2026;OUTROS MERCADOS;NÃO;CERBEROS FILMES LTDA;20.556.770/0001-22;MT;CHAPADA DOS GUIMARÃES
FLUXO AZUL;B2600153000000;11/05/2026;DEFERIDO;DOCUMENTÁRIO;;BRASILEIRA INDEPENDENTE CONSTITUINTE DE ESPAÇO QUALIFICADO;SERIADA EM MÚLTIPLAS TEMPORADAS;161,5;6;2026;2026;COMUNICAÇÃO ELETRÔNICA DE MASSA POR ASSINATURA (TV PAGA);NÃO;MAYU PRODUÇÕES ARTISTICAS LTDA;12.873.604/0001-21;RJ;RIO DE JANEIRO
FOLCLÓRICA;B2600177100000;28/05/2026;DEFERIDO;FICÇÃO;;BRASILEIRA INDEPENDENTE CONSTITUINTE DE ESPAÇO QUALIFICADO;NÃO SERIADA;87,1;;2026;;SALAS DE EXIBIÇÃO;NÃO;FABULAS FILMES LTDA;09.369.796/0001-29;ES;GUARAPARI
FOLHA CORRIDA;B2600059600000;24/02/2026;DEFERIDO;DOCUMENTÁRIO;;BRASILEIRA INDEPENDENTE CONSTITUINTE DE ESPAÇO QUALIFICADO;SERIADA EM TEMPORADA ÚNICA;142,7;4;2026;2026;OUTROS MERCADOS - VÍDEO POR DEMANDA;NÃO;TERRA FIRME PRODUÇÕES CINEMATOGRÁFICAS LTDA;09.260.004/0001-83;SP;SÃO PAULO
FOME;B2600191300000;11/06/2026;DEFERIDO;DOCUMENTÁRIO;;BRASILEIRA INDEPENDENTE CONSTITUINTE DE ESPAÇO QUALIFICADO;NÃO SERIADA;9,6;;2026;;NENHUMA DAS OPÇÕES;NÃO;PAULO SERGIO SILVA;14.554.904/0001-73;SP;SÃO PAULO
FOR A DREAM;B2600182000000;02/06/2026;DEFERIDO;REALITY-SHOW;;BRASILEIRA INDEPENDENTE CONSTITUINTE DE ESPAÇO QUALIFICADO;SERIADA EM MÚLTIPLAS TEMPORADAS;408;8;2026;2026;COMUNICAÇÃO ELETRÔNICA DE MASSA POR ASSINATURA (TV PAGA);NÃO;DIENIS VENANCIO DE ALMEIDA;51.812.442/0001-73;RJ;RIO DE JANEIRO
FORA DO ROTEIRO: MINHA LUTA PELA SAÚDE MENTAL NOS PALCOS E NA VIDA;B2600216800000;07/07/2026;DEFERIDO;DOCUMENTÁRIO;;BRASILEIRA INDEPENDENTE CONSTITUINTE DE ESPAÇO QUALIFICADO;NÃO SERIADA;70,5;;2026;;SALAS DE EXIBIÇÃO;NÃO;FELISTOQUE CINEMA LTDA.;39.967.359/0001-78;DF;BRASÍLIA
FORRÓ DO VELHO INÁCIO/FILHO DO DONO;B2600108000000;09/04/2026;DEFERIDO;VÍDEOMUSICAL;Registro de Eventos;BRASILEIRA CONSTITUINTE DE ESPAÇO QUALIFICADO;NÃO SERIADA;3,6;;2026;;COMUNICAÇÃO ELETRÔNICA DE MASSA POR ASSINATURA (TV PAGA);NÃO;BETE FERREIRA COMUNICAÇÃO LTDA;29.232.353/0001-07;SP;SÃO PAULO
FORTUNAS;B2600148400000;06/05/2026;DEFERIDO;FICÇÃO;;BRASILEIRA INDEPENDENTE CONSTITUINTE DE ESPAÇO QUALIFICADO;NÃO SERIADA;10;;2026;;OUTROS MERCADOS - VÍDEO POR DEMANDA;NÃO;BERIMBOLO PRODUCOES LTDA;29.335.686/0001-53;RJ;RIO DE JANEIRO
FRONTEIRAS - 21 FILMES ESSENCIAIS PARA COMPREENDER O SÉCULO XXI;B2600261200000;07/08/2026;DEFERIDO;DOCUMENTÁRIO;;BRASILEIRA INDEPENDENTE CONSTITUINTE DE ESPAÇO QUALIFICADO;SERIADA EM TEMPORADA ÚNICA;420;21;2026;2026;COMUNICAÇÃO ELETRÔNICA DE MASSA POR ASSINATURA (TV PAGA);NÃO;DELOS PRODUÇÕES CULTURAIS LTDA;39.601.053/0001-01;SP;SÃO PAULO
FRONTEIRAS DA MEMÓRIA;B2600006400000;08/01/2026;DEFERIDO;DOCUMENTÁRIO;;BRASILEIRA INDEPENDENTE CONSTITUINTE DE ESPAÇO QUALIFICADO;SERIADA EM TEMPORADA ÚNICA;153,0;3;2026;2026;COMUNICAÇÃO ELETRÔNICA DE MASSA POR ASSINATURA (TV PAGA);NÃO;MARCELO MACHADO PRODUCOES ARTISTICAS LTDA;71.743.496/0001-31;SP;SÃO PAULO
FRONTEIRIÇAS;B2600088200000;24/03/2026;DEFERIDO;DOCUMENTÁRIO;;BRASILEIRA CONSTITUINTE DE ESPAÇO QUALIFICADO;NÃO SERIADA;53,9;;2026;;OUTROS MERCADOS - AUDIOVISUAL EM CIRCUITO RESTRITO;NÃO;BEATRIZ OLIVEIRA ABRAHÃO;PESSOA FÍSICA;MG;BELO HORIZONTE
FRUTINHA;B2600110900000;13/04/2026;DEFERIDO;FICÇÃO;;BRASILEIRA INDEPENDENTE CONSTITUINTE DE ESPAÇO QUALIFICADO;NÃO SERIADA;11,7;;2026;;SALAS DE EXIBIÇÃO;NÃO;PARALELO 15 FILMES LTDA;30.284.248/0001-92;MT;CUIABÁ
FUNK;B2600162300000;19/05/2026;DEFERIDO;FICÇÃO;;BRASILEIRA INDEPENDENTE CONSTITUINTE DE ESPAÇO QUALIFICADO;NÃO SERIADA;107,9;;2026;;SALAS DE EXIBIÇÃO;NÃO;PARANOID FILMES LTDA;11.140.814/0001-48;SP;SÃO PAULO
FUNK CARIOCA PARA IDIOTAS;B2600177900000;28/05/2026;DEFERIDO;ANIMAÇÃO;;BRASILEIRA INDEPENDENTE CONSTITUINTE DE ESPAÇO QUALIFICADO;NÃO SERIADA;2,9;;2026;;SALAS DE EXIBIÇÃO;NÃO;CAMILO FIGUEIRA MOREIRA;PESSOA FÍSICA;RJ;RIO DE JANEIRO
FURNAS FUNDAS - UMA FÁBULA GÓTICA BRASILEIRA;B2600261400000;07/08/2026;DEFERIDO;FICÇÃO;;BRASILEIRA INDEPENDENTE CONSTITUINTE DE ESPAÇO QUALIFICADO;NÃO SERIADA;116,4;;2026;;SALAS DE EXIBIÇÃO;NÃO;MIDNIGHT JAPA PRODUÇÕES ARTISTICAS LTDA - EPP;19.439.219/0001-10;SP;SÃO PAULO
FUTURO DELAS;B2600124400000;22/04/2026;DEFERIDO;DOCUMENTÁRIO;;BRASILEIRA CONSTITUINTE DE ESPAÇO QUALIFICADO;NÃO SERIADA;12,5;;2026;;VIDEO DOMÉSTICO;NÃO;FUNDAÇÃO OSWALDO CRUZ;33.781.055/0001-35;RJ;RIO DE JANEIRO
FÁBRICA DE CASAMENTOS - 5 ª TEMPORADA;B2600025600000;28/01/2026;DEFERIDO;REALITY-SHOW;;BRASILEIRA CONSTITUINTE DE ESPAÇO QUALIFICADO;SERIADA EM MÚLTIPLAS TEMPORADAS;960;12;2026;2026;RADIODIFUSÃO DE SONS E IMAGENS (TV ABERTA);NÃO;TVSBT CANAL 4 DE SAO PAULO S/A;45.039.237/0001-14;SP;OSASCO
FÁTIMA & YOLANDA;B2600087900000;24/03/2026;DEFERIDO;FICÇÃO;;BRASILEIRA INDEPENDENTE CONSTITUINTE DE ESPAÇO QUALIFICADO;NÃO SERIADA;101,9;;2026;;SALAS DE EXIBIÇÃO;NÃO;CHURINGA PRODUCOES ARTISTICAS LTDA;35.493.096/0001-51;RJ;RIO DE JANEIRO
FÁTIMA, A PROMESSA;B2600087800000;24/03/2026;DEFERIDO;DOCUMENTÁRIO;;BRASILEIRA INDEPENDENTE CONSTITUINTE DE ESPAÇO QUALIFICADO;NÃO SERIADA;53;;2026;;COMUNICAÇÃO ELETRÔNICA DE MASSA POR ASSINATURA (TV PAGA);NÃO;C C B GALLO PRODUÇÕES ARTISTICAS;28.931.903/0001-05;RJ;RIO DE JANEIRO
FÃ DO SANDUICHE;B2600070800000;06/03/2026;DEFERIDO;VÍDEOMUSICAL;Registro de Eventos;BRASILEIRA INDEPENDENTE CONSTITUINTE DE ESPAÇO QUALIFICADO;NÃO SERIADA;6,6;;2025;;RADIODIFUSÃO DE SONS E IMAGENS (TV ABERTA);NÃO;DYNAMIC PRODUCOES ARTISTICAS DISCOS LTDA.;40.357.188/0001-44;RJ;RIO DE JANEIRO
FÃ DO SANDUICHE;B2600166300000;22/05/2026;DEFERIDO;VÍDEOMUSICAL;;BRASILEIRA INDEPENDENTE CONSTITUINTE DE ESPAÇO QUALIFICADO;NÃO SERIADA;6,6;;2025;;RADIODIFUSÃO DE SONS E IMAGENS (TV ABERTA);NÃO;DYNAMIC PRODUCOES ARTISTICAS DISCOS LTDA.;40.357.188/0001-44;RJ;RIO DE JANEIRO
FÉ EM AÇÃO;B2600011200000;13/01/2026;DEFERIDO;JORNALÍSTICA;;COMUM;SERIADA EM MÚLTIPLAS TEMPORADAS;780;26;2026;2026;RADIODIFUSÃO DE SONS E IMAGENS (TV ABERTA);NÃO;TELEVISAO CACHOEIRA DO SUL LTDA;89.784.037/0001-61;RS;CACHOEIRA DO SUL
FÉ EM DISPUTA – A ASCENSÃO DOS EVANGÉLICOS NO BRASIL;B2600144200000;04/05/2026;DEFERIDO;DOCUMENTÁRIO;;BRASILEIRA INDEPENDENTE CONSTITUINTE DE ESPAÇO QUALIFICADO;NÃO SERIADA;48,8;;2026;;OUTROS MERCADOS;NÃO;CENTRO POPULAR DE MIDIAS CPMIDIAS;28.501.361/0001-30;SP;SÃO PAULO
FÉ PARA HOJE;B2600024100000;27/01/2026;DEFERIDO;RELIGIOSA;;COMUM;SERIADA EM MÚLTIPLAS TEMPORADAS;1624;56;2026;2026;RADIODIFUSÃO DE SONS E IMAGENS (TV ABERTA);NÃO;TELEVISAO CACHOEIRA DO SUL LTDA;89.784.037/0001-61;RS;CACHOEIRA DO SUL
GABRIEL GONTI - DE PERTO;B2600106400000;08/04/2026;DEFERIDO;VÍDEOMUSICAL;Registro de Eventos;BRASILEIRA INDEPENDENTE CONSTITUINTE DE ESPAÇO QUALIFICADO;NÃO SERIADA;3,2;;2025;;COMUNICAÇÃO ELETRÔNICA DE MASSA POR ASSINATURA (TV PAGA);NÃO;GONTI PRODUCOES LTDA;26.643.265/0001-00;MG;PATOS DE MINAS
GABRIEL GONTI - QUERO EM DOBRO;B2600029900000;03/02/2026;DEFERIDO;VÍDEOMUSICAL;Registro de Eventos;BRASILEIRA INDEPENDENTE CONSTITUINTE DE ESPAÇO QUALIFICADO;NÃO SERIADA;2,8;;2025;;COMUNICAÇÃO ELETRÔNICA DE MASSA POR ASSINATURA (TV PAGA);NÃO;GONTI PRODUCOES LTDA;26.643.265/0001-00;MG;PATOS DE MINAS
GABRIEL GONTI, ANNA PÊGO - DESCOMPLICA;B2600076000000;12/03/2026;DEFERIDO;VÍDEOMUSICAL;Registro de Eventos;BRASILEIRA INDEPENDENTE CONSTITUINTE DE ESPAÇO QUALIFICADO;NÃO SERIADA;3,5;;2026;;COMUNICAÇÃO ELETRÔNICA DE MASSA POR ASSINATURA (TV PAGA);NÃO;GONTI PRODUCOES LTDA;26.643.265/0001-00;MG;PATOS DE MINAS
GAITA;B2600260100000;06/08/2026;DEFERIDO;FICÇÃO;;BRASILEIRA INDEPENDENTE CONSTITUINTE DE ESPAÇO QUALIFICADO;NÃO SERIADA;14,2;;2026;;SALAS DE EXIBIÇÃO;SIM;ESPUMA FILMES LTDA;42.059.290/0001-99;SP;SÃO PAULO
GALVÃO FC;B2600035500000;05/02/2026;DEFERIDO;PROGRAMA DE AUDITÓRIO ANCORADO POR APRESENTADOR;;COMUM;SERIADA EM TEMPORADA ÚNICA;3300;44;2026;2026;RADIODIFUSÃO DE SONS E IMAGENS (TV ABERTA);NÃO;TVSBT CANAL 4 DE SAO PAULO S/A;45.039.237/0001-14;SP;OSASCO
GAME LIQUID CONTROL – MANUAL DE REGRAS;B2600165700000;22/05/2026;DEFERIDO;VARIEDADES;Vídeoaula;BRASILEIRA CONSTITUINTE DE ESPAÇO QUALIFICADO;NÃO SERIADA;7,2;;2026;;OUTROS MERCADOS;NÃO;FERNANDA DO SOCORRO CARVALHO DA SILVA LOBATO;PESSOA FÍSICA;PA;BELÉM
GAMER SAFADINHA;B2600139400000;29/04/2026;DEFERIDO;FICÇÃO;Erótico/Pornográfica;COMUM;NÃO SERIADA;31;;2026;;COMUNICAÇÃO ELETRÔNICA DE MASSA POR ASSINATURA (TV PAGA);NÃO;DOCE DE LEITE FILMES LTDA;31.381.274/0001-00;SP;SÃO PAULO
GAMES, MITOS E LENDAS;B2600041500000;11/02/2026;DEFERIDO;DOCUMENTÁRIO;;BRASILEIRA INDEPENDENTE CONSTITUINTE DE ESPAÇO QUALIFICADO;SERIADA EM TEMPORADA ÚNICA;299;13;2026;2026;COMUNICAÇÃO ELETRÔNICA DE MASSA POR ASSINATURA (TV PAGA);NÃO;FLORA FILMES & VIDEOS PRODUCOES ARTISTICAS LTDA;02.759.786/0001-50;RJ;RIO DE JANEIRO
GARGALO;B2600251900000;29/07/2026;DEFERIDO;FICÇÃO;;BRASILEIRA INDEPENDENTE CONSTITUINTE DE ESPAÇO QUALIFICADO;NÃO SERIADA;18,1;;2026;;SALAS DE EXIBIÇÃO;NÃO;RABO DE OLHO LTDA;24.375.006/0001-01;RN;NATAL
GAZETA FUNERÁRIA;B2600221100000;09/07/2026;DEFERIDO;FICÇÃO;;BRASILEIRA CONSTITUINTE DE ESPAÇO QUALIFICADO;NÃO SERIADA;11,6;;2026;;SALAS DE EXIBIÇÃO;NÃO;45.137.721 NAIANA MUSSATO AMORIM;45.137.721/0001-86;RS;GRAMADO
GEIST: 1922;B2600173600000;26/05/2026;DEFERIDO;ANIMAÇÃO;;BRASILEIRA INDEPENDENTE CONSTITUINTE DE ESPAÇO QUALIFICADO;NÃO SERIADA;10,5;;2026;;SALAS DE EXIBIÇÃO;NÃO;INFRAVERMELHO FILMES LTDA;10.721.680/0001-96;SP;SÃO PAULO
GEORGE;B2600194300000;16/06/2026;DEFERIDO;FICÇÃO;;BRASILEIRA INDEPENDENTE CONSTITUINTE DE ESPAÇO QUALIFICADO;NÃO SERIADA;15;;2026;;NENHUMA DAS OPÇÕES;NÃO;PRAÇA PRODUÇÕES AUDIOVISUAIS LTDA;04.297.951/0001-25;RS;PORTO ALEGRE
GERAÇÃO FUTURA JUVENTUDES COM INSTITUTO RUMO;B2600248300000;28/07/2026;DEFERIDO;VARIEDADES;;BRASILEIRA CONSTITUINTE DE ESPAÇO QUALIFICADO;SERIADA EM TEMPORADA ÚNICA;30;6;2026;2026;COMUNICAÇÃO ELETRÔNICA DE MASSA POR ASSINATURA (TV PAGA);NÃO;FUNDAÇÃO ROBERTO MARINHO;29.527.413/0001-00;RJ;RIO DE JANEIRO
GILSONS - BEIJO NA BOCA;B2600123100000;20/04/2026;DEFERIDO;VÍDEOMUSICAL;;BRASILEIRA INDEPENDENTE CONSTITUINTE DE ESPAÇO QUALIFICADO;NÃO SERIADA;3,5;;2026;;COMUNICAÇÃO ELETRÔNICA DE MASSA POR ASSINATURA (TV PAGA);NÃO;COSMO CINE PRODUÇÕES LTDA. - ME;24.515.989/0001-34;RJ;RIO DE JANEIRO
GIRA-SONHOS;B2600008900000;12/01/2026;DEFERIDO;FICÇÃO;;BRASILEIRA CONSTITUINTE DE ESPAÇO QUALIFICADO;NÃO SERIADA;12,8;;2026;;SALAS DE EXIBIÇÃO;NÃO;JÉFFERSON RADAN BATISTA ROCHA;PESSOA FÍSICA;PB;CUITÉ
GLENDA;B2600233500000;20/07/2026;DEFERIDO;ANIMAÇÃO;;BRASILEIRA INDEPENDENTE CONSTITUINTE DE ESPAÇO QUALIFICADO;NÃO SERIADA;3,2;;2026;;OUTROS MERCADOS - AUDIOVISUAL EM CIRCUITO RESTRITO;NÃO;WEST END FILMES LTDA;51.836.065/0001-02;MS;CAMPO GRANDE
GLORIA;B2600208000000;26/06/2026;DEFERIDO;FICÇÃO;;BRASILEIRA CONSTITUINTE DE ESPAÇO QUALIFICADO;NÃO SERIADA;23,6;;2026;;OUTROS MERCADOS;NÃO;SAIGON FILMES LTDA;20.975.417/0001-87;SP;SÃO PAULO
GODZILLA VS. BURNOUT;B2600279100000;21/08/2026;DEFERIDO;ANIMAÇÃO;;BRASILEIRA INDEPENDENTE CONSTITUINTE DE ESPAÇO QUALIFICADO;NÃO SERIADA;2;;2026;;SALAS DE EXIBIÇÃO;NÃO;CAMILO FIGUEIRA MOREIRA;PESSOA FÍSICA;RJ;RIO DE JANEIRO
GOLAÇO;B2600141700000;30/04/2026;DEFERIDO;VÍDEOMUSICAL;;BRASILEIRA INDEPENDENTE CONSTITUINTE DE ESPAÇO QUALIFICADO;NÃO SERIADA;2,5;;2026;;COMUNICAÇÃO ELETRÔNICA DE MASSA POR ASSINATURA (TV PAGA);NÃO;53.450.239 ANA PAULA BOVI VALLILO;53.450.239/0001-20;SP;SANTANA DE PARNAÍBA
GONZAGA DE GARANHUNS - O REI E O REISADO;B2600211100000;30/06/2026;DEFERIDO;DOCUMENTÁRIO;;BRASILEIRA INDEPENDENTE CONSTITUINTE DE ESPAÇO QUALIFICADO;NÃO SERIADA;19,6;;2026;;SALAS DE EXIBIÇÃO;NÃO;ERIKO RENAN ARAUJO DE MORAES;28.198.052/0001-33;PE;GARANHUNS
GORDELÍCIAS JOGANDO RPG;B2600223500000;10/07/2026;DEFERIDO;FICÇÃO;Erótico/Pornográfica;COMUM;NÃO SERIADA;62,7;;2026;;COMUNICAÇÃO ELETRÔNICA DE MASSA POR ASSINATURA (TV PAGA);NÃO;LUZ VERMELHA FILMES - PRODUTORA DE CINEMA E VÍDEO LTDA;09.152.063/0001-38;SP;SÃO PAULO
GRAJAÚNA;B2600118700000;16/04/2026;DEFERIDO;VÍDEOMUSICAL;Registro de Eventos;BRASILEIRA INDEPENDENTE CONSTITUINTE DE ESPAÇO QUALIFICADO;NÃO SERIADA;2,7;;2019;;SALAS DE EXIBIÇÃO;NÃO;GUAJUPIA FILMES LTDA;50.205.115/0001-90;RJ;RIO DE JANEIRO
GRANDES CENAS - 3ª TEMPORADA;B2600027100000;29/01/2026;DEFERIDO;DOCUMENTÁRIO;;BRASILEIRA INDEPENDENTE CONSTITUINTE DE ESPAÇO QUALIFICADO;SERIADA EM MÚLTIPLAS TEMPORADAS;211,0;10;2026;2026;COMUNICAÇÃO ELETRÔNICA DE MASSA POR ASSINATURA (TV PAGA);NÃO;CASA DE CINEMA DE PORTO ALEGRE LTDA.;94.625.829/0001-23;RS;PORTO ALEGRE
GRAVATA;B2600279600000;22/08/2026;DEFERIDO;VÍDEOMUSICAL;;BRASILEIRA INDEPENDENTE CONSTITUINTE DE ESPAÇO QUALIFICADO;NÃO SERIADA;2,6;;2026;;COMUNICAÇÃO ELETRÔNICA DE MASSA POR ASSINATURA (TV PAGA);NÃO;40.670.840 VINICIUS GARCIA DA SILVA;40.670.840/0001-86;SP;SÃO JOSÉ DOS CAMPOS
GRENAL - O MAIOR CLÁSSICO DAS AMÉRICAS;B2600214300000;03/07/2026;DEFERIDO;DOCUMENTÁRIO;;BRASILEIRA INDEPENDENTE CONSTITUINTE DE ESPAÇO QUALIFICADO;NÃO SERIADA;87,9;;2026;;SALAS DE EXIBIÇÃO;NÃO;GIROS PROJETOS AUDIOVISUAIS LTDA;04.661.796/0001-84;RJ;RIO DE JANEIRO
GROGUE - CAFÉZINHO BLUES;B2600267800000;14/08/2026;DEFERIDO;VÍDEOMUSICAL;;BRASILEIRA CONSTITUINTE DE ESPAÇO QUALIFICADO;NÃO SERIADA;4,6;;2023;;NENHUMA DAS OPÇÕES;NÃO;BURRITOS FANTASTICOS LTDA;31.544.626/0001-92;RS;CAXIAS DO SUL
GUANDU;B2600223200000;10/07/2026;DEFERIDO;DOCUMENTÁRIO;;BRASILEIRA INDEPENDENTE CONSTITUINTE DE ESPAÇO QUALIFICADO;NÃO SERIADA;11,6;;2026;;OUTROS MERCADOS;NÃO;MAYARA FLOSS;PESSOA FÍSICA;SC;FLORIANÓPOLIS
GUERRA DO PAU DE COLHER;B2600099400000;31/03/2026;DEFERIDO;FICÇÃO;;BRASILEIRA INDEPENDENTE CONSTITUINTE DE ESPAÇO QUALIFICADO;NÃO SERIADA;84,3;;2026;;SALAS DE EXIBIÇÃO;NÃO;WLLYSSYS WOLFGANG REIS DIAS ARAUJO - ME;27.389.426/0001-35;PE;PETROLINA
GUERREIRAS;B2600029500000;03/02/2026;DEFERIDO;DOCUMENTÁRIO;;BRASILEIRA INDEPENDENTE CONSTITUINTE DE ESPAÇO QUALIFICADO;SERIADA EM TEMPORADA ÚNICA;106,6;4;2026;2026;COMUNICAÇÃO ELETRÔNICA DE MASSA POR ASSINATURA (TV PAGA);NÃO;MARAHU PRODUCOES DE CINEMA E TELEVISAO LTDA;22.446.460/0001-80;PA;BELÉM
GUERREIROS PLANTADOS;B2600245000000;27/07/2026;DEFERIDO;DOCUMENTÁRIO;;BRASILEIRA INDEPENDENTE CONSTITUINTE DE ESPAÇO QUALIFICADO;NÃO SERIADA;52,1;;2026;;RADIODIFUSÃO DE SONS E IMAGENS (TV ABERTA);NÃO;CABRAFULO PRODUÇÃO CULTURAL LTDA;11.223.363/0001-02;PE;RECIFE
GUIA DE SOBREVIVÊNCIA GASTRONÔMICA;B2600003200000;06/01/2026;DEFERIDO;VARIEDADES;;BRASILEIRA INDEPENDENTE CONSTITUINTE DE ESPAÇO QUALIFICADO;SERIADA DE DURAÇÃO INDETERMINADA;134,1;39;2026;2026;OUTROS MERCADOS - VÍDEO POR DEMANDA;NÃO;ADELINO CELESTINO BILHALVA JUNIOR;09.412.389/0001-57;RS;PORTO ALEGRE
GUSMÃO - DIVIDIR;B2600155400000;13/05/2026;DEFERIDO;VÍDEOMUSICAL;;BRASILEIRA INDEPENDENTE CONSTITUINTE DE ESPAÇO QUALIFICADO;NÃO SERIADA;3,7;;2025;;COMUNICAÇÃO ELETRÔNICA DE MASSA POR ASSINATURA (TV PAGA);NÃO;MARCOS HENRIQUE MEDEIROS DE GUSMÃO;PESSOA FÍSICA;RJ;NITERÓI
HABILIDOSAMENTE;B2600264600000;10/08/2026;DEFERIDO;VÍDEOMUSICAL;Registro de Eventos;BRASILEIRA INDEPENDENTE CONSTITUINTE DE ESPAÇO QUALIFICADO;NÃO SERIADA;3,3;;2026;;COMUNICAÇÃO ELETRÔNICA DE MASSA POR ASSINATURA (TV PAGA);NÃO;TOPO DO MUNDO EMPREENDIMENTOS ARTISTICOS LTDA;53.712.780/0001-69;RJ;NITERÓI
HABITANTES DO BRASIL;B2600034200000;05/02/2026;DEFERIDO;DOCUMENTÁRIO;;BRASILEIRA INDEPENDENTE CONSTITUINTE DE ESPAÇO QUALIFICADO;SERIADA EM TEMPORADA ÚNICA;87,4;5;2026;2026;OUTROS MERCADOS - VÍDEO POR DEMANDA;NÃO;BEWARE PRODUÇÕES LTDA;52.250.561/0001-42;SP;SÃO PAULO
HABITAR;B2600244600000;24/07/2026;DEFERIDO;DOCUMENTÁRIO;;BRASILEIRA INDEPENDENTE CONSTITUINTE DE ESPAÇO QUALIFICADO;NÃO SERIADA;79;;2026;;COMUNICAÇÃO ELETRÔNICA DE MASSA POR ASSINATURA (TV PAGA);NÃO;OLÉ PRODUÇÕES LTDA;09.019.897/0001-70;SP;SÃO PAULO
HADDAD E BORGHI: CANTAM O TEATRO LIVRES EM CENA;B2600218700000;08/07/2026;DEFERIDO;DOCUMENTÁRIO;;BRASILEIRA CONSTITUINTE DE ESPAÇO QUALIFICADO;NÃO SERIADA;120;;2025;;COMUNICAÇÃO ELETRÔNICA DE MASSA POR ASSINATURA (TV PAGA);NÃO;SERVICO SOCIAL DO COMERCIO - SESC - ADMINISTRACAO REGIONAL NO ESTADO DE SAO PAULO;03.667.884/0001-20;SP;SÃO PAULO
HARDCORE 90;B2600027600000;30/01/2026;DEFERIDO;DOCUMENTÁRIO;;BRASILEIRA CONSTITUINTE DE ESPAÇO QUALIFICADO;NÃO SERIADA;91,2;;2026;;NENHUMA DAS OPÇÕES;NÃO;MARCELO BATISTA DA FONSECA;PESSOA FÍSICA;SP;SÃO PAULO
HARMONIA DO OFÍCIO: A ARTE DE CONSTRUIR SONS DOS LUTHIERS POTIGUARES;B2600056500000;24/02/2026;DEFERIDO;DOCUMENTÁRIO;;BRASILEIRA CONSTITUINTE DE ESPAÇO QUALIFICADO;NÃO SERIADA;15;;2025;;NENHUMA DAS OPÇÕES;NÃO;32.867.923 LEONARDO MENESES PEREIRA;32.867.923/0001-31;RN;NATAL
HARMONIC TIMES;B2600156700000;14/05/2026;DEFERIDO;VÍDEOMUSICAL;;BRASILEIRA INDEPENDENTE CONSTITUINTE DE ESPAÇO QUALIFICADO;NÃO SERIADA;3,1;;2024;;COMUNICAÇÃO ELETRÔNICA DE MASSA POR ASSINATURA (TV PAGA);NÃO;LUIZ ALFREDO VERNIERI LOPES;PESSOA FÍSICA;RJ;RIO DE JANEIRO
HEPPENHEIM, SÃO PAULO;B2600186800000;09/06/2026;DEFERIDO;DOCUMENTÁRIO;;BRASILEIRA CONSTITUINTE DE ESPAÇO QUALIFICADO;NÃO SERIADA;16,3;;2026;;SALAS DE EXIBIÇÃO;NÃO;LUCAS MARTINS DE ANDRADE MELO;PESSOA FÍSICA;SP;SÃO PAULO
HERMENEGILDO;B2600078700000;16/03/2026;DEFERIDO;DOCUMENTÁRIO;;BRASILEIRA INDEPENDENTE CONSTITUINTE DE ESPAÇO QUALIFICADO;NÃO SERIADA;42,7;;2025;;COMUNICAÇÃO ELETRÔNICA DE MASSA POR ASSINATURA (TV PAGA);NÃO;COMUNICATIVA PRODUÇÕES LTDA;02.953.464/0001-48;RS;PORTO ALEGRE
HERÓIS DO TATAME;B2600157800000;14/05/2026;DEFERIDO;DOCUMENTÁRIO;;BRASILEIRA INDEPENDENTE CONSTITUINTE DE ESPAÇO QUALIFICADO;NÃO SERIADA;61,2;;2026;;COMUNICAÇÃO ELETRÔNICA DE MASSA POR ASSINATURA (TV PAGA);NÃO;CAVIDEO PRODUÇÕES COMÉRCIO E LOCAÇÃO DE FILMES LTDA;01.666.326/0001-15;RJ;RIO DE JANEIRO
HIP HOP NA VEIA !;B2600158000000;14/05/2026;DEFERIDO;DOCUMENTÁRIO;;BRASILEIRA INDEPENDENTE CONSTITUINTE DE ESPAÇO QUALIFICADO;NÃO SERIADA;51,1;;2026;;COMUNICAÇÃO ELETRÔNICA DE MASSA POR ASSINATURA (TV PAGA);NÃO;CAVIDEO PRODUÇÕES COMÉRCIO E LOCAÇÃO DE FILMES LTDA;01.666.326/0001-15;RJ;RIO DE JANEIRO
HIPERARTHUR;B2600139700000;29/04/2026;DEFERIDO;ANIMAÇÃO;;BRASILEIRA INDEPENDENTE CONSTITUINTE DE ESPAÇO QUALIFICADO;SERIADA EM MÚLTIPLAS TEMPORADAS;80;20;2026;2026;COMUNICAÇÃO ELETRÔNICA DE MASSA POR ASSINATURA (TV PAGA);NÃO;GLM MARKETING SOLUÇÕES EMPRESARIAIS EIRELI;40.737.325/0001-76;SP;SÃO PAULO
HIRTO.;B2600209100000;27/06/2026;DEFERIDO;FICÇÃO;;BRASILEIRA INDEPENDENTE CONSTITUINTE DE ESPAÇO QUALIFICADO;NÃO SERIADA;10,8;;2026;;NENHUMA DAS OPÇÕES;NÃO;ALEF ALVES CAVALCANTE;PESSOA FÍSICA;SP;SÃO BERNARDO DO CAMPO
HISTORIA MAL CONTADA;B2600114600000;15/04/2026;DEFERIDO;VÍDEOMUSICAL;;BRASILEIRA CONSTITUINTE DE ESPAÇO QUALIFICADO;NÃO SERIADA;179;;2026;;OUTROS MERCADOS;NÃO;JF TAPAJOS DE OLIVEIRA RAMOS PRODUÇÕES;27.324.321/0001-06;SP;SÃO PAULO
HISTÓRIA DA ALIMENTAÇÃO NO BRASIL - 2ª TEMPORADA;B2600172200000;26/05/2026;DEFERIDO;DOCUMENTÁRIO;;BRASILEIRA INDEPENDENTE CONSTITUINTE DE ESPAÇO QUALIFICADO;SERIADA EM MÚLTIPLAS TEMPORADAS;338;13;2026;2026;COMUNICAÇÃO ELETRÔNICA DE MASSA POR ASSINATURA (TV PAGA);NÃO;HECO PRODUÇÕES LTDA;00.205.194/0001-61;SP;SÃO PAULO
HISTÓRIAS DE TROPEIRO;B2600136500000;28/04/2026;DEFERIDO;FICÇÃO;;BRASILEIRA INDEPENDENTE CONSTITUINTE DE ESPAÇO QUALIFICADO;NÃO SERIADA;29,7;;2026;;OUTROS MERCADOS;NÃO;DUCLERC JOÃO DA SILVA;74.707.225/0001-19;RS;BOM JESUS
HISTÓRIAS DE UM JOÃO DE BARRO;B2600112000000;14/04/2026;DEFERIDO;VÍDEOMUSICAL;Registro de Eventos;BRASILEIRA INDEPENDENTE CONSTITUINTE DE ESPAÇO QUALIFICADO;NÃO SERIADA;82;;2026;;VIDEO DOMÉSTICO;NÃO;ROB DIGITAL LTDA;02.516.931/0001-72;RJ;RIO DE JANEIRO
HISTÓRIAS DO SUBSOLO;B2600263800000;10/08/2026;DEFERIDO;DOCUMENTÁRIO;;BRASILEIRA INDEPENDENTE CONSTITUINTE DE ESPAÇO QUALIFICADO;NÃO SERIADA;90;;2026;;COMUNICAÇÃO ELETRÔNICA DE MASSA POR ASSINATURA (TV PAGA);NÃO;CARANTO MEDIA LTDA;25.211.934/0001-01;AL;MACEIÓ
HOJE LONGE MUITAS LÉGUAS;B2600216300000;07/07/2026;DEFERIDO;DOCUMENTÁRIO;;BRASILEIRA INDEPENDENTE CONSTITUINTE DE ESPAÇO QUALIFICADO;NÃO SERIADA;77,3;;2026;;SALAS DE EXIBIÇÃO;NÃO;CABOCLO CINEMA PRODUCOES SOCIEDADE LIMITADA;55.018.946/0001-77;RJ;RIO DE JANEIRO
HOJE, NÃO!;B2600147000000;05/05/2026;DEFERIDO;FICÇÃO;;BRASILEIRA INDEPENDENTE CONSTITUINTE DE ESPAÇO QUALIFICADO;NÃO SERIADA;15;;2026;;SALAS DE EXIBIÇÃO;NÃO;JAIME BALBINO GONÇALVES DA SILVA;PESSOA FÍSICA;SP;CAMPINAS
HOMEM NÃO PENSA;B2600265100000;11/08/2026;DEFERIDO;VÍDEOMUSICAL;;BRASILEIRA CONSTITUINTE DE ESPAÇO QUALIFICADO;NÃO SERIADA;2,1;;2026;;RADIODIFUSÃO DE SONS E IMAGENS (TV ABERTA);NÃO;BRUNA DANTAS ALVES PRODUCOES;33.131.164/0001-07;RJ;RIO DE JANEIRO
HONESTINO;B2600071300000;09/03/2026;DEFERIDO;DOCUMENTÁRIO;;BRASILEIRA INDEPENDENTE CONSTITUINTE DE ESPAÇO QUALIFICADO;NÃO SERIADA;86,2;;2026;;SALAS DE EXIBIÇÃO;NÃO;MERCADO CULTURAL LTDA EPP;03.093.490/0001-06;DF;BRASÍLIA
HOPE;B2600137400000;28/04/2026;DEFERIDO;DOCUMENTÁRIO;;BRASILEIRA INDEPENDENTE CONSTITUINTE DE ESPAÇO QUALIFICADO;NÃO SERIADA;20,9;;2026;;OUTROS MERCADOS;NÃO;MATEUS GOMES ALMEIDA;PESSOA FÍSICA;RJ;CAMPOS DOS GOYTACAZES
HORA DA ALEGRIA 3A. TEMPORADA;B2600178800000;28/05/2026;DEFERIDO;ANIMAÇÃO;;BRASILEIRA CONSTITUINTE DE ESPAÇO QUALIFICADO;SERIADA EM MÚLTIPLAS TEMPORADAS;4140;460;2026;2026;COMUNICAÇÃO ELETRÔNICA DE MASSA POR ASSINATURA (TV PAGA);NÃO;NIRVANA TECNOLOGIA DIGITAL LTDA;24.815.120/0001-05;SP;SÃO PAULO
HORTÊNCIA E PAULA;B2600066500000;04/03/2026;DEFERIDO;DOCUMENTÁRIO;;BRASILEIRA INDEPENDENTE CONSTITUINTE DE ESPAÇO QUALIFICADO;SERIADA EM TEMPORADA ÚNICA;123,4;4;2026;2026;COMUNICAÇÃO ELETRÔNICA DE MASSA POR ASSINATURA (TV PAGA);NÃO;HUNTER PRODUCOES LTDA;17.767.223/0001-81;RJ;RIO DE JANEIRO
HOTEL FIM;B2600215200000;06/07/2026;DEFERIDO;FICÇÃO;;BRASILEIRA CONSTITUINTE DE ESPAÇO QUALIFICADO;NÃO SERIADA;74,6;;2026;;SALAS DE EXIBIÇÃO;NÃO;NOVENTA E TRES PRODUCOES E EVENTOS LTDA;52.729.390/0001-39;MS;CAMPO GRANDE
HOVER – DESENTRISTECER (AO VIVO);B2600184000000;04/06/2026;DEFERIDO;VÍDEOMUSICAL;Registro de Eventos;BRASILEIRA INDEPENDENTE CONSTITUINTE DE ESPAÇO QUALIFICADO;NÃO SERIADA;43,9;;2026;;OUTROS MERCADOS - VÍDEO POR DEMANDA;NÃO;BIA GRIECO FILMES LTDA;57.929.240/0001-92;RJ;NITERÓI
HUNGRIA - A ESCOLHA DE UM SONHO;B2600128400000;24/04/2026;DEFERIDO;FICÇÃO;;BRASILEIRA INDEPENDENTE CONSTITUINTE DE ESPAÇO QUALIFICADO;NÃO SERIADA;104,8;;2026;;SALAS DE EXIBIÇÃO;NÃO;NOISE AGENCIA DE PUBLICIDADE LTDA;19.003.774/0001-02;DF;BRASÍLIA
HUNI KUÏ - POVO VERDADEIRO;B2600164000000;20/05/2026;DEFERIDO;DOCUMENTÁRIO;;BRASILEIRA INDEPENDENTE CONSTITUINTE DE ESPAÇO QUALIFICADO;NÃO SERIADA;21,7;;2026;;SALAS DE EXIBIÇÃO;NÃO;PANDA FILMES LTDA;04.980.287/0001-14;RS;PORTO ALEGRE
HÓRUS - BLACK PANTERA;B2600248100000;28/07/2026;DEFERIDO;VÍDEOMUSICAL;Registro de Eventos;BRASILEIRA INDEPENDENTE CONSTITUINTE DE ESPAÇO QUALIFICADO;NÃO SERIADA;2,9;;2026;;COMUNICAÇÃO ELETRÔNICA DE MASSA POR ASSINATURA (TV PAGA);NÃO;DECK PRODUÇÕES ARTÍSTICAS LTDA;30.253.090/0001-93;RJ;RIO DE JANEIRO
IDENTIDADE;B2600011600000;13/01/2026;DEFERIDO;JORNALÍSTICA;;COMUM;SERIADA DE DURAÇÃO INDETERMINADA;2625;105;2026;2026;RADIODIFUSÃO DE SONS E IMAGENS (TV ABERTA);NÃO;TELEVISAO CACHOEIRA DO SUL LTDA;89.784.037/0001-61;RS;CACHOEIRA DO SUL
IDENTIDADES DO QUADRADO;B2600112600000;14/04/2026;DEFERIDO;VARIEDADES;;BRASILEIRA CONSTITUINTE DE ESPAÇO QUALIFICADO;SERIADA DE DURAÇÃO INDETERMINADA;160;4;2026;2026;RADIODIFUSÃO DE SONS E IMAGENS (TV ABERTA);NÃO;GLOBO COMUNICACAO E PARTICIPACOES S/A;27.865.757/0001-02;RJ;RIO DE JANEIRO
IGREJAS CENTENÁRIAS;B2600046900000;19/02/2026;DEFERIDO;DOCUMENTÁRIO;;BRASILEIRA CONSTITUINTE DE ESPAÇO QUALIFICADO;NÃO SERIADA;137,0;;2026;;OUTROS MERCADOS - VÍDEO POR DEMANDA;NÃO;CONCEITOH PRODUTORA DE FILMES E EVENTOS LTDA;35.796.172/0001-06;RS;CAXIAS DO SUL
IMAGEM IMAGINADA;B2600248600000;28/07/2026;DEFERIDO;DOCUMENTÁRIO;;BRASILEIRA INDEPENDENTE CONSTITUINTE DE ESPAÇO QUALIFICADO;NÃO SERIADA;16,1;;2026;;SALAS DE EXIBIÇÃO;NÃO;PHILIPEIA PRODUCOES DE CINEMA LTDA;53.637.870/0001-32;PB;JOÃO PESSOA
IMAGINA;B2600035000000;05/02/2026;DEFERIDO;VÍDEOMUSICAL;;BRASILEIRA INDEPENDENTE CONSTITUINTE DE ESPAÇO QUALIFICADO;NÃO SERIADA;2,2;;2026;;OUTROS MERCADOS - VÍDEO POR DEMANDA;NÃO;HEAD MEDIA PRODUCAO, EDICAO E DISTRIBUICAO MUSICAL LTDA. ME;24.623.386/0001-56;SP;SÃO PAULO
IMPARÁVEL;B2600130600000;27/04/2026;DEFERIDO;VÍDEOMUSICAL;;BRASILEIRA CONSTITUINTE DE ESPAÇO QUALIFICADO;NÃO SERIADA;2,3;;2026;;COMUNICAÇÃO ELETRÔNICA DE MASSA POR ASSINATURA (TV PAGA);NÃO;RODRIGO DALLACQUA;PESSOA FÍSICA;SP;SÃO PAULO
IMPRESSÕES DO BRASIL: ESCRITORES LIVROS E IDEIAS - 2ª TEMPORADA;B2600018100000;21/01/2026;DEFERIDO;DOCUMENTÁRIO;;BRASILEIRA INDEPENDENTE CONSTITUINTE DE ESPAÇO QUALIFICADO;SERIADA EM MÚLTIPLAS TEMPORADAS;341,8;13;2026;2026;COMUNICAÇÃO ELETRÔNICA DE MASSA POR ASSINATURA (TV PAGA);NÃO;MERCADO CULTURAL LTDA EPP;03.093.490/0001-06;DF;BRASÍLIA
IMPUROS – 6ª TEMPORADA;B2600114300000;15/04/2026;DEFERIDO;FICÇÃO;;BRASILEIRA CONSTITUINTE DE ESPAÇO QUALIFICADO;SERIADA EM MÚLTIPLAS TEMPORADAS;494,2;10;2026;2026;COMUNICAÇÃO ELETRÔNICA DE MASSA POR ASSINATURA (TV PAGA);NÃO;FOGO CERRADO - IMAGENS E SERVICOS LTDA;03.762.421/0001-48;DF;BRASÍLIA
IMUNIDADE;B2600181000000;01/06/2026;DEFERIDO;VÍDEOMUSICAL;Registro de Eventos;BRASILEIRA INDEPENDENTE CONSTITUINTE DE ESPAÇO QUALIFICADO;NÃO SERIADA;2,4;;2025;;RADIODIFUSÃO DE SONS E IMAGENS (TV ABERTA);NÃO;CG AGENCIAMENTO E SERVIÇOS LTDA;30.022.536/0001-79;SP;RIBEIRÃO PRETO
IN MEMORIAM;B2600035600000;05/02/2026;DEFERIDO;FICÇÃO;;BRASILEIRA INDEPENDENTE CONSTITUINTE DE ESPAÇO QUALIFICADO;NÃO SERIADA;16,9;;2026;;OUTROS MERCADOS - AUDIOVISUAL EM CIRCUITO RESTRITO;NÃO;UNIVERSIDADE DE SÃO PAULO;63.025.530/0001-04;SP;SÃO PAULO
IN THE AIR TONIGHT;B2600168900000;24/05/2026;DEFERIDO;VÍDEOMUSICAL;;BRASILEIRA INDEPENDENTE CONSTITUINTE DE ESPAÇO QUALIFICADO;NÃO SERIADA;6,7;;2026;;COMUNICAÇÃO ELETRÔNICA DE MASSA POR ASSINATURA (TV PAGA);NÃO;ONZE ONZE FILMES S/S LTDA;03.187.993/0001-40;SP;SÃO PAULO
INCOMODADOS;B2600068300000;04/03/2026;DEFERIDO;JORNALÍSTICA;;COMUM;SERIADA EM MÚLTIPLAS TEMPORADAS;150;6;2026;2026;COMUNICAÇÃO ELETRÔNICA DE MASSA POR ASSINATURA (TV PAGA);NÃO;AXON CONTENT, ENTRETENIMENTO E COMUNICAÇÃO LTDA;46.417.489/0001-00;SP;SÃO PAULO
INDICAÇÕES CONTRAINDICAÇÕES DA PEG/GEP;B2600163200000;19/05/2026;DEFERIDO;VARIEDADES;Vídeoaula;BRASILEIRA CONSTITUINTE DE ESPAÇO QUALIFICADO;NÃO SERIADA;1,9;;2026;;OUTROS MERCADOS;NÃO;HYANDRA GOMES DE ALMEIDA SOUSA SIQUEIRA;PESSOA FÍSICA;MA;AÇAILÂNDIA
INFESTAÇÃO;B2600027200000;29/01/2026;DEFERIDO;FICÇÃO;;BRASILEIRA INDEPENDENTE CONSTITUINTE DE ESPAÇO QUALIFICADO;NÃO SERIADA;5,8;;2026;;OUTROS MERCADOS - VÍDEO POR DEMANDA;NÃO;EVC PRODUCOES INTERCOMPANY LTDA;19.967.027/0001-86;RJ;RIO DE JANEIRO
INFILTRADO NA COZINHA;B2600271200000;18/08/2026;DEFERIDO;REALITY-SHOW;;BRASILEIRA CONSTITUINTE DE ESPAÇO QUALIFICADO;SERIADA EM MÚLTIPLAS TEMPORADAS;320;8;2026;2026;COMUNICAÇÃO ELETRÔNICA DE MASSA POR ASSINATURA (TV PAGA);NÃO;GLOBO COMUNICACAO E PARTICIPACOES S/A;27.865.757/0001-02;RJ;RIO DE JANEIRO
INFORMAÇÕES SOBRE O PROGRAMA DE TERAPIA NUTRICIONAL ENTERAL DO DISTRITO FEDERAL (PTNED);B2600065600000;03/03/2026;DEFERIDO;VARIEDADES;Vídeoaula;BRASILEIRA CONSTITUINTE DE ESPAÇO QUALIFICADO;NÃO SERIADA;3,4;;2025;;VIDEO DOMÉSTICO;NÃO;NATÁLIA CAROLINA GONÇALVES CREPALDE;PESSOA FÍSICA;DF;BRASÍLIA
INSIGHTS CRIATIVOS - TERRITÓRIOS CRIATIVOS;B2600138300000;28/04/2026;DEFERIDO;DOCUMENTÁRIO;;BRASILEIRA INDEPENDENTE CONSTITUINTE DE ESPAÇO QUALIFICADO;SERIADA EM TEMPORADA ÚNICA;106,0;4;2024;2024;OUTROS MERCADOS - VÍDEO POR DEMANDA;NÃO;SULFLIX ENTRETENIMENTO LTDA;44.448.120/0001-21;RS;PORTO ALEGRE
INSTRUMENTAL SESC BRASIL 2026;B2600182400000;02/06/2026;DEFERIDO;VÍDEOMUSICAL;Registro de Eventos;BRASILEIRA CONSTITUINTE DE ESPAÇO QUALIFICADO;SERIADA EM MÚLTIPLAS TEMPORADAS;2028;39;2026;2026;COMUNICAÇÃO ELETRÔNICA DE MASSA POR ASSINATURA (TV PAGA);NÃO;SERVICO SOCIAL DO COMERCIO - SESC - ADMINISTRACAO REGIONAL NO ESTADO DE SAO PAULO;03.667.884/0001-20;SP;SÃO PAULO
INTERURBANO;B2600244700000;24/07/2026;DEFERIDO;VARIEDADES;;BRASILEIRA CONSTITUINTE DE ESPAÇO QUALIFICADO;SERIADA EM TEMPORADA ÚNICA;90;3;2026;2026;RADIODIFUSÃO DE SONS E IMAGENS (TV ABERTA);NÃO;EMPRESA PAULISTA DE TELEVISAO S/A;46.242.004/0001-87;SP;CAMPINAS
INVENCÍVEIS;B2600235000000;21/07/2026;DEFERIDO;VÍDEOMUSICAL;Registro de Eventos;BRASILEIRA INDEPENDENTE CONSTITUINTE DE ESPAÇO QUALIFICADO;NÃO SERIADA;3,5;;2026;;COMUNICAÇÃO ELETRÔNICA DE MASSA POR ASSINATURA (TV PAGA);NÃO;SALDOCE PRODUCOES ARTISTICAS LTDA;56.971.052/0001-60;RJ;RIO DE JANEIRO
INVERSÃO;B2600174200000;26/05/2026;DEFERIDO;FICÇÃO;;BRASILEIRA CONSTITUINTE DE ESPAÇO QUALIFICADO;NÃO SERIADA;15,0;;2026;;COMUNICAÇÃO ELETRÔNICA DE MASSA POR ASSINATURA (TV PAGA);NÃO;49.269.134 GETULIO BARROS DE MELO;49.269.134/0001-00;TO;PALMAS
INÁ - A CASA DE ÒSÙMÀRÈ;B2600209700000;29/06/2026;DEFERIDO;DOCUMENTÁRIO;;BRASILEIRA INDEPENDENTE CONSTITUINTE DE ESPAÇO QUALIFICADO;NÃO SERIADA;22,4;;2026;;OUTROS MERCADOS - VÍDEO POR DEMANDA;NÃO;P D S CARDOSO NETO AUDIOVISUAL;34.147.968/0001-67;SP;SÃO PAULO
IPPON, OS BASTIDORES DO JUDÔ;B2600035700000;05/02/2026;DEFERIDO;DOCUMENTÁRIO;;BRASILEIRA CONSTITUINTE DE ESPAÇO QUALIFICADO;SERIADA EM TEMPORADA ÚNICA;200;5;2026;2026;COMUNICAÇÃO ELETRÔNICA DE MASSA POR ASSINATURA (TV PAGA);NÃO;IMAGINAR EMPREENDIMENTOS E PARTICIPACOES LTDA;10.899.485/0001-50;RJ;RIO DE JANEIRO
IPÊ;B2600052500000;23/02/2026;DEFERIDO;VÍDEOMUSICAL;Registro de Eventos;BRASILEIRA INDEPENDENTE CONSTITUINTE DE ESPAÇO QUALIFICADO;NÃO SERIADA;2,8;;2025;;COMUNICAÇÃO ELETRÔNICA DE MASSA POR ASSINATURA (TV PAGA);NÃO;1988 RECORDS LTDA;61.203.384/0001-34;RJ;RIO DE JANEIRO
IRMÃ;B2600196800000;18/06/2026;DEFERIDO;FICÇÃO;;BRASILEIRA INDEPENDENTE CONSTITUINTE DE ESPAÇO QUALIFICADO;NÃO SERIADA;25,0;;2026;;SALAS DE EXIBIÇÃO;NÃO;VALE ENCANTADO FILMES LTDA;19.974.069/0001-44;ES;VILA VELHA
IRONIAS;B2600192500000;15/06/2026;DEFERIDO;FICÇÃO;;BRASILEIRA INDEPENDENTE CONSTITUINTE DE ESPAÇO QUALIFICADO;NÃO SERIADA;21,6;;2026;;OUTROS MERCADOS - VÍDEO POR DEMANDA;NÃO;ITA UNA FILMES LTDA;25.339.655/0001-10;BA;SALVADOR
IRRITANTE PRODÍGIO;B2600060400000;25/02/2026;DEFERIDO;DOCUMENTÁRIO;;BRASILEIRA INDEPENDENTE CONSTITUINTE DE ESPAÇO QUALIFICADO;NÃO SERIADA;80,0;;2026;;SALAS DE EXIBIÇÃO;NÃO;62.574.003 LUIZA MUNDIM LINDNER;62.574.003/0001-96;SC;BLUMENAU
ISAÍAS - ARTE BARROCA NO CERRADO;B2600253700000;30/07/2026;DEFERIDO;DOCUMENTÁRIO;;BRASILEIRA CONSTITUINTE DE ESPAÇO QUALIFICADO;NÃO SERIADA;29,1;;2026;;SALAS DE EXIBIÇÃO;NÃO;ISABELLA MAGALHÃES ROVO DIAS;PESSOA FÍSICA;DF;BRASÍLIA
ISSO NÃO É UM TALK SHOW;B2600160600000;18/05/2026;DEFERIDO;VARIEDADES;;BRASILEIRA CONSTITUINTE DE ESPAÇO QUALIFICADO;SERIADA DE DURAÇÃO INDETERMINADA;7860;131;2026;2026;COMUNICAÇÃO ELETRÔNICA DE MASSA POR ASSINATURA (TV PAGA);NÃO;DIGITAL SEVEN PRODUTORA E DISTRIBUIDORA EIRELI;56.137.979/0001-07;SP;SÃO PAULO
ITAPERUNA ESPORTE CLUBE - A ÁGUIA DO NOROESTE;B2600096500000;27/03/2026;DEFERIDO;DOCUMENTÁRIO;;BRASILEIRA INDEPENDENTE CONSTITUINTE DE ESPAÇO QUALIFICADO;NÃO SERIADA;79,9;;2026;;OUTROS MERCADOS - VÍDEO POR DEMANDA;NÃO;8-BICS PRODUCOES LTDA;48.282.058/0001-00;RJ;RIO DE JANEIRO
JANEIRO 26 - HUMBERTO GESSINGER;B2600046000000;19/02/2026;DEFERIDO;VÍDEOMUSICAL;Registro de Eventos;BRASILEIRA INDEPENDENTE CONSTITUINTE DE ESPAÇO QUALIFICADO;NÃO SERIADA;3,3;;2026;;COMUNICAÇÃO ELETRÔNICA DE MASSA POR ASSINATURA (TV PAGA);NÃO;DECK PRODUÇÕES ARTÍSTICAS LTDA;30.253.090/0001-93;RJ;RIO DE JANEIRO
JANELA CULTURAL - T1;B2600129000000;25/04/2026;DEFERIDO;DOCUMENTÁRIO;;BRASILEIRA INDEPENDENTE CONSTITUINTE DE ESPAÇO QUALIFICADO;SERIADA EM TEMPORADA ÚNICA;120;40;2025;2025;COMUNICAÇÃO ELETRÔNICA DE MASSA POR ASSINATURA (TV PAGA);NÃO;LASCENE PRODUCOES ARTISTICAS LTDA;15.048.775/0001-04;RJ;RIO DE JANEIRO
JOGADA DE RISCO;B2600268500000;14/08/2026;DEFERIDO;FICÇÃO;;BRASILEIRA CONSTITUINTE DE ESPAÇO QUALIFICADO;SERIADA EM TEMPORADA ÚNICA;360;8;2025;2025;RADIODIFUSÃO DE SONS E IMAGENS (TV ABERTA);NÃO;GLOBO COMUNICACAO E PARTICIPACOES S/A;27.865.757/0001-02;RJ;RIO DE JANEIRO
JOGADOS NA AREIA;B2600172300000;26/05/2026;DEFERIDO;VÍDEOMUSICAL;;BRASILEIRA INDEPENDENTE CONSTITUINTE DE ESPAÇO QUALIFICADO;NÃO SERIADA;4,0;;2021;;COMUNICAÇÃO ELETRÔNICA DE MASSA POR ASSINATURA (TV PAGA);NÃO;THIAGO PALEARI VENIAL;PESSOA FÍSICA;SP;BARIRI
JOGO;B2600267000000;13/08/2026;DEFERIDO;VÍDEOMUSICAL;;BRASILEIRA CONSTITUINTE DE ESPAÇO QUALIFICADO;NÃO SERIADA;4,2;;2026;;COMUNICAÇÃO ELETRÔNICA DE MASSA POR ASSINATURA (TV PAGA);NÃO;LUANA FERREIRA CAMPOS MAPELE;PESSOA FÍSICA;MG;CORONEL FABRICIANO
JORNADA CIRÚRGICA SEGURA;B2600210400000;30/06/2026;DEFERIDO;VARIEDADES;Vídeoaula;BRASILEIRA CONSTITUINTE DE ESPAÇO QUALIFICADO;SERIADA EM TEMPORADA ÚNICA;12,5;4;2026;2026;NENHUMA DAS OPÇÕES;NÃO;JANE FRANCISCO DA COSTA TESTONI;PESSOA FÍSICA;PR;CURITIBA
JORNADA DA ÁGUA;B2600112900000;15/04/2026;DEFERIDO;DOCUMENTÁRIO;;BRASILEIRA INDEPENDENTE CONSTITUINTE DE ESPAÇO QUALIFICADO;NÃO SERIADA;53,6;;2026;;RADIODIFUSÃO DE SONS E IMAGENS (TV ABERTA);NÃO;CANAL AZUL PRODUÇÕES CULTURAIS LTDA;01.613.170/0001-04;SP;SÃO PAULO
JORNAL DA OESTE 1ª EDIÇÃO;B2600032800000;04/02/2026;DEFERIDO;JORNALÍSTICA;;COMUM;SERIADA DE DURAÇÃO INDETERMINADA;46800;260;2026;2026;COMUNICAÇÃO ELETRÔNICA DE MASSA POR ASSINATURA (TV PAGA);NÃO;EDITORA TIPUANA LTDA.;19.608.677/0001-35;SP;SÃO PAULO
JORNAL DA OESTE 2ª EDIÇÃO;B2600032900000;04/02/2026;DEFERIDO;JORNALÍSTICA;;COMUM;SERIADA DE DURAÇÃO INDETERMINADA;46800;260;2026;2026;COMUNICAÇÃO ELETRÔNICA DE MASSA POR ASSINATURA (TV PAGA);NÃO;EDITORA TIPUANA LTDA.;19.608.677/0001-35;SP;SÃO PAULO
JOVENS EM AÇÃO E SUSTENTABILIDADE;B2600256700000;04/08/2026;DEFERIDO;JORNALÍSTICA;;COMUM;SERIADA EM MÚLTIPLAS TEMPORADAS;191,8;5;2026;2026;COMUNICAÇÃO ELETRÔNICA DE MASSA POR ASSINATURA (TV PAGA);NÃO;MLT PRODUÇÕES ARTISTICAS LTDA;31.940.539/0001-54;SP;SÃO JOSÉ DOS CAMPOS
JOY NO ENORME MUNDO;B2600047000000;19/02/2026;DEFERIDO;ANIMAÇÃO;;BRASILEIRA CONSTITUINTE DE ESPAÇO QUALIFICADO;NÃO SERIADA;4;;2026;;OUTROS MERCADOS - AUDIOVISUAL EM CIRCUITO RESTRITO;NÃO;JOYCE KELLY DE ARAUJO MOURA;PESSOA FÍSICA;RN;NATAL
JOÃO CABRAL – PALAVRAS IMPOSSÍVEIS DE POEMA;B2600126500000;24/04/2026;DEFERIDO;DOCUMENTÁRIO;;BRASILEIRA INDEPENDENTE CONSTITUINTE DE ESPAÇO QUALIFICADO;SERIADA EM TEMPORADA ÚNICA;190,9;7;2026;2026;COMUNICAÇÃO ELETRÔNICA DE MASSA POR ASSINATURA (TV PAGA);NÃO;CHÁ CINEMATOGRÁFICO LTDA.;04.462.804/0001-63;PE;RECIFE
JOÃO CÂNDIDO - UM HERÓI SEM MÁSCARA;B2600179300000;29/05/2026;DEFERIDO;DOCUMENTÁRIO;;BRASILEIRA CONSTITUINTE DE ESPAÇO QUALIFICADO;NÃO SERIADA;96;;2026;;COMUNICAÇÃO ELETRÔNICA DE MASSA POR ASSINATURA (TV PAGA);NÃO;CULTNE COMUNICAÇÕES LTDA;38.323.942/0001-83;RJ;RIO DE JANEIRO
JOÃO-DE-BARRO;B2600143100000;04/05/2026;DEFERIDO;FICÇÃO;;BRASILEIRA INDEPENDENTE CONSTITUINTE DE ESPAÇO QUALIFICADO;NÃO SERIADA;18,7;;2026;;NENHUMA DAS OPÇÕES;NÃO;FUSKAZUL FILMES LTDA;29.976.077/0001-83;MG;BELO HORIZONTE
JUJU NA TRIP – TEMPORADA 2;B2600254500000;02/08/2026;DEFERIDO;VARIEDADES;;BRASILEIRA CONSTITUINTE DE ESPAÇO QUALIFICADO;SERIADA EM MÚLTIPLAS TEMPORADAS;270;9;2026;2026;COMUNICAÇÃO ELETRÔNICA DE MASSA POR ASSINATURA (TV PAGA);NÃO;PBI - PROGRAMADORA BRASILEIRA INDEPENDENTE S.A;07.254.174/0001-20;RS;PORTO ALEGRE
JULIANA CONTRA O JAMBEIRO DO DIABO PELO CORAÇÃO DE JOÃO BATISTA;B2600075300000;12/03/2026;DEFERIDO;FICÇÃO;;BRASILEIRA INDEPENDENTE CONSTITUINTE DE ESPAÇO QUALIFICADO;NÃO SERIADA;143,2;;2026;;SALAS DE EXIBIÇÃO;NÃO;VISAGEM SERVICO DE PRODUCAO DE VIDEO LTDA - ME;13.931.232/0001-05;PA;BELÉM
JUNTAS & SEPARADAS;B2600065000000;03/03/2026;DEFERIDO;FICÇÃO;;BRASILEIRA CONSTITUINTE DE ESPAÇO QUALIFICADO;SERIADA EM TEMPORADA ÚNICA;300;10;2026;2026;RADIODIFUSÃO DE SONS E IMAGENS (TV ABERTA);NÃO;GLOBO COMUNICACAO E PARTICIPACOES S/A;27.865.757/0001-02;RJ;RIO DE JANEIRO
JUNTOS PELA BAÍA DAS TARTARUGAS;B2600024500000;27/01/2026;DEFERIDO;DOCUMENTÁRIO;;BRASILEIRA INDEPENDENTE CONSTITUINTE DE ESPAÇO QUALIFICADO;SERIADA EM TEMPORADA ÚNICA;55,8;6;2025;2025;OUTROS MERCADOS;NÃO;INSTITUTO ÚLTIMOS REFÚGIOS;15.716.272/0001-60;ES;VITÓRIA
JUNÇÃO DE ÁTOMOS;B2600099700000;31/03/2026;DEFERIDO;FICÇÃO;;BRASILEIRA INDEPENDENTE CONSTITUINTE DE ESPAÇO QUALIFICADO;NÃO SERIADA;11,2;;2026;;OUTROS MERCADOS - AUDIOVISUAL EM CIRCUITO RESTRITO;NÃO;44.001.285 FERNANDO BITTENCOURT DE FREITAS ZANDONA;44.001.285/0001-50;SP;CARAPICUÍBA
KAETÉ;B2600039300000;10/02/2026;DEFERIDO;DOCUMENTÁRIO;;BRASILEIRA INDEPENDENTE CONSTITUINTE DE ESPAÇO QUALIFICADO;NÃO SERIADA;48,0;;2026;;COMUNICAÇÃO ELETRÔNICA DE MASSA POR ASSINATURA (TV PAGA);NÃO;PEDRO CIAMPOLINI LTDA;13.444.023/0001-37;SP;SÃO PAULO
KAKXOP PAHOK: AS CRIANÇAS CEGAS;B2600243400000;23/07/2026;DEFERIDO;ANIMAÇÃO;;BRASILEIRA CONSTITUINTE DE ESPAÇO QUALIFICADO;NÃO SERIADA;17,5;;2026;;OUTROS MERCADOS;NÃO;CHARLES ANTONIO DE PAULA BICALHO;PESSOA FÍSICA;MG;BELO HORIZONTE
KALE'S MUSEUM OF SPOOKINESS;B2600153100000;11/05/2026;DEFERIDO;ANIMAÇÃO;;BRASILEIRA INDEPENDENTE CONSTITUINTE DE ESPAÇO QUALIFICADO;NÃO SERIADA;1,2;;2026;;OUTROS MERCADOS - AUDIOVISUAL EM CIRCUITO RESTRITO;NÃO;STUDIO CHIFREZZ LTDA;43.005.161/0001-80;RJ;RIO DE JANEIRO
KAYLA, SONHO DE MENINA;B2600250400000;29/07/2026;DEFERIDO;DOCUMENTÁRIO;;BRASILEIRA INDEPENDENTE CONSTITUINTE DE ESPAÇO QUALIFICADO;NÃO SERIADA;23,9;;2026;;NENHUMA DAS OPÇÕES;NÃO;LIFE FILMES LTDA;09.452.812/0001-42;AP;MACAPÁ
KAYÁKOLIS;B2600047700000;19/02/2026;DEFERIDO;DOCUMENTÁRIO;;BRASILEIRA INDEPENDENTE CONSTITUINTE DE ESPAÇO QUALIFICADO;NÃO SERIADA;82,4;;2026;;OUTROS MERCADOS - VÍDEO POR DEMANDA;NÃO;CHRISTIAN COSTA DA SILVA ***********;27.869.083/0001-06;RJ;NOVA FRIBURGO
KIKA NÃO FOI CONVIDADA;B2600113700000;15/04/2026;DEFERIDO;FICÇÃO;;BRASILEIRA INDEPENDENTE CONSTITUINTE DE ESPAÇO QUALIFICADO;NÃO SERIADA;15;;2026;;OUTROS MERCADOS - AUDIOVISUAL EM CIRCUITO RESTRITO;NÃO;J O CAMPOS JUNIOR LTDA;36.217.031/0001-46;RO;PORTO VELHO
KOBRA SOFIA LIVE @ NO PICO ARTE & CULTURA 2026;B2600127400000;24/04/2026;DEFERIDO;VÍDEOMUSICAL;Registro de Eventos;BRASILEIRA INDEPENDENTE CONSTITUINTE DE ESPAÇO QUALIFICADO;NÃO SERIADA;37,7;;2026;;OUTROS MERCADOS - VÍDEO POR DEMANDA;NÃO;CUPUCORP LTDA;46.508.224/0001-00;AP;MACAPÁ
KOI E O RIO;B2600218000000;08/07/2026;DEFERIDO;DOCUMENTÁRIO;;BRASILEIRA CONSTITUINTE DE ESPAÇO QUALIFICADO;NÃO SERIADA;27,2;;2026;;SALAS DE EXIBIÇÃO;NÃO;POLO MS CINEMA E VÍDEO LTDA;03.493.590/0001-20;MS;CAMPO GRANDE
KRIPTONITA - ALLANA MACEDO;B2600043400000;12/02/2026;DEFERIDO;VÍDEOMUSICAL;;BRASILEIRA INDEPENDENTE CONSTITUINTE DE ESPAÇO QUALIFICADO;NÃO SERIADA;2,5;;2026;;COMUNICAÇÃO ELETRÔNICA DE MASSA POR ASSINATURA (TV PAGA);NÃO;53.450.239 ANA PAULA BOVI VALLILO;53.450.239/0001-20;SP;SANTANA DE PARNAÍBA
LA HEMI;B2600076600000;12/03/2026;DEFERIDO;FICÇÃO;;BRASILEIRA INDEPENDENTE CONSTITUINTE DE ESPAÇO QUALIFICADO;NÃO SERIADA;12,3;;2026;;OUTROS MERCADOS;NÃO;M.E.G LAPPONI PRODUÇÕES ME;19.081.334/0001-65;SP;SÃO PAULO
LA MAISON DRAG ME AS A QUEEN - SEGUNDA TEMPORADA;B2600005800000;08/01/2026;DEFERIDO;REALITY-SHOW;;BRASILEIRA INDEPENDENTE CONSTITUINTE DE ESPAÇO QUALIFICADO;SERIADA EM MÚLTIPLAS TEMPORADAS;270;6;2026;2026;COMUNICAÇÃO ELETRÔNICA DE MASSA POR ASSINATURA (TV PAGA);NÃO;MOVIOCA PRODUÇÕES ARTÍSTICAS LTDA - ME;15.743.170/0001-33;SP;SÃO PAULO
LABIRINTO DOS GAROTOS PERDIDOS;B2600110800000;13/04/2026;DEFERIDO;FICÇÃO;;BRASILEIRA INDEPENDENTE CONSTITUINTE DE ESPAÇO QUALIFICADO;NÃO SERIADA;82,3;;2026;;SALAS DE EXIBIÇÃO;NÃO;MATHEUS MARCHETTI BERNA PETRARCA DE ARAUJO;PESSOA FÍSICA;SP;SÃO PAULO
LADEIRAS DA MEMÓRIA - PAISAGENS DO CLUBE DA ESQUINA;B2600065100000;03/03/2026;DEFERIDO;DOCUMENTÁRIO;;BRASILEIRA INDEPENDENTE CONSTITUINTE DE ESPAÇO QUALIFICADO;NÃO SERIADA;104,7;;2026;;SALAS DE EXIBIÇÃO;NÃO;RIO VERDE FILMES E PRODUÇÕES ARTÍSTICAS LTDA;54.433.113/0001-00;MG;VARGINHA
LAGOA AZUL: TERRITÓRIO AMEAÇADO;B2600026300000;29/01/2026;DEFERIDO;DOCUMENTÁRIO;;BRASILEIRA CONSTITUINTE DE ESPAÇO QUALIFICADO;NÃO SERIADA;19,9;;2026;;VIDEO DOMÉSTICO;NÃO;KARINA VITÓRIA CASSIMIRO VALIENSE;PESSOA FÍSICA;BA;PORTO SEGURO
LAIS BIANCHESSI - SEGURA MINHA MÃO;B2600044000000;13/02/2026;DEFERIDO;VÍDEOMUSICAL;;BRASILEIRA INDEPENDENTE CONSTITUINTE DE ESPAÇO QUALIFICADO;NÃO SERIADA;2,9;;2026;;COMUNICAÇÃO ELETRÔNICA DE MASSA POR ASSINATURA (TV PAGA);NÃO;MALLUPY ENTRETENIMENTO LTDA;23.375.424/0001-36;SC;FLORIANÓPOLIS
LAIS BIANCHESSI - TARDE DEMAIS;B2600122100000;20/04/2026;DEFERIDO;VÍDEOMUSICAL;;BRASILEIRA INDEPENDENTE CONSTITUINTE DE ESPAÇO QUALIFICADO;NÃO SERIADA;3;;2026;;COMUNICAÇÃO ELETRÔNICA DE MASSA POR ASSINATURA (TV PAGA);NÃO;MALLUPY ENTRETENIMENTO LTDA;23.375.424/0001-36;SC;FLORIANÓPOLIS
LAMAÇAL;B2600029000000;02/02/2026;DEFERIDO;FICÇÃO;;BRASILEIRA INDEPENDENTE CONSTITUINTE DE ESPAÇO QUALIFICADO;NÃO SERIADA;12,9;;2026;;OUTROS MERCADOS;NÃO;LAMPIAO CONTENT LTDA;28.738.504/0001-22;SP;SÃO PAULO
LAMPEJO CÓSMICO;B2600047900000;20/02/2026;DEFERIDO;VÍDEOMUSICAL;;BRASILEIRA CONSTITUINTE DE ESPAÇO QUALIFICADO;NÃO SERIADA;1,7;;2025;;SALAS DE EXIBIÇÃO;NÃO;NATALI OLIVEIRA BRASIL;PESSOA FÍSICA;SE;ARACAJU
LAÇO NA FIVELA;B2600245300000;27/07/2026;DEFERIDO;VÍDEOMUSICAL;;BRASILEIRA CONSTITUINTE DE ESPAÇO QUALIFICADO;NÃO SERIADA;3,4;;2026;;COMUNICAÇÃO ELETRÔNICA DE MASSA POR ASSINATURA (TV PAGA);NÃO;EDUARDO RANGEL DA SILVA;PESSOA FÍSICA;RJ;RIO DE JANEIRO
LEGACY, A COROA DE BILÚ;B2600062200000;26/02/2026;DEFERIDO;ANIMAÇÃO;;BRASILEIRA CONSTITUINTE DE ESPAÇO QUALIFICADO;NÃO SERIADA;13;;2026;;SALAS DE EXIBIÇÃO;NÃO;21.173.196 RAFAEL ALEXANDRE DA CRUZ;21.173.196/0001-96;MG;BELO HORIZONTE
LEGIUS - SHIVER FOR ME;B2600160500000;18/05/2026;DEFERIDO;VÍDEOMUSICAL;;BRASILEIRA INDEPENDENTE CONSTITUINTE DE ESPAÇO QUALIFICADO;NÃO SERIADA;4,5;;2026;;OUTROS MERCADOS;NÃO;ALEXANDRE SIDNEI SANTOS SILVEIRA;PESSOA FÍSICA;MG;UBERLÂNDIA
LELEO E OS AMIGUINHOS DA FLORESTA - TEMPORADA 2;B2600190800000;11/06/2026;DEFERIDO;ANIMAÇÃO;;BRASILEIRA INDEPENDENTE CONSTITUINTE DE ESPAÇO QUALIFICADO;SERIADA EM MÚLTIPLAS TEMPORADAS;31,4;9;2026;2026;RADIODIFUSÃO DE SONS E IMAGENS (TV ABERTA);NÃO;ANIMAMOON STUDIO AUDIOVISUAL LTDA;50.969.588/0001-64;MG;UBERLÂNDIA
LELEO E OS AMIGUINHOS DA FLORESTA - TEMPORADA 3;B2600190900000;11/06/2026;DEFERIDO;ANIMAÇÃO;;BRASILEIRA INDEPENDENTE CONSTITUINTE DE ESPAÇO QUALIFICADO;SERIADA EM MÚLTIPLAS TEMPORADAS;30,0;9;2026;2026;RADIODIFUSÃO DE SONS E IMAGENS (TV ABERTA);NÃO;ANIMAMOON STUDIO AUDIOVISUAL LTDA;50.969.588/0001-64;MG;UBERLÂNDIA
LELÉ DA CUCA - VERSÃO ACÚSTICA;B2600142600000;01/05/2026;DEFERIDO;VÍDEOMUSICAL;;BRASILEIRA CONSTITUINTE DE ESPAÇO QUALIFICADO;NÃO SERIADA;3,7;;2026;;COMUNICAÇÃO ELETRÔNICA DE MASSA POR ASSINATURA (TV PAGA);NÃO;VITORIA CAROLINA KRUEGER;PESSOA FÍSICA;PR;CASCAVEL
LENA TERESA;B2600177000000;28/05/2026;DEFERIDO;FICÇÃO;;BRASILEIRA INDEPENDENTE CONSTITUINTE DE ESPAÇO QUALIFICADO;NÃO SERIADA;17,1;;2026;;SALAS DE EXIBIÇÃO;NÃO;KATHIA CAROLINA CALIL;39.728.816/0001-71;SP;SÃO PAULO
LEODEGÁRIA;B2600175700000;27/05/2026;DEFERIDO;FICÇÃO;;BRASILEIRA INDEPENDENTE CONSTITUINTE DE ESPAÇO QUALIFICADO;NÃO SERIADA;94,0;;2026;;SALAS DE EXIBIÇÃO;NÃO;MAISON DU CINEMA PRODUCOES AUDIOVISUAIS LTDA - ME;09.085.894/0001-34;GO;GOIÂNIA
LIA, PEDRO E O MINIMUNDO;B2600109700000;10/04/2026;DEFERIDO;ANIMAÇÃO;;BRASILEIRA INDEPENDENTE CONSTITUINTE DE ESPAÇO QUALIFICADO;SERIADA EM MÚLTIPLAS TEMPORADAS;70;10;2026;2026;VIDEO DOMÉSTICO;NÃO;FK SOUND LTDA;20.224.638/0001-13;PE;PAULISTA
LIBERTA!;B2600155500000;13/05/2026;DEFERIDO;DOCUMENTÁRIO;;BRASILEIRA INDEPENDENTE CONSTITUINTE DE ESPAÇO QUALIFICADO;NÃO SERIADA;75,5;;2026;;SALAS DE EXIBIÇÃO;NÃO;INDIO FILMES AUDIOVISUAL LTDA;56.480.511/0001-02;RJ;RIO DE JANEIRO
LISA;B2600181800000;02/06/2026;DEFERIDO;FICÇÃO;;BRASILEIRA INDEPENDENTE CONSTITUINTE DE ESPAÇO QUALIFICADO;NÃO SERIADA;6,8;;2026;;OUTROS MERCADOS - AUDIOVISUAL EM CIRCUITO RESTRITO;NÃO;53.288.165 MARCELA BOSA;53.288.165/0001-77;SP;SÃO PAULO
LIVE ANJOS DA ESPERANÇA 20 ANOS;B2600124600000;22/04/2026;DEFERIDO;VARIEDADES;;BRASILEIRA CONSTITUINTE DE ESPAÇO QUALIFICADO;NÃO SERIADA;180;;2026;;RADIODIFUSÃO DE SONS E IMAGENS (TV ABERTA);NÃO;TELEVISAO CACHOEIRA DO SUL LTDA;89.784.037/0001-61;RS;CACHOEIRA DO SUL
LIVE SHOW;B2600239700000;23/07/2026;DEFERIDO;VARIEDADES;;BRASILEIRA CONSTITUINTE DE ESPAÇO QUALIFICADO;NÃO SERIADA;120;;2026;;COMUNICAÇÃO ELETRÔNICA DE MASSA POR ASSINATURA (TV PAGA);NÃO;CANAL RURAL PRODUCOES LTDA;01.815.092/0001-20;SP;SÃO PAULO
LIVRE DO VÍCIO;B2600165400000;21/05/2026;DEFERIDO;RELIGIOSA;;COMUM;SERIADA EM TEMPORADA ÚNICA;280;5;2026;2026;RADIODIFUSÃO DE SONS E IMAGENS (TV ABERTA);NÃO;TELEVISAO CACHOEIRA DO SUL LTDA;89.784.037/0001-61;RS;CACHOEIRA DO SUL
LIVRO DE RUA;B2600046300000;19/02/2026;DEFERIDO;DOCUMENTÁRIO;;BRASILEIRA CONSTITUINTE DE ESPAÇO QUALIFICADO;NÃO SERIADA;60;;2026;;OUTROS MERCADOS - AUDIOVISUAL EM CIRCUITO RESTRITO;NÃO;50.368.651 WILLIAM DE OLIVEIRA LIMA;50.368.651/0001-07;SP;TATUÍ
LIÇÃO DE COMBATE;B2600083700000;18/03/2026;DEFERIDO;DOCUMENTÁRIO;;BRASILEIRA INDEPENDENTE CONSTITUINTE DE ESPAÇO QUALIFICADO;SERIADA EM TEMPORADA ÚNICA;115,2;5;2026;2026;COMUNICAÇÃO ELETRÔNICA DE MASSA POR ASSINATURA (TV PAGA);NÃO;IMAGINAR EMPREENDIMENTOS E PARTICIPACOES LTDA;10.899.485/0001-50;RJ;RIO DE JANEIRO
LIÇÕES DA BÍBLIA;B2600016000000;19/01/2026;DEFERIDO;RELIGIOSA;;COMUM;SERIADA EM MÚLTIPLAS TEMPORADAS;2678;52;2026;2026;RADIODIFUSÃO DE SONS E IMAGENS (TV ABERTA);NÃO;TELEVISAO CACHOEIRA DO SUL LTDA;89.784.037/0001-61;RS;CACHOEIRA DO SUL
LIÇÕES DE VIDA;B2600165000000;21/05/2026;DEFERIDO;FICÇÃO;;BRASILEIRA CONSTITUINTE DE ESPAÇO QUALIFICADO;NÃO SERIADA;23,9;;2026;;SALAS DE EXIBIÇÃO;NÃO;SANDRO DOS SANTOS FONSECA;PESSOA FÍSICA;PA;ANANINDEUA
LOLLAPALOOZA 2026;B2600074600000;11/03/2026;DEFERIDO;VÍDEOMUSICAL;Registro de Eventos;BRASILEIRA CONSTITUINTE DE ESPAÇO QUALIFICADO;SERIADA EM TEMPORADA ÚNICA;3060;51;2026;2026;COMUNICAÇÃO ELETRÔNICA DE MASSA POR ASSINATURA (TV PAGA);NÃO;GLOBO COMUNICACAO E PARTICIPACOES S/A;27.865.757/0001-02;RJ;RIO DE JANEIRO
LOLLAPALOOZA 2026;B2600078800000;16/03/2026;DEFERIDO;VÍDEOMUSICAL;Registro de Eventos;BRASILEIRA CONSTITUINTE DE ESPAÇO QUALIFICADO;SERIADA EM MÚLTIPLAS TEMPORADAS;200;4;2026;2026;RADIODIFUSÃO DE SONS E IMAGENS (TV ABERTA);NÃO;GLOBO COMUNICACAO E PARTICIPACOES S/A;27.865.757/0001-02;RJ;RIO DE JANEIRO
LOS INMIGRANTES;B2600046200000;19/02/2026;DEFERIDO;DOCUMENTÁRIO;;BRASILEIRA INDEPENDENTE CONSTITUINTE DE ESPAÇO QUALIFICADO;NÃO SERIADA;107,1;;2025;;OUTROS MERCADOS - VÍDEO POR DEMANDA;NÃO;ANTONIO FRANCISCO ROSARIO MUNOZ EDITORA;05.539.615/0001-04;SP;PRAIA GRANDE
LOSING MY RELIGION;B2600060600000;25/02/2026;DEFERIDO;VÍDEOMUSICAL;;BRASILEIRA INDEPENDENTE CONSTITUINTE DE ESPAÇO QUALIFICADO;NÃO SERIADA;280;;2025;;RADIODIFUSÃO DE SONS E IMAGENS (TV ABERTA);NÃO;BRUNO HENRIQUE TORRESAN DE CARVALHO ***********;18.039.791/0001-29;SP;ARAÇATUBA
LOUCO POR VIAGENS - 6ª TEMPORADA;B2600006600000;08/01/2026;DEFERIDO;VARIEDADES;;BRASILEIRA INDEPENDENTE CONSTITUINTE DE ESPAÇO QUALIFICADO;SERIADA EM MÚLTIPLAS TEMPORADAS;377;13;2026;2026;COMUNICAÇÃO ELETRÔNICA DE MASSA POR ASSINATURA (TV PAGA);NÃO;LOUCO POR VIAGENS, AGENCIA DE VIAGENS E TURISMO, COMERCIO E PRODUCOES LTDA;22.182.920/0001-00;SP;SÃO PAULO
LOUCOS AMORES LÍQUIDOS;B2600080700000;17/03/2026;DEFERIDO;FICÇÃO;;BRASILEIRA INDEPENDENTE CONSTITUINTE DE ESPAÇO QUALIFICADO;NÃO SERIADA;91,3;;2026;;SALAS DE EXIBIÇÃO;NÃO;D&N PRODUCOES ARTISTICAS LTDA;10.529.948/0001-92;SP;OSASCO
LOVE TASTE - RECEITA PARA O AMOR;B2600000200000;02/01/2026;DEFERIDO;REALITY-SHOW;;BRASILEIRA INDEPENDENTE CONSTITUINTE DE ESPAÇO QUALIFICADO;SERIADA EM MÚLTIPLAS TEMPORADAS;360;6;2025;2025;RADIODIFUSÃO DE SONS E IMAGENS (TV ABERTA);NÃO;MOVIOCA PRODUÇÕES ARTÍSTICAS LTDA - ME;15.743.170/0001-33;SP;SÃO PAULO
LOVE TASTE - RECEITA PARA O AMOR - SEGUNDA TEMPORADA;B2600021000000;23/01/2026;DEFERIDO;REALITY-SHOW;;BRASILEIRA INDEPENDENTE CONSTITUINTE DE ESPAÇO QUALIFICADO;SERIADA EM MÚLTIPLAS TEMPORADAS;342,1;6;2026;2026;RADIODIFUSÃO DE SONS E IMAGENS (TV ABERTA);NÃO;MOVIOCA PRODUÇÕES ARTÍSTICAS LTDA - ME;15.743.170/0001-33;SP;SÃO PAULO
LOVEBOMBING - MAUI;B2600072500000;10/03/2026;DEFERIDO;VÍDEOMUSICAL;Registro de Eventos;BRASILEIRA INDEPENDENTE CONSTITUINTE DE ESPAÇO QUALIFICADO;NÃO SERIADA;2,7;;2026;;COMUNICAÇÃO ELETRÔNICA DE MASSA POR ASSINATURA (TV PAGA);NÃO;DECK PRODUÇÕES ARTÍSTICAS LTDA;30.253.090/0001-93;RJ;RIO DE JANEIRO
LUA NOVA;B2600122900000;20/04/2026;DEFERIDO;VÍDEOMUSICAL;Registro de Eventos;BRASILEIRA INDEPENDENTE CONSTITUINTE DE ESPAÇO QUALIFICADO;NÃO SERIADA;0,9;;2019;;SALAS DE EXIBIÇÃO;NÃO;GUAJUPIA FILMES LTDA;50.205.115/0001-90;RJ;RIO DE JANEIRO
LUAN SANTANA - REGISTRO HISTÓRICO;B2600072800000;10/03/2026;DEFERIDO;VARIEDADES;;BRASILEIRA CONSTITUINTE DE ESPAÇO QUALIFICADO;NÃO SERIADA;120;;2026;;RADIODIFUSÃO DE SONS E IMAGENS (TV ABERTA);NÃO;TVSBT CANAL 4 DE SAO PAULO S/A;45.039.237/0001-14;SP;OSASCO
LUD SESSION 4;B2600101800000;01/04/2026;DEFERIDO;VÍDEOMUSICAL;Registro de Eventos;BRASILEIRA CONSTITUINTE DE ESPAÇO QUALIFICADO;NÃO SERIADA;11,4;;2024;;COMUNICAÇÃO ELETRÔNICA DE MASSA POR ASSINATURA (TV PAGA);NÃO;BONDE RECORDS MUSIC LTDA;21.857.777/0001-47;RJ;RIO DE JANEIRO
LUDIMAR;B2600067300000;04/03/2026;DEFERIDO;DOCUMENTÁRIO;;BRASILEIRA INDEPENDENTE CONSTITUINTE DE ESPAÇO QUALIFICADO;NÃO SERIADA;15,3;;2026;;OUTROS MERCADOS;NÃO;INSTITUTO QUERO;10.227.433/0001-38;SP;SANTOS
LUDMILLA;B2600189400000;10/06/2026;DEFERIDO;FICÇÃO;;BRASILEIRA CONSTITUINTE DE ESPAÇO QUALIFICADO;NÃO SERIADA;15,0;;2026;;OUTROS MERCADOS - AUDIOVISUAL EM CIRCUITO RESTRITO;NÃO;VINICIUS MOREIRA DE SOUSA;PESSOA FÍSICA;DF;BRASÍLIA
LUGAR DE MULHER, OS INEXATOS PERCURSOS FEMININOS NAS EXATAS;B2600100600000;31/03/2026;DEFERIDO;DOCUMENTÁRIO;;BRASILEIRA INDEPENDENTE CONSTITUINTE DE ESPAÇO QUALIFICADO;NÃO SERIADA;62,7;;2026;;OUTROS MERCADOS;NÃO;CLAREAR PRODUÇÕES ARTÍSTICAS LTDA - ME;10.648.652/0001-90;SP;SÃO PAULO
LUGAR DE PAZ;B2600018800000;21/01/2026;DEFERIDO;RELIGIOSA;;COMUM;SERIADA DE DURAÇÃO INDETERMINADA;7830;270;2026;2026;RADIODIFUSÃO DE SONS E IMAGENS (TV ABERTA);NÃO;TELEVISAO CACHOEIRA DO SUL LTDA;89.784.037/0001-61;RS;CACHOEIRA DO SUL
LUKINHAS - PAPINHO AMBICIOSO;B2600238500000;23/07/2026;DEFERIDO;VÍDEOMUSICAL;;BRASILEIRA CONSTITUINTE DE ESPAÇO QUALIFICADO;NÃO SERIADA;2,7;;2026;;COMUNICAÇÃO ELETRÔNICA DE MASSA POR ASSINATURA (TV PAGA);NÃO;FRESH MIND CO PRODUÇÕES CINEMATOGRÁFICAS LTDA;35.787.586/0001-60;RJ;RIO DE JANEIRO
LUTE COMO UMA CAMELÔ;B2600218900000;08/07/2026;DEFERIDO;DOCUMENTÁRIO;;BRASILEIRA INDEPENDENTE CONSTITUINTE DE ESPAÇO QUALIFICADO;NÃO SERIADA;15,0;;2026;;OUTROS MERCADOS;NÃO;24.795.348 GISELE MOTTA FERREIRA;24.795.348/0001-80;RJ;RIO DE JANEIRO
LUTE COMO UMA GORDA - POESIA DOCUMENTADA;B2600105400000;07/04/2026;DEFERIDO;DOCUMENTÁRIO;;BRASILEIRA INDEPENDENTE CONSTITUINTE DE ESPAÇO QUALIFICADO;NÃO SERIADA;20,9;;2026;;OUTROS MERCADOS - VÍDEO POR DEMANDA;NÃO;JULIANA MARIA SILVA DE QUEIROZ;PESSOA FÍSICA;MT;CHAPADA DOS GUIMARÃES
LUZ & AÇÃO - QUANDO QUASE FOMOS O QUE QUEREMOS SER;B2600113600000;15/04/2026;DEFERIDO;DOCUMENTÁRIO;;BRASILEIRA CONSTITUINTE DE ESPAÇO QUALIFICADO;SERIADA EM TEMPORADA ÚNICA;90;3;2011;2011;COMUNICAÇÃO ELETRÔNICA DE MASSA POR ASSINATURA (TV PAGA);NÃO;CANAL BRAZIL S/A;02.608.224/0001-06;RJ;RIO DE JANEIRO
LUZ DE UMA NOVA VIDA;B2600219300000;09/07/2026;DEFERIDO;DOCUMENTÁRIO;;BRASILEIRA INDEPENDENTE CONSTITUINTE DE ESPAÇO QUALIFICADO;NÃO SERIADA;128,5;;2026;;NENHUMA DAS OPÇÕES;NÃO;KEVEN FONGARO AUDIOVISUAL E MIDIAS DIGITAIS LTDA;50.022.959/0001-04;RO;OURO PRETO DO OESTE
LUZ, CÂMERA, ITAIM!;B2600239200000;23/07/2026;DEFERIDO;FICÇÃO;;BRASILEIRA INDEPENDENTE CONSTITUINTE DE ESPAÇO QUALIFICADO;NÃO SERIADA;12,1;;2026;;SALAS DE EXIBIÇÃO;NÃO;MARCELA AMADI DE MORAES ***********;41.150.243/0001-93;SP;FRANCO DA ROCHA
LUZES;B2600184100000;04/06/2026;DEFERIDO;FICÇÃO;;BRASILEIRA INDEPENDENTE CONSTITUINTE DE ESPAÇO QUALIFICADO;NÃO SERIADA;18,6;;2026;;OUTROS MERCADOS - VÍDEO POR DEMANDA;NÃO;FLAVIO LANGONI E LIVIA PINAUD PRODUÇÕES AUDIOVISUAIS LTDA;33.855.058/0001-76;RJ;NOVA FRIBURGO
LÁ ONDE EU MORO;B2600110100000;11/04/2026;DEFERIDO;VÍDEOMUSICAL;;BRASILEIRA INDEPENDENTE CONSTITUINTE DE ESPAÇO QUALIFICADO;NÃO SERIADA;4,2;;2026;;COMUNICAÇÃO ELETRÔNICA DE MASSA POR ASSINATURA (TV PAGA);NÃO;MUSIKA PRODUÇÕES ARTISTICAS LTDA;31.609.019/0001-63;RJ;RIO DE JANEIRO
LÁGRIMAS - CLARA RIBEIRO, CHEDIAK;B2600268400000;14/08/2026;DEFERIDO;VÍDEOMUSICAL;Registro de Eventos;BRASILEIRA INDEPENDENTE CONSTITUINTE DE ESPAÇO QUALIFICADO;NÃO SERIADA;3,9;;2026;;COMUNICAÇÃO ELETRÔNICA DE MASSA POR ASSINATURA (TV PAGA);NÃO;DECK PRODUÇÕES ARTÍSTICAS LTDA;30.253.090/0001-93;RJ;RIO DE JANEIRO
LÁZARO: PRECISA MORRER;B2600212700000;01/07/2026;DEFERIDO;FICÇÃO;;BRASILEIRA INDEPENDENTE CONSTITUINTE DE ESPAÇO QUALIFICADO;NÃO SERIADA;19,3;;2026;;OUTROS MERCADOS - AUDIOVISUAL EM CIRCUITO RESTRITO;NÃO;52.956.946 MARCO ANTÔNIO DA SILVA PINHEIRO BARBEIRO;52.956.946/0001-20;RJ;CAMPOS DOS GOYTACAZES
LÉLIO;B2600099600000;31/03/2026;DEFERIDO;FICÇÃO;;BRASILEIRA INDEPENDENTE CONSTITUINTE DE ESPAÇO QUALIFICADO;NÃO SERIADA;14,8;;2026;;OUTROS MERCADOS;NÃO;JEAN MARCEL CAMARGO LTDA;25.306.964/0001-93;SP;CAMPINAS
LÉO SANTANA  - BUMBUM NO PAREDÃO / TOMA / VAI NO CHÃO (AO VIVO EM SALVADOR / 2025);B2600047100000;19/02/2026;DEFERIDO;VÍDEOMUSICAL;Registro de Eventos;BRASILEIRA INDEPENDENTE CONSTITUINTE DE ESPAÇO QUALIFICADO;NÃO SERIADA;4,2;;2025;;COMUNICAÇÃO ELETRÔNICA DE MASSA POR ASSINATURA (TV PAGA);NÃO;SALVADOR PRODUÇÕES ARTÍSTICAS E ENTRETENIMENTO LTDA;13.157.376/0001-56;BA;SALVADOR
LÉO SANTANA  - SANTINHA / MARAVILHOSA É ELA / CONTATINHO (AO VIVO EM SALVADOR / 2025);B2600045100000;18/02/2026;DEFERIDO;VÍDEOMUSICAL;Registro de Eventos;BRASILEIRA INDEPENDENTE CONSTITUINTE DE ESPAÇO QUALIFICADO;NÃO SERIADA;3,5;;2025;;COMUNICAÇÃO ELETRÔNICA DE MASSA POR ASSINATURA (TV PAGA);NÃO;SALVADOR PRODUÇÕES ARTÍSTICAS E ENTRETENIMENTO LTDA;13.157.376/0001-56;BA;SALVADOR
LÉO SANTANA  - TCHUBIRABIROM / REBOLATION / ENCAIXA (AO VIVO EM SALVADOR / 2025);B2600045200000;18/02/2026;DEFERIDO;VÍDEOMUSICAL;Registro de Eventos;BRASILEIRA INDEPENDENTE CONSTITUINTE DE ESPAÇO QUALIFICADO;NÃO SERIADA;3,4;;2025;;COMUNICAÇÃO ELETRÔNICA DE MASSA POR ASSINATURA (TV PAGA);NÃO;SALVADOR PRODUÇÕES ARTÍSTICAS E ENTRETENIMENTO LTDA;13.157.376/0001-56;BA;SALVADOR
LÉO SANTANA - MARQUINHA DE FITINHA (AO VIVO EM SALVADOR / 2025);B2600045000000;18/02/2026;DEFERIDO;VÍDEOMUSICAL;Registro de Eventos;BRASILEIRA INDEPENDENTE CONSTITUINTE DE ESPAÇO QUALIFICADO;NÃO SERIADA;2,8;;2025;;COMUNICAÇÃO ELETRÔNICA DE MASSA POR ASSINATURA (TV PAGA);NÃO;SALVADOR PRODUÇÕES ARTÍSTICAS E ENTRETENIMENTO LTDA;13.157.376/0001-56;BA;SALVADOR
LÉO SANTANA - NEGRO LINDO / MADEIRA DE LEI (AO VIVO EM SALVADOR / 2025);B2600028400000;31/01/2026;DEFERIDO;VÍDEOMUSICAL;Registro de Eventos;BRASILEIRA INDEPENDENTE CONSTITUINTE DE ESPAÇO QUALIFICADO;NÃO SERIADA;5,8;;2025;;COMUNICAÇÃO ELETRÔNICA DE MASSA POR ASSINATURA (TV PAGA);NÃO;SALVADOR PRODUÇÕES ARTÍSTICAS E ENTRETENIMENTO LTDA;13.157.376/0001-56;BA;SALVADOR
LÍRIOS;B2600150100000;07/05/2026;DEFERIDO;FICÇÃO;;BRASILEIRA CONSTITUINTE DE ESPAÇO QUALIFICADO;NÃO SERIADA;20;;2026;;OUTROS MERCADOS;NÃO;LUPE CAPITANI GRAVINA;PESSOA FÍSICA;MT;CUIABÁ
MACUMBARIA;B2600077000000;13/03/2026;DEFERIDO;DOCUMENTÁRIO;;BRASILEIRA INDEPENDENTE CONSTITUINTE DE ESPAÇO QUALIFICADO;NÃO SERIADA;134,0;;2026;;COMUNICAÇÃO ELETRÔNICA DE MASSA POR ASSINATURA (TV PAGA);NÃO;LUCIO ALLEMAND BRANCO ***********;26.539.860/0001-91;RJ;RIO DE JANEIRO
MADRUGADA;B2600193200000;16/06/2026;DEFERIDO;VÍDEOMUSICAL;;BRASILEIRA INDEPENDENTE CONSTITUINTE DE ESPAÇO QUALIFICADO;NÃO SERIADA;216;;2025;;RADIODIFUSÃO DE SONS E IMAGENS (TV ABERTA);NÃO;BRUNO HENRIQUE TORRESAN DE CARVALHO ***********;18.039.791/0001-29;SP;ARAÇATUBA
MAIOR QUE A CASA  TODA;B2600149700000;07/05/2026;DEFERIDO;FICÇÃO;;BRASILEIRA CONSTITUINTE DE ESPAÇO QUALIFICADO;NÃO SERIADA;15;;2026;;SALAS DE EXIBIÇÃO;NÃO;CONEXAO NORTE PRODUCOES LTDA;03.746.177/0001-20;RO;PORTO VELHO
MAIS ARTE, MENOS AIDS;B2600033000000;04/02/2026;DEFERIDO;JORNALÍSTICA;;COMUM;NÃO SERIADA;20,4;;2026;;NENHUMA DAS OPÇÕES;NÃO;ENCONTRO INFORMAL COMUNICACAO E SERVICOS LTDA;00.035.199/0001-93;SP;SÃO PAULO
MAIS UM DIA;B2600270300000;18/08/2026;DEFERIDO;ANIMAÇÃO;;BRASILEIRA CONSTITUINTE DE ESPAÇO QUALIFICADO;NÃO SERIADA;2,9;;2026;;SALAS DE EXIBIÇÃO;NÃO;LUKAS VINICIUS SCHLÖSSER;PESSOA FÍSICA;SC;BLUMENAU
MAIS VOCÊ 2026;B2600001200000;02/01/2026;DEFERIDO;VARIEDADES;;BRASILEIRA CONSTITUINTE DE ESPAÇO QUALIFICADO;SERIADA EM MÚLTIPLAS TEMPORADAS;14355;261;2026;2026;RADIODIFUSÃO DE SONS E IMAGENS (TV ABERTA);NÃO;GLOBO COMUNICACAO E PARTICIPACOES S/A;27.865.757/0001-02;RJ;RIO DE JANEIRO
MALAIKA;B2600232100000;17/07/2026;DEFERIDO;FICÇÃO;;BRASILEIRA INDEPENDENTE CONSTITUINTE DE ESPAÇO QUALIFICADO;NÃO SERIADA;85,2;;2026;;SALAS DE EXIBIÇÃO;NÃO;LUZ E MISTERIO PRODUCOES ARTISTICAS LTDA;20.929.082/0001-60;PB;JOÃO PESSOA
MALANDRO E MALANDRA;B2600168500000;22/05/2026;DEFERIDO;VÍDEOMUSICAL;Registro de Eventos;BRASILEIRA INDEPENDENTE CONSTITUINTE DE ESPAÇO QUALIFICADO;NÃO SERIADA;2,7;;2026;;COMUNICAÇÃO ELETRÔNICA DE MASSA POR ASSINATURA (TV PAGA);NÃO;TERRÍVEL MUSIC EDITORA MUSICAL LTDA;23.255.549/0001-22;SP;BIRIGUI
MALCRIADA;B2600105300000;07/04/2026;DEFERIDO;FICÇÃO;;BRASILEIRA CONSTITUINTE DE ESPAÇO QUALIFICADO;NÃO SERIADA;16,2;;2026;;SALAS DE EXIBIÇÃO;NÃO;SOUVENIR FILMES LTDA;58.564.117/0001-88;SP;CAMPINAS
MALDITO GRIFO;B2600220700000;09/07/2026;DEFERIDO;FICÇÃO;;BRASILEIRA INDEPENDENTE CONSTITUINTE DE ESPAÇO QUALIFICADO;NÃO SERIADA;8,8;;2026;;SALAS DE EXIBIÇÃO;NÃO;P. E. PALMERIO AUDIOVISUAL;10.893.708/0001-72;SP;SÃO PAULO
MALICIOSA;B2600003600000;06/01/2026;DEFERIDO;VÍDEOMUSICAL;Registro de Eventos;BRASILEIRA CONSTITUINTE DE ESPAÇO QUALIFICADO;NÃO SERIADA;2,8;;2024;;COMUNICAÇÃO ELETRÔNICA DE MASSA POR ASSINATURA (TV PAGA);NÃO;BONDE RECORDS MUSIC LTDA;21.857.777/0001-47;RJ;RIO DE JANEIRO
MALICK;B2600171700000;25/05/2026;DEFERIDO;FICÇÃO;;BRASILEIRA INDEPENDENTE CONSTITUINTE DE ESPAÇO QUALIFICADO;NÃO SERIADA;96,4;;2026;;SALAS DE EXIBIÇÃO;NÃO;TOLPOLAR E CIA LTDA;01.506.544/0001-92;RS;PORTO ALEGRE
MALINA;B2600242200000;23/07/2026;DEFERIDO;FICÇÃO;;BRASILEIRA INDEPENDENTE CONSTITUINTE DE ESPAÇO QUALIFICADO;NÃO SERIADA;11,8;;2026;;SALAS DE EXIBIÇÃO;NÃO;FRAME172 PRODUCOES LTDA;62.388.748/0001-60;SC;FLORIANÓPOLIS
MALUNGUINHO, IMAGINÁRIO E IDENTIDADE QUILOMBOLA NOS TERREIROS DE JUREMA DE RECIFE E REGIÃO METROPOLI;B2600256300000;04/08/2026;DEFERIDO;DOCUMENTÁRIO;;BRASILEIRA INDEPENDENTE CONSTITUINTE DE ESPAÇO QUALIFICADO;NÃO SERIADA;52,3;;2026;;RADIODIFUSÃO DE SONS E IMAGENS (TV ABERTA);NÃO;BABA PRODUÇÕES CINEMATOGRÁFICAS E ARTÍSTICAS LTDA;16.713.327/0001-40;PE;RECIFE
MAMONAS - EU TE AI LÓVE IÚ;B2600048100000;20/02/2026;DEFERIDO;DOCUMENTÁRIO;;BRASILEIRA CONSTITUINTE DE ESPAÇO QUALIFICADO;NÃO SERIADA;80;;2026;;RADIODIFUSÃO DE SONS E IMAGENS (TV ABERTA);NÃO;GLOBO COMUNICACAO E PARTICIPACOES S/A;27.865.757/0001-02;RJ;RIO DE JANEIRO
MANDEI TUDO PRO ESPAÇO;B2600163300000;19/05/2026;DEFERIDO;VÍDEOMUSICAL;;BRASILEIRA INDEPENDENTE CONSTITUINTE DE ESPAÇO QUALIFICADO;NÃO SERIADA;3,9;;2026;;COMUNICAÇÃO ELETRÔNICA DE MASSA POR ASSINATURA (TV PAGA);NÃO;FERNANDO VAZ;PESSOA FÍSICA;RS;VIAMÃO
MANGAQ;B2600083300000;18/03/2026;DEFERIDO;VARIEDADES;;BRASILEIRA INDEPENDENTE CONSTITUINTE DE ESPAÇO QUALIFICADO;SERIADA DE DURAÇÃO INDETERMINADA;360;12;2026;2026;COMUNICAÇÃO ELETRÔNICA DE MASSA POR ASSINATURA (TV PAGA);NÃO;MIDSUMMER MADNESS PRODUÇÕES AUDIOVISUAIS LTDA;05.862.077/0001-94;RJ;RIO DE JANEIRO
MANGUE;B2600088000000;24/03/2026;DEFERIDO;VÍDEOMUSICAL;Registro de Eventos;BRASILEIRA INDEPENDENTE CONSTITUINTE DE ESPAÇO QUALIFICADO;NÃO SERIADA;140;;2025;;COMUNICAÇÃO ELETRÔNICA DE MASSA POR ASSINATURA (TV PAGA);NÃO;ESTELITA PRODUCOES ARTISTICAS E CULTURAIS LTDA;28.037.153/0001-22;PE;RECIFE
MANIFESTO - 30 ANOS DO TEMPLO DO ROCK;B2600177400000;28/05/2026;DEFERIDO;DOCUMENTÁRIO;;BRASILEIRA INDEPENDENTE CONSTITUINTE DE ESPAÇO QUALIFICADO;NÃO SERIADA;94,5;;2026;;VIDEO DOMÉSTICO;NÃO;RODINEY DA ASSUNÇÃO - ME;12.249.536/0001-24;SP;SANTOS
MANIFESTO POTIGUAR NÃO XIA | VÍDEO-POEMA;B2600276400000;19/08/2026;DEFERIDO;VÍDEOMUSICAL;Registro de Eventos;BRASILEIRA CONSTITUINTE DE ESPAÇO QUALIFICADO;NÃO SERIADA;234;;2026;;OUTROS MERCADOS;NÃO;PEDRO VICTOR DA SILVA AZEVEDO;PESSOA FÍSICA;RN;MOSSORÓ
MANIFESTO TV;B2600212900000;01/07/2026;DEFERIDO;VARIEDADES;;BRASILEIRA CONSTITUINTE DE ESPAÇO QUALIFICADO;SERIADA EM MÚLTIPLAS TEMPORADAS;2496;52;2026;2026;COMUNICAÇÃO ELETRÔNICA DE MASSA POR ASSINATURA (TV PAGA);NÃO;RODINEY DA ASSUNÇÃO - ME;12.249.536/0001-24;SP;SANTOS
MANUAL PARA MUDAR O PAÍS;B2600061800000;26/02/2026;DEFERIDO;FICÇÃO;;BRASILEIRA INDEPENDENTE CONSTITUINTE DE ESPAÇO QUALIFICADO;NÃO SERIADA;79,3;;2026;;SALAS DE EXIBIÇÃO;NÃO;GM2P PRODUÇÕES ARTÍSTICAS LTDA ME;12.523.546/0001-06;DF;BRASÍLIA
MAR DE DENTRO - O OUTRO LADO DE ITALO FERREIRA;B2600143900000;04/05/2026;DEFERIDO;VARIEDADES;;BRASILEIRA INDEPENDENTE CONSTITUINTE DE ESPAÇO QUALIFICADO;SERIADA EM TEMPORADA ÚNICA;76,2;3;2026;2026;COMUNICAÇÃO ELETRÔNICA DE MASSA POR ASSINATURA (TV PAGA);NÃO;CB FILMS PRODUCOES ARTISTICAS LTDA;23.397.007/0001-94;RJ;RIO DE JANEIRO
MARCHA PARA JESUS - MELHORES MOMENTOS;B2600161000000;18/05/2026;DEFERIDO;VÍDEOMUSICAL;Registro de Eventos;BRASILEIRA CONSTITUINTE DE ESPAÇO QUALIFICADO;SERIADA EM MÚLTIPLAS TEMPORADAS;45;1;2026;2026;RADIODIFUSÃO DE SONS E IMAGENS (TV ABERTA);NÃO;GLOBO COMUNICACAO E PARTICIPACOES S/A;27.865.757/0001-02;RJ;RIO DE JANEIRO
MAREMOTO - PAULO MIKLOS;B2600042400000;11/02/2026;DEFERIDO;VÍDEOMUSICAL;Registro de Eventos;BRASILEIRA INDEPENDENTE CONSTITUINTE DE ESPAÇO QUALIFICADO;NÃO SERIADA;3,5;;2025;;COMUNICAÇÃO ELETRÔNICA DE MASSA POR ASSINATURA (TV PAGA);NÃO;DECK PRODUÇÕES ARTÍSTICAS LTDA;30.253.090/0001-93;RJ;RIO DE JANEIRO
MARIA;B2600175000000;27/05/2026;DEFERIDO;FICÇÃO;;BRASILEIRA INDEPENDENTE CONSTITUINTE DE ESPAÇO QUALIFICADO;NÃO SERIADA;20;;2026;;SALAS DE EXIBIÇÃO;NÃO;HIPERPLANO PESQUISA, CONSULTORIA E PRODUCOES LTDA;25.258.691/0001-59;SP;CAMPINAS
MARIA BETHÂNIA - 60 ANOS (AO VIVO);B2600266400000;12/08/2026;DEFERIDO;VÍDEOMUSICAL;Registro de Eventos;BRASILEIRA INDEPENDENTE CONSTITUINTE DE ESPAÇO QUALIFICADO;NÃO SERIADA;85,4;;2026;;VIDEO DOMÉSTICO;NÃO;SARAPUÍ PRODUÇÕES ARTÍSTICAS LTDA;03.938.996/0001-79;RJ;RIO DE JANEIRO
MARIA DO INGA;B2600039700000;10/02/2026;DEFERIDO;FICÇÃO;;BRASILEIRA INDEPENDENTE CONSTITUINTE DE ESPAÇO QUALIFICADO;NÃO SERIADA;75,7;;2026;;SALAS DE EXIBIÇÃO;NÃO;FELIPE COSMOS DE OLIVEIRA;24.931.704/0001-46;PR;MARINGÁ
MARIA FUMAÇA ROCK - CANALHAS;B2600173700000;26/05/2026;DEFERIDO;VÍDEOMUSICAL;;BRASILEIRA INDEPENDENTE CONSTITUINTE DE ESPAÇO QUALIFICADO;NÃO SERIADA;2,2;;2026;;COMUNICAÇÃO ELETRÔNICA DE MASSA POR ASSINATURA (TV PAGA);NÃO;42.465.095 RICARDO LUCAS SILVEIRA;42.465.095/0001-69;SP;SÃO PAULO
MARIA VAI COM OS OUTROS - 6ª TEMPORADA;B2600125000000;22/04/2026;DEFERIDO;VARIEDADES;;BRASILEIRA CONSTITUINTE DE ESPAÇO QUALIFICADO;SERIADA EM MÚLTIPLAS TEMPORADAS;144;6;2026;2026;COMUNICAÇÃO ELETRÔNICA DE MASSA POR ASSINATURA (TV PAGA);NÃO;UNIVERSO ONLINE S.A.;01.109.184/0001-95;SP;SÃO PAULO
MARIA VAI COM OS OUTROS - 7ª TEMPORADA;B2600186900000;09/06/2026;DEFERIDO;VARIEDADES;;BRASILEIRA CONSTITUINTE DE ESPAÇO QUALIFICADO;SERIADA EM MÚLTIPLAS TEMPORADAS;120;5;2026;2026;COMUNICAÇÃO ELETRÔNICA DE MASSA POR ASSINATURA (TV PAGA);NÃO;UNIVERSO ONLINE S.A.;01.109.184/0001-95;SP;SÃO PAULO
MARIA, ESSA FÉ QUE ME LEVA;B2600100200000;31/03/2026;DEFERIDO;DOCUMENTÁRIO;;BRASILEIRA INDEPENDENTE CONSTITUINTE DE ESPAÇO QUALIFICADO;NÃO SERIADA;55,6;;2026;;RADIODIFUSÃO DE SONS E IMAGENS (TV ABERTA);NÃO;ANDALUZ PRODUCOES LTDA-ME;26.671.292/0001-88;ES;VITÓRIA
MARIANNA - GRANDE GOSTOSA;B2600243600000;23/07/2026;DEFERIDO;VÍDEOMUSICAL;;BRASILEIRA CONSTITUINTE DE ESPAÇO QUALIFICADO;NÃO SERIADA;3,0;;2026;;COMUNICAÇÃO ELETRÔNICA DE MASSA POR ASSINATURA (TV PAGA);NÃO;HQ MUSIC MARKETING LTDA;35.787.544/0001-20;RJ;RIO DE JANEIRO
MARIETA - NAQUELES TEMPOS;B2600253600000;30/07/2026;DEFERIDO;DOCUMENTÁRIO;;BRASILEIRA CONSTITUINTE DE ESPAÇO QUALIFICADO;NÃO SERIADA;13,3;;2026;;SALAS DE EXIBIÇÃO;NÃO;ISABELLA MAGALHÃES ROVO DIAS;PESSOA FÍSICA;DF;BRASÍLIA
MARINA COLASANTI, ENTRE A SÍSTOLE E A DIÁSTOLE;B2600120000000;17/04/2026;DEFERIDO;DOCUMENTÁRIO;;BRASILEIRA INDEPENDENTE CONSTITUINTE DE ESPAÇO QUALIFICADO;NÃO SERIADA;10,9;;2026;;SALAS DE EXIBIÇÃO;NÃO;AO PÉ DA LETRA PRODUÇÕES ARTÍSTICAS LTDA;31.249.022/0001-13;RJ;RIO DE JANEIRO
MARINA SENA - FEIRA DE MANGAIO | NOSSO CANTO;B2600244100000;24/07/2026;DEFERIDO;VÍDEOMUSICAL;;BRASILEIRA INDEPENDENTE CONSTITUINTE DE ESPAÇO QUALIFICADO;NÃO SERIADA;3,4;;2026;;COMUNICAÇÃO ELETRÔNICA DE MASSA POR ASSINATURA (TV PAGA);NÃO;CALIFORNIA FILMES E PUBLICIDADE LTDA - ME;19.437.976/0001-54;BA;SALVADOR
MARIPOSA;B2600109600000;10/04/2026;DEFERIDO;FICÇÃO;;BRASILEIRA CONSTITUINTE DE ESPAÇO QUALIFICADO;NÃO SERIADA;14,8;;2026;;SALAS DE EXIBIÇÃO;NÃO;34.869.165 PEDRO VITOR CUNHA DE QUEIROZ;34.869.165/0001-16;RN;NATAL
MARLUCE SÓ QUER UM EMPREGO;B2600161300000;18/05/2026;DEFERIDO;FICÇÃO;;BRASILEIRA INDEPENDENTE CONSTITUINTE DE ESPAÇO QUALIFICADO;NÃO SERIADA;10,2;;2026;;SALAS DE EXIBIÇÃO;NÃO;INQUIETO CRIACAO DE CONTEUDO LTDA;26.461.622/0001-00;RJ;RIO DE JANEIRO
MARÉ VIVA MARÉ MORTA;B2600189500000;10/06/2026;DEFERIDO;DOCUMENTÁRIO;;BRASILEIRA INDEPENDENTE CONSTITUINTE DE ESPAÇO QUALIFICADO;NÃO SERIADA;101,4;;2026;;SALAS DE EXIBIÇÃO;NÃO;ODARA PRODUCOES CINEMATOGRAFICAS LTDA;26.159.461/0001-03;DF;BRASÍLIA
MARÉS INVISÍVEIS;B2600216200000;07/07/2026;DEFERIDO;FICÇÃO;;BRASILEIRA INDEPENDENTE CONSTITUINTE DE ESPAÇO QUALIFICADO;NÃO SERIADA;13,6;;2026;;OUTROS MERCADOS;NÃO;EDSON FOGACA DESIGN E PRODUCAO AUDIOVISUAL LTDA;64.665.799/0001-18;DF;BRASÍLIA
MASSAGEM A QUATRO MÃOS;B2600100900000;31/03/2026;DEFERIDO;FICÇÃO;Erótico/Pornográfica;COMUM;NÃO SERIADA;63,4;;2026;;COMUNICAÇÃO ELETRÔNICA DE MASSA POR ASSINATURA (TV PAGA);NÃO;BM SERVICOS DE INTERNET LTDA;18.998.725/0001-86;RJ;RIO DE JANEIRO
MASSENA - MESTRE DA LUZ;B2600233600000;20/07/2026;DEFERIDO;DOCUMENTÁRIO;;BRASILEIRA INDEPENDENTE CONSTITUINTE DE ESPAÇO QUALIFICADO;NÃO SERIADA;26,6;;2026;;RADIODIFUSÃO DE SONS E IMAGENS (TV ABERTA);NÃO;LÚMEN PRODUÇÕES AUDIOVISUAIS LTDA. - ME;08.103.899/0001-80;ES;VITÓRIA
MASTERCHEF 13ª TEMPORADA;B2600141200000;30/04/2026;DEFERIDO;REALITY-SHOW;;BRASILEIRA CONSTITUINTE DE ESPAÇO QUALIFICADO;SERIADA EM MÚLTIPLAS TEMPORADAS;2280;19;2026;2026;RADIODIFUSÃO DE SONS E IMAGENS (TV ABERTA);NÃO;RADIO E TELEVISAO BANDEIRANTES S.A.;60.509.239/0001-13;SP;SÃO PAULO
MATANGA;B2600223800000;10/07/2026;DEFERIDO;FICÇÃO;;BRASILEIRA INDEPENDENTE CONSTITUINTE DE ESPAÇO QUALIFICADO;NÃO SERIADA;11,5;;2026;;SALAS DE EXIBIÇÃO;NÃO;REBECA FRANCO FONSECA DE FREITAS;PESSOA FÍSICA;RS;PELOTAS
MATHEUS HENRIQUE & GABRIEL E DANILO & DAVI - CAPIVARA;B2600012600000;14/01/2026;DEFERIDO;VÍDEOMUSICAL;;BRASILEIRA INDEPENDENTE CONSTITUINTE DE ESPAÇO QUALIFICADO;NÃO SERIADA;2,6;;2025;;COMUNICAÇÃO ELETRÔNICA DE MASSA POR ASSINATURA (TV PAGA);NÃO;53.450.239 ANA PAULA BOVI VALLILO;53.450.239/0001-20;SP;SANTANA DE PARNAÍBA
MATILDA;B2600249200000;29/07/2026;DEFERIDO;ANIMAÇÃO;;BRASILEIRA INDEPENDENTE CONSTITUINTE DE ESPAÇO QUALIFICADO;NÃO SERIADA;11,0;;2026;;OUTROS MERCADOS;NÃO;PÓLEN ESTÚDIO DE ANIMAÇÃO LTDA-EPP;13.167.621/0001-06;MG;BELO HORIZONTE
MAZINHO DO TROMPETE;B2600255800000;04/08/2026;DEFERIDO;FICÇÃO;;BRASILEIRA CONSTITUINTE DE ESPAÇO QUALIFICADO;NÃO SERIADA;16,5;;2026;;NENHUMA DAS OPÇÕES;NÃO;MAYARA CRISTINA MASCARENHAS;PESSOA FÍSICA;MG;SÃO JOÃO DEL REI
MC HARIEL - DIAS DE LUTA, DIAS DE GLÓRIA | NOSSO CANTO;B2600224700000;13/07/2026;DEFERIDO;VÍDEOMUSICAL;Registro de Eventos;BRASILEIRA INDEPENDENTE CONSTITUINTE DE ESPAÇO QUALIFICADO;NÃO SERIADA;2,6;;2026;;COMUNICAÇÃO ELETRÔNICA DE MASSA POR ASSINATURA (TV PAGA);NÃO;CALIFORNIA FILMES E PUBLICIDADE LTDA - ME;19.437.976/0001-54;BA;SALVADOR
ME AJUDA - GABRIEL SATER - FEAT. IVAN LINS - VIDEO CLIPE OFICIAL;B2600213300000;02/07/2026;DEFERIDO;VÍDEOMUSICAL;Registro de Eventos;BRASILEIRA INDEPENDENTE CONSTITUINTE DE ESPAÇO QUALIFICADO;NÃO SERIADA;242;;2026;;COMUNICAÇÃO ELETRÔNICA DE MASSA POR ASSINATURA (TV PAGA);NÃO;SATER & CUNHA EVENTOS E SERVICOS LTDA;14.597.229/0001-60;SP;MAIRIPORÃ
ME AMARRO;B2600212800000;01/07/2026;DEFERIDO;VÍDEOMUSICAL;;BRASILEIRA INDEPENDENTE CONSTITUINTE DE ESPAÇO QUALIFICADO;NÃO SERIADA;2,0;;2026;;COMUNICAÇÃO ELETRÔNICA DE MASSA POR ASSINATURA (TV PAGA);NÃO;53.450.239 ANA PAULA BOVI VALLILO;53.450.239/0001-20;SP;SANTANA DE PARNAÍBA
ME DEIXA LOUCA;B2600112800000;14/04/2026;DEFERIDO;VÍDEOMUSICAL;Registro de Eventos;BRASILEIRA INDEPENDENTE CONSTITUINTE DE ESPAÇO QUALIFICADO;NÃO SERIADA;3,0;;2026;;RADIODIFUSÃO DE SONS E IMAGENS (TV ABERTA);NÃO;BK MUSIC LTDA;31.776.314/0001-04;CE;FORTALEZA
ME LEVE NO ESQUECIMENTO;B2600096800000;27/03/2026;DEFERIDO;FICÇÃO;;BRASILEIRA INDEPENDENTE CONSTITUINTE DE ESPAÇO QUALIFICADO;NÃO SERIADA;15,0;;2026;;OUTROS MERCADOS;NÃO;G. L. MAGRI BARRADAS;04.483.967/0001-22;MT;CUIABÁ
ME PERDEU;B2600141100000;30/04/2026;DEFERIDO;VÍDEOMUSICAL;Registro de Eventos;BRASILEIRA INDEPENDENTE CONSTITUINTE DE ESPAÇO QUALIFICADO;NÃO SERIADA;2,7;;2025;;COMUNICAÇÃO ELETRÔNICA DE MASSA POR ASSINATURA (TV PAGA);NÃO;LM MUSIC EMPREENDIMENTOS ARTISTICOS EIRELI;26.086.753/0001-55;RJ;RIO DE JANEIRO
MEDLEY;B2600016900000;20/01/2026;DEFERIDO;FICÇÃO;;BRASILEIRA INDEPENDENTE CONSTITUINTE DE ESPAÇO QUALIFICADO;NÃO SERIADA;94,1;;2026;;SALAS DE EXIBIÇÃO;NÃO;PANORAMICA COMUNICACAO LTDA.;05.565.485/0001-84;RJ;RIO DE JANEIRO
MEDO MONSTRO;B2600120200000;17/04/2026;DEFERIDO;ANIMAÇÃO;;BRASILEIRA INDEPENDENTE CONSTITUINTE DE ESPAÇO QUALIFICADO;NÃO SERIADA;10,1;;2026;;OUTROS MERCADOS - AUDIOVISUAL EM CIRCUITO RESTRITO;NÃO;ANDREW GLEDSON DA SILVA;PESSOA FÍSICA;PE;SÃO LOURENÇO DA MATA
MEDUSA;B2600023200000;26/01/2026;DEFERIDO;VÍDEOMUSICAL;;BRASILEIRA INDEPENDENTE CONSTITUINTE DE ESPAÇO QUALIFICADO;NÃO SERIADA;2,7;;2021;;OUTROS MERCADOS - VÍDEO POR DEMANDA;NÃO;EXC PRODUCOES ARTISTICAS LTDA;22.727.839/0001-69;RJ;RIO DE JANEIRO
MEEIROS;B2600248400000;28/07/2026;DEFERIDO;DOCUMENTÁRIO;;BRASILEIRA INDEPENDENTE CONSTITUINTE DE ESPAÇO QUALIFICADO;NÃO SERIADA;20,3;;2026;;OUTROS MERCADOS;NÃO;CENTRO POPULAR DE MIDIAS CPMIDIAS;28.501.361/0001-30;SP;SÃO PAULO
MEGAFAUNA - EM BUSCA DOS GIGANTES DAS AMÉRICAS;B2600024200000;27/01/2026;DEFERIDO;DOCUMENTÁRIO;;BRASILEIRA INDEPENDENTE CONSTITUINTE DE ESPAÇO QUALIFICADO;SERIADA EM TEMPORADA ÚNICA;135;3;2026;2026;RADIODIFUSÃO DE SONS E IMAGENS (TV ABERTA);NÃO;FILMART PRODUÇÕES ARTISTICAS LTDA;64.044.886/0001-58;SP;SÃO PAULO
MEIO AMBIENTE URGENTE;B2600170800000;25/05/2026;DEFERIDO;DOCUMENTÁRIO;;BRASILEIRA INDEPENDENTE CONSTITUINTE DE ESPAÇO QUALIFICADO;SERIADA EM TEMPORADA ÚNICA;54,7;2;2026;2026;COMUNICAÇÃO ELETRÔNICA DE MASSA POR ASSINATURA (TV PAGA);NÃO;GIOCONDA PRODUÇÕES ARTÍSTICAS E EDIÇÕES CULTURAIS LTDA;08.304.465/0001-48;SP;PRESIDENTE PRUDENTE
MELANINA;B2600230600000;16/07/2026;DEFERIDO;VÍDEOMUSICAL;Registro de Eventos;BRASILEIRA INDEPENDENTE CONSTITUINTE DE ESPAÇO QUALIFICADO;NÃO SERIADA;2,8;;2026;;COMUNICAÇÃO ELETRÔNICA DE MASSA POR ASSINATURA (TV PAGA);NÃO;21.339.314 RAFAEL VIDAL DOS SANTOS;21.339.314/0001-93;RJ;RIO DE JANEIRO
MELANINA (LUAU 1KILO);B2600185400000;08/06/2026;DEFERIDO;VÍDEOMUSICAL;;BRASILEIRA INDEPENDENTE CONSTITUINTE DE ESPAÇO QUALIFICADO;NÃO SERIADA;3,5;;2026;;COMUNICAÇÃO ELETRÔNICA DE MASSA POR ASSINATURA (TV PAGA);NÃO;1 KILO GRAVADORA E EDITORA LTDA;29.318.673/0001-76;RJ;RIO DE JANEIRO
MEMÓRIA DO SONHO;B2600195700000;17/06/2026;DEFERIDO;FICÇÃO;;BRASILEIRA INDEPENDENTE CONSTITUINTE DE ESPAÇO QUALIFICADO;NÃO SERIADA;23,4;;2026;;OUTROS MERCADOS - AUDIOVISUAL EM CIRCUITO RESTRITO;NÃO;SUNNY YASMIN MAIA OLIVEIRA;PESSOA FÍSICA;CE;FORTALEZA
MEMÓRIAS DE NITRATO;B2600034500000;05/02/2026;DEFERIDO;FICÇÃO;;BRASILEIRA INDEPENDENTE CONSTITUINTE DE ESPAÇO QUALIFICADO;NÃO SERIADA;22,0;;2026;;OUTROS MERCADOS - AUDIOVISUAL EM CIRCUITO RESTRITO;NÃO;UNIVERSIDADE DE SÃO PAULO;63.025.530/0001-04;SP;SÃO PAULO
MEMÓRIAS E TEMPEROS;B2600161900000;19/05/2026;DEFERIDO;DOCUMENTÁRIO;;BRASILEIRA INDEPENDENTE CONSTITUINTE DE ESPAÇO QUALIFICADO;SERIADA EM TEMPORADA ÚNICA;129,8;5;2026;2026;RADIODIFUSÃO DE SONS E IMAGENS (TV ABERTA);NÃO;RODRIGO ROMEIRO ASFORA;14.303.241/0001-14;PE;RECIFE
MEMÓRIAS PERDIDAS NO CANAL;B2600004000000;06/01/2026;DEFERIDO;DOCUMENTÁRIO;;BRASILEIRA INDEPENDENTE CONSTITUINTE DE ESPAÇO QUALIFICADO;NÃO SERIADA;30,0;;2026;;OUTROS MERCADOS - AUDIOVISUAL EM CIRCUITO RESTRITO;NÃO;OUTRAR PRODUÇÃO ARTÍSTICA LTDA;41.102.390/0001-98;RJ;MACAÉ
MEMÓRIAS SOBRE O ESPAÇO E O TEMPO;B2600046500000;19/02/2026;DEFERIDO;FICÇÃO;;BRASILEIRA INDEPENDENTE CONSTITUINTE DE ESPAÇO QUALIFICADO;NÃO SERIADA;90;;2026;;OUTROS MERCADOS - VÍDEO POR DEMANDA;NÃO;LINCE ART EXPERIENCE LTDA;13.565.238/0001-06;GO;ALTO PARAÍSO DE GOIÁS
MENININHA;B2600089400000;24/03/2026;DEFERIDO;VÍDEOMUSICAL;;BRASILEIRA CONSTITUINTE DE ESPAÇO QUALIFICADO;NÃO SERIADA;3,4;;2026;;COMUNICAÇÃO ELETRÔNICA DE MASSA POR ASSINATURA (TV PAGA);NÃO;AMAIA PRODUCOES AUDIOVISUAIS E MUSICAIS LTDA;07.419.227/0001-15;SP;SÃO PAULO
MENINO DO FREVO: VIDA E OBRA DE CLAUDIONOR GERMANO;B2600126800000;24/04/2026;DEFERIDO;DOCUMENTÁRIO;;BRASILEIRA INDEPENDENTE CONSTITUINTE DE ESPAÇO QUALIFICADO;NÃO SERIADA;94,8;;2026;;SALAS DE EXIBIÇÃO;NÃO;12 POLEGADAS SOLUÇÕES CULTURAIS LTDA;45.286.147/0001-28;PE;RECIFE
MENINO ONÇA, ONÇA MENINO;B2600153300000;11/05/2026;DEFERIDO;ANIMAÇÃO;;BRASILEIRA INDEPENDENTE CONSTITUINTE DE ESPAÇO QUALIFICADO;NÃO SERIADA;11,7;;2026;;SALAS DE EXIBIÇÃO;NÃO;CARNAVAL FILMES LTDA - EPP;27.999.931/0001-00;PE;RECIFE
MERCADORES DE DESILUSÃO;B2600225300000;13/07/2026;DEFERIDO;VÍDEOMUSICAL;;BRASILEIRA CONSTITUINTE DE ESPAÇO QUALIFICADO;NÃO SERIADA;2,7;;2022;;COMUNICAÇÃO ELETRÔNICA DE MASSA POR ASSINATURA (TV PAGA);NÃO;RODRIGO FERREIRA COSTA;PESSOA FÍSICA;RJ;RIO DE JANEIRO
MERDA, CELESTE!;B2600218800000;08/07/2026;DEFERIDO;FICÇÃO;;BRASILEIRA INDEPENDENTE CONSTITUINTE DE ESPAÇO QUALIFICADO;NÃO SERIADA;19,9;;2026;;OUTROS MERCADOS;NÃO;BERIMBOLO PRODUCOES LTDA;29.335.686/0001-53;RJ;RIO DE JANEIRO
MESA BRASIL;B2600111000000;13/04/2026;DEFERIDO;VARIEDADES;;BRASILEIRA CONSTITUINTE DE ESPAÇO QUALIFICADO;SERIADA EM MÚLTIPLAS TEMPORADAS;35;7;2025;2025;COMUNICAÇÃO ELETRÔNICA DE MASSA POR ASSINATURA (TV PAGA);NÃO;MÍDIA DO BRASIL COMUNICAÇÕES, SERVIÇOS DE TELEVISÃO LTDA;71.841.282/0001-06;SP;SÃO PAULO
MESTRAS & MESTRES DO PARACURI;B2600106900000;08/04/2026;DEFERIDO;DOCUMENTÁRIO;;BRASILEIRA INDEPENDENTE CONSTITUINTE DE ESPAÇO QUALIFICADO;NÃO SERIADA;18,8;;2026;;RADIODIFUSÃO DE SONS E IMAGENS (TV ABERTA);NÃO;FAROL PRODUÇÃO DE FILMES LIMITADA;32.755.384/0001-49;PA;BELÉM
MESTRE LEONILDO, SAPATEANDO E VALSEANDO A VIDA;B2600094300000;25/03/2026;DEFERIDO;DOCUMENTÁRIO;;BRASILEIRA INDEPENDENTE CONSTITUINTE DE ESPAÇO QUALIFICADO;NÃO SERIADA;72;;2026;;SALAS DE EXIBIÇÃO;NÃO;PIOLI PRODUÇÕES AUDIOVISUAIS SS LTDA.;04.477.047/0001-00;PR;CURITIBA
MESTRE MÁRIO E OS CAMINHOS DA FOLIA;B2600263300000;08/08/2026;DEFERIDO;DOCUMENTÁRIO;;BRASILEIRA CONSTITUINTE DE ESPAÇO QUALIFICADO;NÃO SERIADA;14,8;;2026;;SALAS DE EXIBIÇÃO;NÃO;ISABELLA MAGALHÃES ROVO DIAS;PESSOA FÍSICA;DF;BRASÍLIA
MESTRE ZU;B2600073000000;10/03/2026;DEFERIDO;DOCUMENTÁRIO;;BRASILEIRA INDEPENDENTE CONSTITUINTE DE ESPAÇO QUALIFICADO;NÃO SERIADA;71,4;;2026;;NENHUMA DAS OPÇÕES;NÃO;MAPA FILMES DO BRASIL LTDA.;33.139.692/0001-02;RJ;RIO DE JANEIRO
MESTRES RAIZEIROS;B2600021400000;24/01/2026;DEFERIDO;DOCUMENTÁRIO;;BRASILEIRA INDEPENDENTE CONSTITUINTE DE ESPAÇO QUALIFICADO;NÃO SERIADA;29,4;;2026;;OUTROS MERCADOS;NÃO;BALUARTE PRODUCOES ARTISTICAS LTDA;28.630.201/0001-91;MG;BELO HORIZONTE
METAMORFOSE;B2600013500000;15/01/2026;DEFERIDO;FICÇÃO;;BRASILEIRA CONSTITUINTE DE ESPAÇO QUALIFICADO;NÃO SERIADA;15,7;;2026;;OUTROS MERCADOS - AUDIOVISUAL EM CIRCUITO RESTRITO;NÃO;FERNANDA YUMI SHIMIZU TANAKA;PESSOA FÍSICA;SP;SALTO
MEU ABRIGO;B2600257000000;04/08/2026;DEFERIDO;VÍDEOMUSICAL;Registro de Eventos;BRASILEIRA INDEPENDENTE CONSTITUINTE DE ESPAÇO QUALIFICADO;NÃO SERIADA;3,8;;2025;;COMUNICAÇÃO ELETRÔNICA DE MASSA POR ASSINATURA (TV PAGA);NÃO;TOPO DO MUNDO EMPREENDIMENTOS ARTISTICOS LTDA;53.712.780/0001-69;RJ;NITERÓI
MEU AMIGO FRECHIANI;B2600250200000;29/07/2026;DEFERIDO;FICÇÃO;;BRASILEIRA INDEPENDENTE CONSTITUINTE DE ESPAÇO QUALIFICADO;NÃO SERIADA;17,7;;2026;;OUTROS MERCADOS - AUDIOVISUAL EM CIRCUITO RESTRITO;NÃO;ARSX PRODUÇÕES ARTÍSTICAS E CULTURAIS LTDA;02.293.510/0001-20;RJ;RIO DE JANEIRO
MEU AMIGO SOL;B2600264300000;10/08/2026;DEFERIDO;ANIMAÇÃO;;BRASILEIRA INDEPENDENTE CONSTITUINTE DE ESPAÇO QUALIFICADO;NÃO SERIADA;82,2;;2026;;SALAS DE EXIBIÇÃO;SIM;TORTUGA STUDIOS PRODUTORA DE FILMES LTDA;09.028.371/0001-56;SP;SÃO PAULO
MEU CADERNO DE RECEITAS;B2600251400000;29/07/2026;DEFERIDO;VARIEDADES;;BRASILEIRA CONSTITUINTE DE ESPAÇO QUALIFICADO;NÃO SERIADA;26;;2026;;RADIODIFUSÃO DE SONS E IMAGENS (TV ABERTA);NÃO;TVSBT CANAL 4 DE SAO PAULO S/A;45.039.237/0001-14;SP;OSASCO
MEU FLUXO;B2600146800000;05/05/2026;DEFERIDO;VÍDEOMUSICAL;Registro de Eventos;BRASILEIRA CONSTITUINTE DE ESPAÇO QUALIFICADO;NÃO SERIADA;4,0;;2026;;RADIODIFUSÃO DE SONS E IMAGENS (TV ABERTA);NÃO;PRODUTORA CLIP FILMES LTDA;02.691.767/0001-30;SE;ARACAJU
MEU MAIOR SUCESSO É VOCÊ;B2600104200000;06/04/2026;DEFERIDO;VÍDEOMUSICAL;;BRASILEIRA INDEPENDENTE CONSTITUINTE DE ESPAÇO QUALIFICADO;NÃO SERIADA;4,3;;2026;;RADIODIFUSÃO DE SONS E IMAGENS (TV ABERTA);NÃO;MONTE CASTELO ENTRETENIMENTO;18.431.402/0001-06;SP;SÃO PAULO
MEU NOME É MAALUM - CLIPE OFICIAL - IFÁTÓKÍ MAÍRA FREITAS E YAYÁ DO CAVACO;B2600010100000;13/01/2026;DEFERIDO;VÍDEOMUSICAL;Registro de Eventos;BRASILEIRA CONSTITUINTE DE ESPAÇO QUALIFICADO;NÃO SERIADA;3,8;;2025;;OUTROS MERCADOS;NÃO;PE DE MOLEQUE FILMES LTDA;22.218.293/0001-10;RJ;RIO DE JANEIRO
MEU NORTE;B2600227200000;14/07/2026;DEFERIDO;VÍDEOMUSICAL;Registro de Eventos;BRASILEIRA INDEPENDENTE CONSTITUINTE DE ESPAÇO QUALIFICADO;NÃO SERIADA;3,5;;2026;;COMUNICAÇÃO ELETRÔNICA DE MASSA POR ASSINATURA (TV PAGA);NÃO;RODERICH PRODUCOES & INTERMEDIACOES LTDA;26.165.945/0001-57;RJ;RIO DE JANEIRO
MEXE COM MEU JUIZO;B2600259000000;05/08/2026;DEFERIDO;VÍDEOMUSICAL;Registro de Eventos;BRASILEIRA INDEPENDENTE CONSTITUINTE DE ESPAÇO QUALIFICADO;NÃO SERIADA;3;;2025;;COMUNICAÇÃO ELETRÔNICA DE MASSA POR ASSINATURA (TV PAGA);NÃO;TOPO DO MUNDO EMPREENDIMENTOS ARTISTICOS LTDA;53.712.780/0001-69;RJ;NITERÓI
MICROTOONS;B2600066100000;03/03/2026;DEFERIDO;ANIMAÇÃO;;BRASILEIRA INDEPENDENTE CONSTITUINTE DE ESPAÇO QUALIFICADO;NÃO SERIADA;0,6;;2025;;SALAS DE EXIBIÇÃO;NÃO;CAMILO FIGUEIRA MOREIRA;PESSOA FÍSICA;RJ;RIO DE JANEIRO
MILTON SANTOS - O GÊNIO DA GEOGRAFIA;B2600179700000;29/05/2026;DEFERIDO;DOCUMENTÁRIO;;BRASILEIRA CONSTITUINTE DE ESPAÇO QUALIFICADO;NÃO SERIADA;55,4;;2026;;RADIODIFUSÃO DE SONS E IMAGENS (TV ABERTA);NÃO;FUND PE ANCHIETA CENTRO PAULISTA RADIO E TV EDUCATIVAS;61.914.891/0001-86;SP;SÃO PAULO
MINAS, CORTEJO DAS FOLIAS GERAIS;B2600187000000;09/06/2026;DEFERIDO;DOCUMENTÁRIO;;BRASILEIRA INDEPENDENTE CONSTITUINTE DE ESPAÇO QUALIFICADO;SERIADA EM TEMPORADA ÚNICA;175;7;2026;2026;RADIODIFUSÃO DE SONS E IMAGENS (TV ABERTA);NÃO;RÉ MI FÓ PRODUÇÕES LTDA;03.726.853/0001-01;MG;ITAJUBÁ
MINHA MELHOR AMIGA;B2600181900000;02/06/2026;DEFERIDO;FICÇÃO;;BRASILEIRA INDEPENDENTE CONSTITUINTE DE ESPAÇO QUALIFICADO;NÃO SERIADA;122,4;;2026;;SALAS DE EXIBIÇÃO;NÃO;PARIS PRODUÇÕES CINEMATOGRÁFICAS LTDA;12.580.503/0001-62;SP;SÃO PAULO
MINHA TIA SUZI;B2600099500000;31/03/2026;DEFERIDO;FICÇÃO;;BRASILEIRA INDEPENDENTE CONSTITUINTE DE ESPAÇO QUALIFICADO;NÃO SERIADA;20,0;;2026;;SALAS DE EXIBIÇÃO;NÃO;PARALELO 15 FILMES LTDA;30.284.248/0001-92;MT;CUIABÁ
MINHA VIBE;B2600229500000;15/07/2026;DEFERIDO;VÍDEOMUSICAL;;BRASILEIRA INDEPENDENTE CONSTITUINTE DE ESPAÇO QUALIFICADO;NÃO SERIADA;4,6;;2026;;COMUNICAÇÃO ELETRÔNICA DE MASSA POR ASSINATURA (TV PAGA);NÃO;TOCA DISCOS EDIÇÕES E EMPREENDIMENOS ARTISTICOS LTDA;07.672.527/0001-01;RJ;RIO DE JANEIRO
MINHOCUÇU;B2600176000000;27/05/2026;DEFERIDO;DOCUMENTÁRIO;;BRASILEIRA INDEPENDENTE CONSTITUINTE DE ESPAÇO QUALIFICADO;NÃO SERIADA;18,4;;2026;;SALAS DE EXIBIÇÃO;NÃO;LIMÃO CAPETA FILMES;28.514.646/0001-06;MG;BELO HORIZONTE
MINI BIG FRIENDS;B2600252100000;29/07/2026;DEFERIDO;ANIMAÇÃO;;BRASILEIRA INDEPENDENTE CONSTITUINTE DE ESPAÇO QUALIFICADO;SERIADA EM MÚLTIPLAS TEMPORADAS;20,3;8;2026;2026;COMUNICAÇÃO ELETRÔNICA DE MASSA POR ASSINATURA (TV PAGA);NÃO;STUDIO Z DESIGN E ANIMAÇÃO LTDA.;09.505.192/0001-62;SP;SÃO PAULO
MIRA;B2600252300000;29/07/2026;DEFERIDO;FICÇÃO;;BRASILEIRA INDEPENDENTE CONSTITUINTE DE ESPAÇO QUALIFICADO;NÃO SERIADA;16,3;;2026;;SALAS DE EXIBIÇÃO;SIM;HORIZONTE FILMES LTDA;11.838.648/0001-58;SP;SÃO PAULO
MISS UNIVERSE BRASIL 2026;B2600225400000;13/07/2026;DEFERIDO;VARIEDADES;;BRASILEIRA CONSTITUINTE DE ESPAÇO QUALIFICADO;NÃO SERIADA;100;;2026;;RADIODIFUSÃO DE SONS E IMAGENS (TV ABERTA);NÃO;RADIO E TELEVISAO RECORD S.A;60.628.369/0001-75;SP;SÃO PAULO
MISSÃO SABER - 1A TEMPORADA;B2600157200000;14/05/2026;DEFERIDO;VARIEDADES;;BRASILEIRA CONSTITUINTE DE ESPAÇO QUALIFICADO;SERIADA EM MÚLTIPLAS TEMPORADAS;1332;12;2026;2026;COMUNICAÇÃO ELETRÔNICA DE MASSA POR ASSINATURA (TV PAGA);NÃO;UNIVERSO ONLINE S.A.;01.109.184/0001-95;SP;SÃO PAULO
MISSÃO SABER - 2A TEMPORADA;B2600260500000;06/08/2026;DEFERIDO;VARIEDADES;;BRASILEIRA CONSTITUINTE DE ESPAÇO QUALIFICADO;SERIADA EM MÚLTIPLAS TEMPORADAS;2664;24;2026;2026;COMUNICAÇÃO ELETRÔNICA DE MASSA POR ASSINATURA (TV PAGA);NÃO;UNIVERSO ONLINE S.A.;01.109.184/0001-95;SP;SÃO PAULO
MISTERIOS PARANORMAIS;B2600007100000;09/01/2026;DEFERIDO;REALITY-SHOW;;BRASILEIRA CONSTITUINTE DE ESPAÇO QUALIFICADO;SERIADA EM MÚLTIPLAS TEMPORADAS;320;8;2026;2026;COMUNICAÇÃO ELETRÔNICA DE MASSA POR ASSINATURA (TV PAGA);NÃO;DRIADE PRODUCOES AUDIOVISUAIS E COMERCIO LTDA;22.010.468/0001-08;SP;SÃO PAULO
MISTURA;B2600278600000;20/08/2026;DEFERIDO;VÍDEOMUSICAL;;BRASILEIRA INDEPENDENTE CONSTITUINTE DE ESPAÇO QUALIFICADO;NÃO SERIADA;2,4;;2026;;COMUNICAÇÃO ELETRÔNICA DE MASSA POR ASSINATURA (TV PAGA);NÃO;DANIELA FARIA PROMOÇÕES ARTÍSTICAS LTDA;36.697.749/0001-87;RJ;RIO DE JANEIRO
MIUDINHO;B2600168700000;23/05/2026;DEFERIDO;VÍDEOMUSICAL;;BRASILEIRA INDEPENDENTE CONSTITUINTE DE ESPAÇO QUALIFICADO;NÃO SERIADA;5;;2026;;NENHUMA DAS OPÇÕES;NÃO;CABORE PRODUTORES ASSOCIADOS LTDA;25.094.170/0001-03;RN;NATAL
MO DE MOMENTO;B2600278700000;20/08/2026;DEFERIDO;VÍDEOMUSICAL;Registro de Eventos;BRASILEIRA INDEPENDENTE CONSTITUINTE DE ESPAÇO QUALIFICADO;NÃO SERIADA;2;;2026;;OUTROS MERCADOS - VÍDEO POR DEMANDA;NÃO;LH FILMES LTDA;35.267.036/0001-10;RJ;RIO DE JANEIRO
MOCHILÃO! – A VIDA COMEÇA AGORA!;B2600152100000;08/05/2026;DEFERIDO;VARIEDADES;;BRASILEIRA CONSTITUINTE DE ESPAÇO QUALIFICADO;SERIADA EM TEMPORADA ÚNICA;169;13;2025;2025;COMUNICAÇÃO ELETRÔNICA DE MASSA POR ASSINATURA (TV PAGA);NÃO;55.598.917 MARGARETH FERREIRA PINTO;55.598.917/0001-21;RN;NATAL
MODA PRAIANA;B2600161600000;19/05/2026;DEFERIDO;VÍDEOMUSICAL;;BRASILEIRA INDEPENDENTE CONSTITUINTE DE ESPAÇO QUALIFICADO;NÃO SERIADA;2,6;;2025;;RADIODIFUSÃO DE SONS E IMAGENS (TV ABERTA);NÃO;CG AGENCIAMENTO E SERVIÇOS LTDA;30.022.536/0001-79;SP;RIBEIRÃO PRETO
MOJUBÁ;B2600125100000;22/04/2026;DEFERIDO;FICÇÃO;;BRASILEIRA CONSTITUINTE DE ESPAÇO QUALIFICADO;NÃO SERIADA;25;;2026;;COMUNICAÇÃO ELETRÔNICA DE MASSA POR ASSINATURA (TV PAGA);NÃO;40.997.885 LUIZ CLAUDIO RODRIGUES OLIVEIRA;40.997.885/0001-60;SP;JUNDIAÍ
MOLECA TRAVESSA;B2600110400000;13/04/2026;DEFERIDO;DOCUMENTÁRIO;;BRASILEIRA INDEPENDENTE CONSTITUINTE DE ESPAÇO QUALIFICADO;NÃO SERIADA;27,3;;2026;;NENHUMA DAS OPÇÕES;NÃO;LUCAS GOMES DE AZEVEDO;PESSOA FÍSICA;SP;SÃO PAULO
MOLEQUE ABENÇOADO;B2600175200000;27/05/2026;DEFERIDO;VÍDEOMUSICAL;Registro de Eventos;BRASILEIRA INDEPENDENTE CONSTITUINTE DE ESPAÇO QUALIFICADO;NÃO SERIADA;3,2;;2026;;COMUNICAÇÃO ELETRÔNICA DE MASSA POR ASSINATURA (TV PAGA);NÃO;HENRIQUE GARCIA RONCOLETTA;PESSOA FÍSICA;SP;JUNDIAÍ
MOMENTO COM A PAZ 2A. TEMPORADA;B2600076800000;12/03/2026;DEFERIDO;VARIEDADES;;BRASILEIRA CONSTITUINTE DE ESPAÇO QUALIFICADO;SERIADA EM MÚLTIPLAS TEMPORADAS;260;52;2026;2026;COMUNICAÇÃO ELETRÔNICA DE MASSA POR ASSINATURA (TV PAGA);NÃO;NIRVANA TECNOLOGIA DIGITAL LTDA;24.815.120/0001-05;SP;SÃO PAULO
MONTEIRINHO - SANFONEIRO DA FLORESTA;B2600101100000;01/04/2026;DEFERIDO;DOCUMENTÁRIO;;BRASILEIRA INDEPENDENTE CONSTITUINTE DE ESPAÇO QUALIFICADO;NÃO SERIADA;14,6;;2026;;SALAS DE EXIBIÇÃO;NÃO;LEÃO DO NORTE PRODUÇÕES AUDIOVISUAIS LTDA;19.700.356/0001-66;AM;MANAUS
MOOG TIMES;B2600074700000;11/03/2026;DEFERIDO;VÍDEOMUSICAL;;BRASILEIRA INDEPENDENTE CONSTITUINTE DE ESPAÇO QUALIFICADO;NÃO SERIADA;4,0;;2026;;COMUNICAÇÃO ELETRÔNICA DE MASSA POR ASSINATURA (TV PAGA);NÃO;LUIZ ALFREDO VERNIERI LOPES;PESSOA FÍSICA;RJ;RIO DE JANEIRO
MORENA;B2600077900000;13/03/2026;DEFERIDO;VÍDEOMUSICAL;Registro de Eventos;BRASILEIRA INDEPENDENTE CONSTITUINTE DE ESPAÇO QUALIFICADO;NÃO SERIADA;4,0;;2023;;COMUNICAÇÃO ELETRÔNICA DE MASSA POR ASSINATURA (TV PAGA);NÃO;RITMO QUENTE PRODUCOES ARTISTICAS LTDA;09.303.098/0001-20;RJ;RIO DE JANEIRO
MORFINA;B2600120100000;17/04/2026;DEFERIDO;FICÇÃO;;BRASILEIRA INDEPENDENTE CONSTITUINTE DE ESPAÇO QUALIFICADO;NÃO SERIADA;27,7;;2026;;OUTROS MERCADOS;NÃO;AZPARKA PRODUÇÕES LTDA;33.802.583/0001-23;RJ;RIO DE JANEIRO
MORTALHA;B2600102000000;01/04/2026;DEFERIDO;ANIMAÇÃO;;BRASILEIRA INDEPENDENTE CONSTITUINTE DE ESPAÇO QUALIFICADO;NÃO SERIADA;4,6;;2026;;SALAS DE EXIBIÇÃO;NÃO;CAMILO FIGUEIRA MOREIRA;PESSOA FÍSICA;RJ;RIO DE JANEIRO
MOSTRA QUE CÊ SABE_PARANGOLÉ FEAT IGOR KANNÁRIO E O KANALHA;B2600175900000;27/05/2026;DEFERIDO;VÍDEOMUSICAL;Registro de Eventos;BRASILEIRA CONSTITUINTE DE ESPAÇO QUALIFICADO;NÃO SERIADA;2,6;;2026;;COMUNICAÇÃO ELETRÔNICA DE MASSA POR ASSINATURA (TV PAGA);NÃO;FRED SOARES GOMES;23.786.209/0001-28;BA;SALVADOR
MUCURA;B2600028500000;01/02/2026;DEFERIDO;FICÇÃO;;BRASILEIRA INDEPENDENTE CONSTITUINTE DE ESPAÇO QUALIFICADO;NÃO SERIADA;16;;2026;;OUTROS MERCADOS;NÃO;CONEXAO NORTE PRODUCOES LTDA;03.746.177/0001-20;RO;PORTO VELHO
MUITO ALÉM DO ESPORTE;B2600021600000;26/01/2026;DEFERIDO;VARIEDADES;Vídeoaula;BRASILEIRA INDEPENDENTE CONSTITUINTE DE ESPAÇO QUALIFICADO;SERIADA EM MÚLTIPLAS TEMPORADAS;450;10;2026;2026;COMUNICAÇÃO ELETRÔNICA DE MASSA POR ASSINATURA (TV PAGA);NÃO;JORNALISMO MUNDO AFORA LTDA;22.708.803/0001-38;RJ;RIO DE JANEIRO
MUITO PRAZER;B2600140800000;30/04/2026;DEFERIDO;FICÇÃO;;BRASILEIRA INDEPENDENTE CONSTITUINTE DE ESPAÇO QUALIFICADO;NÃO SERIADA;98,1;;2026;;SALAS DE EXIBIÇÃO;NÃO;CASA DE CINEMA DE PORTO ALEGRE LTDA.;94.625.829/0001-23;RS;PORTO ALEGRE
MUITOS ANOS DE VIDA;B2600066600000;04/03/2026;DEFERIDO;DOCUMENTÁRIO;;BRASILEIRA INDEPENDENTE CONSTITUINTE DE ESPAÇO QUALIFICADO;NÃO SERIADA;90,6;;2026;;SALAS DE EXIBIÇÃO;NÃO;CATALISADORA ÁUDIO VISUAL LTDA.;05.306.875/0001-30;SP;SÃO PAULO
MULHER;B2600210800000;30/06/2026;DEFERIDO;VÍDEOMUSICAL;;BRASILEIRA INDEPENDENTE CONSTITUINTE DE ESPAÇO QUALIFICADO;NÃO SERIADA;2,8;;2026;;COMUNICAÇÃO ELETRÔNICA DE MASSA POR ASSINATURA (TV PAGA);NÃO;DANIELA FARIA PROMOÇÕES ARTÍSTICAS LTDA;36.697.749/0001-87;RJ;RIO DE JANEIRO
MULHERES ARTISTAS - SUBVERTENDO A SUBMISSÃO;B2600003100000;06/01/2026;DEFERIDO;DOCUMENTÁRIO;;BRASILEIRA INDEPENDENTE CONSTITUINTE DE ESPAÇO QUALIFICADO;NÃO SERIADA;51,7;;2026;;COMUNICAÇÃO ELETRÔNICA DE MASSA POR ASSINATURA (TV PAGA);NÃO;TANGERINA ENTRETENIMENTO LTDA;07.860.494/0001-23;SP;SÃO PAULO
MULHERES DA MATA;B2600106200000;08/04/2026;DEFERIDO;DOCUMENTÁRIO;;BRASILEIRA INDEPENDENTE CONSTITUINTE DE ESPAÇO QUALIFICADO;NÃO SERIADA;53,1;;2026;;RADIODIFUSÃO DE SONS E IMAGENS (TV ABERTA);NÃO;WLLYSSYS WOLFGANG REIS DIAS ARAUJO - ME;27.389.426/0001-35;PE;PETROLINA
MULHERES DO RIBEIRA;B2600193000000;16/06/2026;DEFERIDO;DOCUMENTÁRIO;;BRASILEIRA INDEPENDENTE CONSTITUINTE DE ESPAÇO QUALIFICADO;NÃO SERIADA;15,4;;2026;;SALAS DE EXIBIÇÃO;NÃO;M. BELLAO;17.417.655/0001-62;SP;LIMEIRA
MUNDINHO;B2600251600000;29/07/2026;DEFERIDO;ANIMAÇÃO;;BRASILEIRA INDEPENDENTE CONSTITUINTE DE ESPAÇO QUALIFICADO;NÃO SERIADA;9,3;;2026;;SALAS DE EXIBIÇÃO;NÃO;MOTIM CRIATIVO PRODUCOES AUDIOVISUAIS LTDA;49.164.558/0001-00;SP;SÃO PAULO
MUNDO DA FANTASIA;B2600082300000;18/03/2026;DEFERIDO;ANIMAÇÃO;;BRASILEIRA CONSTITUINTE DE ESPAÇO QUALIFICADO;SERIADA EM MÚLTIPLAS TEMPORADAS;780;52;2026;2026;COMUNICAÇÃO ELETRÔNICA DE MASSA POR ASSINATURA (TV PAGA);NÃO;NIRVANA TECNOLOGIA DIGITAL LTDA;24.815.120/0001-05;SP;SÃO PAULO
MUNDO DA FANTASIA 2A. TEMPORADA;B2600154900000;12/05/2026;DEFERIDO;ANIMAÇÃO;;BRASILEIRA CONSTITUINTE DE ESPAÇO QUALIFICADO;SERIADA EM MÚLTIPLAS TEMPORADAS;378;54;2026;2026;COMUNICAÇÃO ELETRÔNICA DE MASSA POR ASSINATURA (TV PAGA);NÃO;NIRVANA TECNOLOGIA DIGITAL LTDA;24.815.120/0001-05;SP;SÃO PAULO
MUNDO DAS CORES;B2600205500000;24/06/2026;DEFERIDO;ANIMAÇÃO;;BRASILEIRA INDEPENDENTE CONSTITUINTE DE ESPAÇO QUALIFICADO;SERIADA EM MÚLTIPLAS TEMPORADAS;91;13;2026;2026;COMUNICAÇÃO ELETRÔNICA DE MASSA POR ASSINATURA (TV PAGA);NÃO;MUIRAK STUDIO LTDA;21.968.103/0001-10;PA;BELÉM
MURILO MURAH - LIVE SESSION AO VIVO NO GUGASTRO ESTÚDIO.;B2600123500000;21/04/2026;DEFERIDO;VÍDEOMUSICAL;Registro de Eventos;BRASILEIRA INDEPENDENTE CONSTITUINTE DE ESPAÇO QUALIFICADO;NÃO SERIADA;60,4;;2026;;COMUNICAÇÃO ELETRÔNICA DE MASSA POR ASSINATURA (TV PAGA);NÃO;HENRIQUE GARCIA RONCOLETTA;PESSOA FÍSICA;SP;JUNDIAÍ
MURMÚRIO ETERNO;B2600111700000;13/04/2026;DEFERIDO;FICÇÃO;;BRASILEIRA INDEPENDENTE CONSTITUINTE DE ESPAÇO QUALIFICADO;NÃO SERIADA;19,2;;2026;;OUTROS MERCADOS - AUDIOVISUAL EM CIRCUITO RESTRITO;NÃO;CAIO ARAUJO RIBEIRO;PESSOA FÍSICA;SP;SÃO PAULO
MYMBA'I - LICENÇA AOS GUARDIÕES DA FLORESTA;B2600063400000;27/02/2026;DEFERIDO;FICÇÃO;;BRASILEIRA INDEPENDENTE CONSTITUINTE DE ESPAÇO QUALIFICADO;NÃO SERIADA;15;;2026;;OUTROS MERCADOS - VÍDEO POR DEMANDA;NÃO;BONG STUDIO LTDA;10.220.189/0001-81;SP;SÃO PAULO
MYRTHES GOMES DE CAMPOS E A JORNADA PELA EMANCIPAÇÃO FEMININA;B2600010600000;13/01/2026;DEFERIDO;DOCUMENTÁRIO;;BRASILEIRA INDEPENDENTE CONSTITUINTE DE ESPAÇO QUALIFICADO;NÃO SERIADA;19,9;;2025;;OUTROS MERCADOS - VÍDEO POR DEMANDA;NÃO;OUTRAR PRODUÇÃO ARTÍSTICA LTDA;41.102.390/0001-98;RJ;MACAÉ
MYSTIQUE;B2600122400000;20/04/2026;DEFERIDO;VÍDEOMUSICAL;Registro de Eventos;BRASILEIRA INDEPENDENTE CONSTITUINTE DE ESPAÇO QUALIFICADO;NÃO SERIADA;0,7;;2019;;SALAS DE EXIBIÇÃO;NÃO;GUAJUPIA FILMES LTDA;50.205.115/0001-90;RJ;RIO DE JANEIRO
MÁCULA;B2600176900000;28/05/2026;DEFERIDO;FICÇÃO;;BRASILEIRA CONSTITUINTE DE ESPAÇO QUALIFICADO;NÃO SERIADA;20,1;;2026;;SALAS DE EXIBIÇÃO;NÃO;PEDRO ANTÔNIO BENTO DA ROCHA;PESSOA FÍSICA;MG;SÃO JOÃO DEL REI
MÁQUINAS CHINESAS, TERRAS CAMPONESAS: TECNOLOGIA PARA ALIMENTAR O BRASIL;B2600094100000;25/03/2026;DEFERIDO;DOCUMENTÁRIO;;BRASILEIRA INDEPENDENTE CONSTITUINTE DE ESPAÇO QUALIFICADO;NÃO SERIADA;29,3;;2026;;OUTROS MERCADOS;NÃO;CENTRO POPULAR DE MIDIAS CPMIDIAS;28.501.361/0001-30;SP;SÃO PAULO
MÁRCIO VAZ - MEMÓRIAS BOAS;B2600196700000;18/06/2026;DEFERIDO;VÍDEOMUSICAL;;BRASILEIRA INDEPENDENTE CONSTITUINTE DE ESPAÇO QUALIFICADO;NÃO SERIADA;3,7;;2026;;COMUNICAÇÃO ELETRÔNICA DE MASSA POR ASSINATURA (TV PAGA);NÃO;MARCIO VAZ PEREIRA;PESSOA FÍSICA;RS;SÃO SEPÉ
MÃES QUASE NORMAIS;B2600106500000;08/04/2026;DEFERIDO;FICÇÃO;;BRASILEIRA INDEPENDENTE CONSTITUINTE DE ESPAÇO QUALIFICADO;NÃO SERIADA;96,7;;2026;;OUTROS MERCADOS - VÍDEO POR DEMANDA;NÃO;COLLETANEA PRODUCOES ARTISTICAS E AUDIOVISUAIS LTDA;46.687.603/0001-04;RJ;RIO DE JANEIRO
MÃES ÓRFÃS;B2600173300000;26/05/2026;DEFERIDO;DOCUMENTÁRIO;;BRASILEIRA INDEPENDENTE CONSTITUINTE DE ESPAÇO QUALIFICADO;NÃO SERIADA;18,8;;2026;;SALAS DE EXIBIÇÃO;NÃO;ANDALUZ PRODUCOES LTDA-ME;26.671.292/0001-88;ES;VITÓRIA
MÃOS À TERRA;B2600272900000;19/08/2026;DEFERIDO;DOCUMENTÁRIO;;BRASILEIRA INDEPENDENTE CONSTITUINTE DE ESPAÇO QUALIFICADO;NÃO SERIADA;79,7;;2026;;SALAS DE EXIBIÇÃO;NÃO;SERGIO GUIDOUX KALIL;11.215.897/0001-97;RS;PORTO ALEGRE
MÉTODOS CONTRACEPTIVOS: CONHEÇA AS SUAS OPÇÕES;B2600027800000;30/01/2026;DEFERIDO;VARIEDADES;Vídeoaula;BRASILEIRA INDEPENDENTE CONSTITUINTE DE ESPAÇO QUALIFICADO;NÃO SERIADA;3,1;;2026;;VIDEO DOMÉSTICO;NÃO;LAUANY SILVA DE MEDEIROS;PESSOA FÍSICA;PA;TUCURUÍ
MÚLTIPLOS;B2600231900000;17/07/2026;DEFERIDO;FICÇÃO;;BRASILEIRA INDEPENDENTE CONSTITUINTE DE ESPAÇO QUALIFICADO;NÃO SERIADA;67,9;;2026;;NENHUMA DAS OPÇÕES;NÃO;GENIVALDO NOGUEIRA PRODUCOES LTDA;58.018.526/0001-89;PI;RIO GRANDE DO PIAUÍ
NA CASA DO JORNALISTA (AO VIVO EM QUARTETO);B2600221300000;10/07/2026;DEFERIDO;VÍDEOMUSICAL;Registro de Eventos;BRASILEIRA CONSTITUINTE DE ESPAÇO QUALIFICADO;NÃO SERIADA;2,8;;2026;;OUTROS MERCADOS;NÃO;VANESSA GOMES RIBEIRO;PESSOA FÍSICA;MG;BELO HORIZONTE
NA CORRERIA DO DIA;B2600213200000;02/07/2026;DEFERIDO;DOCUMENTÁRIO;;BRASILEIRA CONSTITUINTE DE ESPAÇO QUALIFICADO;NÃO SERIADA;27,6;;2026;;NENHUMA DAS OPÇÕES;NÃO;FABIANO SOARES DA SILVA;PESSOA FÍSICA;RJ;BELFORD ROXO
NA FORÇA DA LEI - 2ª TEMPORADA;B2600129900000;27/04/2026;DEFERIDO;DOCUMENTÁRIO;;BRASILEIRA INDEPENDENTE CONSTITUINTE DE ESPAÇO QUALIFICADO;SERIADA EM MÚLTIPLAS TEMPORADAS;189,7;8;2026;2026;COMUNICAÇÃO ELETRÔNICA DE MASSA POR ASSINATURA (TV PAGA);NÃO;PRODUTORA DE FILMES H.L. LTDA-ME;05.064.901/0001-60;TO;PALMAS
NA JANELA AO LADO;B2600118100000;16/04/2026;DEFERIDO;FICÇÃO;Erótico/Pornográfica;COMUM;NÃO SERIADA;13,7;;2019;;COMUNICAÇÃO ELETRÔNICA DE MASSA POR ASSINATURA (TV PAGA);NÃO;FEVER FILMES PRODUÇÕES LTDA;36.540.172/0001-03;SP;SÃO PAULO
NA MIRA DA VERDADE;B2600018700000;21/01/2026;DEFERIDO;RELIGIOSA;;COMUM;SERIADA DE DURAÇÃO INDETERMINADA;3213;54;2026;2026;RADIODIFUSÃO DE SONS E IMAGENS (TV ABERTA);NÃO;TELEVISAO CACHOEIRA DO SUL LTDA;89.784.037/0001-61;RS;CACHOEIRA DO SUL
NA PELE;B2600235100000;21/07/2026;DEFERIDO;VÍDEOMUSICAL;Registro de Eventos;BRASILEIRA INDEPENDENTE CONSTITUINTE DE ESPAÇO QUALIFICADO;NÃO SERIADA;3,4;;2026;;COMUNICAÇÃO ELETRÔNICA DE MASSA POR ASSINATURA (TV PAGA);NÃO;SALDOCE PRODUCOES ARTISTICAS LTDA;56.971.052/0001-60;RJ;RIO DE JANEIRO
NA PILHA;B2600106000000;07/04/2026;DEFERIDO;VARIEDADES;;BRASILEIRA CONSTITUINTE DE ESPAÇO QUALIFICADO;SERIADA EM MÚLTIPLAS TEMPORADAS;702;13;2026;2026;COMUNICAÇÃO ELETRÔNICA DE MASSA POR ASSINATURA (TV PAGA);NÃO;UNIVERSO ONLINE S.A.;01.109.184/0001-95;SP;SÃO PAULO
NA PILHA COM TATI BERNARDI - 2ª TEMPORADA;B2600234000000;21/07/2026;DEFERIDO;VARIEDADES;;BRASILEIRA CONSTITUINTE DE ESPAÇO QUALIFICADO;SERIADA EM MÚLTIPLAS TEMPORADAS;432;8;2026;2026;COMUNICAÇÃO ELETRÔNICA DE MASSA POR ASSINATURA (TV PAGA);NÃO;UNIVERSO ONLINE S.A.;01.109.184/0001-95;SP;SÃO PAULO
NA PRAIA FESTIVAL 2026;B2600188400000;10/06/2026;DEFERIDO;VARIEDADES;;BRASILEIRA CONSTITUINTE DE ESPAÇO QUALIFICADO;NÃO SERIADA;40;;2026;;RADIODIFUSÃO DE SONS E IMAGENS (TV ABERTA);NÃO;GLOBO COMUNICACAO E PARTICIPACOES S/A;27.865.757/0001-02;RJ;RIO DE JANEIRO
NA PRAIA FESTIVAL 2026 - SIMONE MENDES + FILHO DO PISEIRO + ERIC LAND;B2600220100000;09/07/2026;DEFERIDO;VARIEDADES;;BRASILEIRA CONSTITUINTE DE ESPAÇO QUALIFICADO;NÃO SERIADA;40;;2026;;RADIODIFUSÃO DE SONS E IMAGENS (TV ABERTA);NÃO;GLOBO COMUNICACAO E PARTICIPACOES S/A;27.865.757/0001-02;RJ;RIO DE JANEIRO
NA SALA DE CASA - BRENNO CASAGRANDE;B2600214700000;05/07/2026;DEFERIDO;VÍDEOMUSICAL;Registro de Eventos;BRASILEIRA INDEPENDENTE CONSTITUINTE DE ESPAÇO QUALIFICADO;NÃO SERIADA;2,9;;2026;;COMUNICAÇÃO ELETRÔNICA DE MASSA POR ASSINATURA (TV PAGA);NÃO;CORRERIA AGENCIA CRIATIVA LTDA;32.443.349/0001-94;BA;SALVADOR
NA SALA DE CASA - BRENNO CASAGRANDE - PROTETOR DE ANJO;B2600214800000;05/07/2026;DEFERIDO;VÍDEOMUSICAL;Registro de Eventos;BRASILEIRA INDEPENDENTE CONSTITUINTE DE ESPAÇO QUALIFICADO;NÃO SERIADA;4,1;;2026;;COMUNICAÇÃO ELETRÔNICA DE MASSA POR ASSINATURA (TV PAGA);NÃO;CORRERIA AGENCIA CRIATIVA LTDA;32.443.349/0001-94;BA;SALVADOR
NA SOMBRA DA MANGUEIRA - SEGUNDA TEMPORADA;B2600047600000;19/02/2026;DEFERIDO;ANIMAÇÃO;;BRASILEIRA INDEPENDENTE CONSTITUINTE DE ESPAÇO QUALIFICADO;SERIADA EM MÚLTIPLAS TEMPORADAS;97,5;13;2025;2025;RADIODIFUSÃO DE SONS E IMAGENS (TV ABERTA);NÃO;VACA AMARELA FILMES LTDA;10.407.637/0001-50;MG;NOVA LIMA
NA TERRA DE MALBORO;B2600075800000;12/03/2026;DEFERIDO;DOCUMENTÁRIO;;BRASILEIRA INDEPENDENTE CONSTITUINTE DE ESPAÇO QUALIFICADO;NÃO SERIADA;51,1;;2026;;COMUNICAÇÃO ELETRÔNICA DE MASSA POR ASSINATURA (TV PAGA);NÃO;CAVIDEO PRODUÇÕES COMÉRCIO E LOCAÇÃO DE FILMES LTDA;01.666.326/0001-15;RJ;RIO DE JANEIRO
NA VOLTA A GENTE COMPRA;B2600260900000;07/08/2026;DEFERIDO;FICÇÃO;;BRASILEIRA INDEPENDENTE CONSTITUINTE DE ESPAÇO QUALIFICADO;NÃO SERIADA;20,5;;2026;;OUTROS MERCADOS;NÃO;TEMPORAL DE CINEMA - PRODUCAO AUDIOVISUAL LTDA;36.459.307/0001-00;RS;ERECHIM
NADA FICOU NO LUGAR;B2600262100000;07/08/2026;DEFERIDO;FICÇÃO;;BRASILEIRA INDEPENDENTE CONSTITUINTE DE ESPAÇO QUALIFICADO;NÃO SERIADA;21,1;;2026;;SALAS DE EXIBIÇÃO;NÃO;PRISMA COCRIACOES PRODUCOES ARTISTICAS LTDA;39.435.461/0001-22;PR;CURITIBA
NADANDO EM ÁGUAS PROFUNDAS;B2600228300000;15/07/2026;DEFERIDO;FICÇÃO;;BRASILEIRA CONSTITUINTE DE ESPAÇO QUALIFICADO;NÃO SERIADA;133,1;;2026;;RADIODIFUSÃO DE SONS E IMAGENS (TV ABERTA);NÃO;ROBSON NEVES MIGUEL;PESSOA FÍSICA;SP;RIBEIRÃO PIRES
NANANA - ISA BUZZI;B2600180800000;01/06/2026;DEFERIDO;VÍDEOMUSICAL;Registro de Eventos;BRASILEIRA INDEPENDENTE CONSTITUINTE DE ESPAÇO QUALIFICADO;NÃO SERIADA;2,9;;2026;;COMUNICAÇÃO ELETRÔNICA DE MASSA POR ASSINATURA (TV PAGA);NÃO;DECK PRODUÇÕES ARTÍSTICAS LTDA;30.253.090/0001-93;RJ;RIO DE JANEIRO
NAS CORDAS DO VIOLÃO, MÉXICO E BRASIL SE ENCONTRAM;B2600174500000;27/05/2026;DEFERIDO;DOCUMENTÁRIO;;BRASILEIRA INDEPENDENTE CONSTITUINTE DE ESPAÇO QUALIFICADO;SERIADA EM TEMPORADA ÚNICA;151,8;8;2024;2024;NENHUMA DAS OPÇÕES;NÃO;SUZANA COSTA COUTINHO LTDA;19.866.093/0001-60;MG;POUSO ALEGRE
NATASHA;B2600040000000;10/02/2026;DEFERIDO;FICÇÃO;;BRASILEIRA INDEPENDENTE CONSTITUINTE DE ESPAÇO QUALIFICADO;SERIADA EM TEMPORADA ÚNICA;377;13;2026;2026;RADIODIFUSÃO DE SONS E IMAGENS (TV ABERTA);NÃO;ROTTA E LIMA PRODUÇÕES;20.514.258/0001-13;MS;DOURADOS
NATTAN & MENOS É MAIS NA FARRA - MELHORES MOMENTOS;B2600014700000;16/01/2026;DEFERIDO;VÍDEOMUSICAL;Registro de Eventos;BRASILEIRA CONSTITUINTE DE ESPAÇO QUALIFICADO;SERIADA EM MÚLTIPLAS TEMPORADAS;45;1;2026;2026;RADIODIFUSÃO DE SONS E IMAGENS (TV ABERTA);NÃO;GLOBO COMUNICACAO E PARTICIPACOES S/A;27.865.757/0001-02;RJ;RIO DE JANEIRO
NATUREZA SELVAGEM - VERSÃO ACÚSTICA;B2600142500000;01/05/2026;DEFERIDO;VÍDEOMUSICAL;;BRASILEIRA CONSTITUINTE DE ESPAÇO QUALIFICADO;NÃO SERIADA;3,7;;2026;;COMUNICAÇÃO ELETRÔNICA DE MASSA POR ASSINATURA (TV PAGA);NÃO;VITORIA CAROLINA KRUEGER;PESSOA FÍSICA;PR;CASCAVEL
NEM DEI TCHAU;B2600149600000;06/05/2026;DEFERIDO;VÍDEOMUSICAL;;BRASILEIRA INDEPENDENTE CONSTITUINTE DE ESPAÇO QUALIFICADO;NÃO SERIADA;2,7;;2025;;COMUNICAÇÃO ELETRÔNICA DE MASSA POR ASSINATURA (TV PAGA);NÃO;25.163.542 DURVAL GONCALVES NETO;25.163.542/0001-06;SP;SÃO PAULO
NEON;B2600020900000;23/01/2026;DEFERIDO;DOCUMENTÁRIO;;BRASILEIRA INDEPENDENTE CONSTITUINTE DE ESPAÇO QUALIFICADO;NÃO SERIADA;15,3;;2026;;COMUNICAÇÃO ELETRÔNICA DE MASSA POR ASSINATURA (TV PAGA);NÃO;DANIEL LUCIANCENCOV PETRILLO ***********;36.666.679/0001-08;SP;SANTO ANDRÉ
NERDS&NOIAS - MC TAYA;B2600050400000;23/02/2026;DEFERIDO;VÍDEOMUSICAL;Registro de Eventos;BRASILEIRA INDEPENDENTE CONSTITUINTE DE ESPAÇO QUALIFICADO;NÃO SERIADA;3,4;;2025;;COMUNICAÇÃO ELETRÔNICA DE MASSA POR ASSINATURA (TV PAGA);NÃO;DECK PRODUÇÕES ARTÍSTICAS LTDA;30.253.090/0001-93;RJ;RIO DE JANEIRO
NETLOVERS - AMOR AO PRIMEIRO HATE;B2600144600000;04/05/2026;DEFERIDO;FICÇÃO;;BRASILEIRA INDEPENDENTE CONSTITUINTE DE ESPAÇO QUALIFICADO;NÃO SERIADA;82,7;;2026;;COMUNICAÇÃO ELETRÔNICA DE MASSA POR ASSINATURA (TV PAGA);NÃO;MOVIOCA PRODUÇÕES ARTÍSTICAS LTDA - ME;15.743.170/0001-33;SP;SÃO PAULO
NEY;B2600114200000;15/04/2026;DEFERIDO;FICÇÃO;;BRASILEIRA CONSTITUINTE DE ESPAÇO QUALIFICADO;NÃO SERIADA;11,6;;2026;;NENHUMA DAS OPÇÕES;NÃO;PAULO MUCHERONI LTDA;51.443.453/0001-23;SP;ITATIBA
NINA;B2600211300000;30/06/2026;DEFERIDO;ANIMAÇÃO;;BRASILEIRA CONSTITUINTE DE ESPAÇO QUALIFICADO;NÃO SERIADA;12,8;;2026;;SALAS DE EXIBIÇÃO;NÃO;MARIA NATHALIA CAVALCANTE;PESSOA FÍSICA;PR;ALMIRANTE TAMANDARÉ
NINGUÉM ME ENSINOU;B2600188800000;10/06/2026;DEFERIDO;VÍDEOMUSICAL;Registro de Eventos;BRASILEIRA INDEPENDENTE CONSTITUINTE DE ESPAÇO QUALIFICADO;NÃO SERIADA;2,7;;2026;;COMUNICAÇÃO ELETRÔNICA DE MASSA POR ASSINATURA (TV PAGA);NÃO;LAGUM PRODUCAO MUSICAL LTDA;31.133.282/0001-29;MG;BELO HORIZONTE
NINGUÉM VAI OUVIR;B2600266300000;12/08/2026;DEFERIDO;FICÇÃO;;BRASILEIRA CONSTITUINTE DE ESPAÇO QUALIFICADO;NÃO SERIADA;14,2;;2026;;SALAS DE EXIBIÇÃO;NÃO;MAGDA REGINA SCHNEIDER;PESSOA FÍSICA;RS;NOVA HARTZ
NINGUÉM É CAMPEÃO SOZINHO;B2600085000000;19/03/2026;DEFERIDO;DOCUMENTÁRIO;;BRASILEIRA CONSTITUINTE DE ESPAÇO QUALIFICADO;NÃO SERIADA;80,5;;2026;;OUTROS MERCADOS;NÃO;FRAGA PRODUCOES DE FILMES LTDA;08.237.082/0001-02;SP;SÃO PAULO
NINÃO, O MONSTRO DO NÃO;B2600140100000;29/04/2026;DEFERIDO;ANIMAÇÃO;;BRASILEIRA INDEPENDENTE CONSTITUINTE DE ESPAÇO QUALIFICADO;SERIADA EM MÚLTIPLAS TEMPORADAS;70;20;2026;2026;COMUNICAÇÃO ELETRÔNICA DE MASSA POR ASSINATURA (TV PAGA);NÃO;GLM MARKETING SOLUÇÕES EMPRESARIAIS EIRELI;40.737.325/0001-76;SP;SÃO PAULO
NO COMEÇO DE TUDO;B2600076400000;12/03/2026;DEFERIDO;FICÇÃO;;BRASILEIRA INDEPENDENTE CONSTITUINTE DE ESPAÇO QUALIFICADO;NÃO SERIADA;19,8;;2026;;OUTROS MERCADOS;NÃO;50.564.188 FELIPE RISALLAH VILLELA NASCIMENTO;50.564.188/0001-79;RJ;CAMPOS DOS GOYTACAZES
NO CONTRAPASSO DO BUGIO;B2600049700000;23/02/2026;DEFERIDO;DOCUMENTÁRIO;;BRASILEIRA INDEPENDENTE CONSTITUINTE DE ESPAÇO QUALIFICADO;NÃO SERIADA;10,9;;2026;;COMUNICAÇÃO ELETRÔNICA DE MASSA POR ASSINATURA (TV PAGA);NÃO;ESTUDIO ETEREA FILMES LTDA;22.328.111/0001-64;RS;PORTO ALEGRE
NO FOGO COM BRONZE;B2600130400000;27/04/2026;DEFERIDO;REALITY-SHOW;;BRASILEIRA CONSTITUINTE DE ESPAÇO QUALIFICADO;SERIADA EM TEMPORADA ÚNICA;450;10;2026;2026;COMUNICAÇÃO ELETRÔNICA DE MASSA POR ASSINATURA (TV PAGA);NÃO;GLOBO COMUNICACAO E PARTICIPACOES S/A;27.865.757/0001-02;RJ;RIO DE JANEIRO
NO LABIRINTO DO CÉREBRO;B2600020500000;23/01/2026;DEFERIDO;DOCUMENTÁRIO;;BRASILEIRA INDEPENDENTE CONSTITUINTE DE ESPAÇO QUALIFICADO;NÃO SERIADA;71,6;;2026;;SALAS DE EXIBIÇÃO;NÃO;AUTORIA C PRODUCAO E GESTAO DE CONTEUDO CRIATIVO LTDA - ME;02.597.024/0001-03;RJ;RIO DE JANEIRO
NO LIMITE DO LAVRADO;B2600104800000;06/04/2026;DEFERIDO;FICÇÃO;;BRASILEIRA INDEPENDENTE CONSTITUINTE DE ESPAÇO QUALIFICADO;NÃO SERIADA;15;;2026;;SALAS DE EXIBIÇÃO;NÃO;A. COSTA PIZANO;48.291.203/0001-00;RR;BOA VISTA
NO MEIO DELES!;B2600193900000;16/06/2026;DEFERIDO;FICÇÃO;Erótico/Pornográfica;COMUM;NÃO SERIADA;74,3;;2026;;COMUNICAÇÃO ELETRÔNICA DE MASSA POR ASSINATURA (TV PAGA);NÃO;PAULA CRISTINA MANN LTDA;21.942.299/0001-73;SP;SÃO PAULO
NO OFFLINE - COM NATÁLIA MARTINS;B2600227900000;14/07/2026;DEFERIDO;REALITY-SHOW;;BRASILEIRA INDEPENDENTE CONSTITUINTE DE ESPAÇO QUALIFICADO;SERIADA EM MÚLTIPLAS TEMPORADAS;184;4;2026;2026;COMUNICAÇÃO ELETRÔNICA DE MASSA POR ASSINATURA (TV PAGA);NÃO;POPCON PRODUÇÕES LTDA;09.281.789/0001-70;SP;SÃO PAULO
NO OUTRO LADO DA LINHA;B2600023100000;26/01/2026;DEFERIDO;FICÇÃO;;BRASILEIRA INDEPENDENTE CONSTITUINTE DE ESPAÇO QUALIFICADO;NÃO SERIADA;30,0;;2026;;VIDEO DOMÉSTICO;NÃO;FRAME PRODUTORA AUDIOVISUAL - LTDA;37.317.214/0001-04;MG;CARANGOLA
NO SILÊNCIO DA CHUVA;B2600165100000;21/05/2026;DEFERIDO;ANIMAÇÃO;;BRASILEIRA CONSTITUINTE DE ESPAÇO QUALIFICADO;NÃO SERIADA;6,0;;2026;;NENHUMA DAS OPÇÕES;NÃO;TAINA LIMA PEREIRA;PESSOA FÍSICA;BA;VITÓRIA DA CONQUISTA
NO TEMPO DE UM CHAMPAGNE;B2600097000000;27/03/2026;DEFERIDO;FICÇÃO;;BRASILEIRA INDEPENDENTE CONSTITUINTE DE ESPAÇO QUALIFICADO;NÃO SERIADA;12,4;;2026;;COMUNICAÇÃO ELETRÔNICA DE MASSA POR ASSINATURA (TV PAGA);NÃO;MIRABOLANTE PRODUÇÕES ARTÍSTICAS LTDA;20.589.238/0001-01;RJ;RIO DE JANEIRO
NO VAI E VEM - VERSÃO ACÚSTICA;B2600142400000;01/05/2026;DEFERIDO;VÍDEOMUSICAL;;BRASILEIRA CONSTITUINTE DE ESPAÇO QUALIFICADO;NÃO SERIADA;3,5;;2026;;COMUNICAÇÃO ELETRÔNICA DE MASSA POR ASSINATURA (TV PAGA);NÃO;VITORIA CAROLINA KRUEGER;PESSOA FÍSICA;PR;CASCAVEL
NOFLOWERS - DANCING WITH MYSELF;B2600110300000;12/04/2026;DEFERIDO;VÍDEOMUSICAL;Registro de Eventos;BRASILEIRA CONSTITUINTE DE ESPAÇO QUALIFICADO;NÃO SERIADA;3,4;;2026;;COMUNICAÇÃO ELETRÔNICA DE MASSA POR ASSINATURA (TV PAGA);NÃO;LUIS FERNANDO GOMES DE MELO;PESSOA FÍSICA;RS;CACHOEIRINHA
NOITE RARA;B2600069800000;06/03/2026;DEFERIDO;FICÇÃO;;BRASILEIRA INDEPENDENTE CONSTITUINTE DE ESPAÇO QUALIFICADO;NÃO SERIADA;20;;2026;;OUTROS MERCADOS - AUDIOVISUAL EM CIRCUITO RESTRITO;NÃO;37.167.956 TAUAN VINICIUS GUAHYBA SLOBODA;37.167.956/0001-92;RJ;RIO DE JANEIRO
NOITES BRANCAS;B2600216900000;07/07/2026;DEFERIDO;FICÇÃO;;BRASILEIRA INDEPENDENTE CONSTITUINTE DE ESPAÇO QUALIFICADO;NÃO SERIADA;97,2;;2026;;SALAS DE EXIBIÇÃO;NÃO;PLANO GERAL PRODUÇOES ARTÍSTICAS E CINEMATOGRÁFICAS LTDA;06.207.523/0001-90;SP;SÃO PAULO
NOMAD APRESENTA: ENTRE AMÉRICAS;B2600072300000;10/03/2026;DEFERIDO;VARIEDADES;;BRASILEIRA CONSTITUINTE DE ESPAÇO QUALIFICADO;SERIADA EM TEMPORADA ÚNICA;90;6;2026;2026;COMUNICAÇÃO ELETRÔNICA DE MASSA POR ASSINATURA (TV PAGA);NÃO;GLOBO COMUNICACAO E PARTICIPACOES S/A;27.865.757/0001-02;RJ;RIO DE JANEIRO
NOMEIA-ME;B2600254200000;31/07/2026;DEFERIDO;FICÇÃO;;BRASILEIRA CONSTITUINTE DE ESPAÇO QUALIFICADO;NÃO SERIADA;7,1;;2026;;SALAS DE EXIBIÇÃO;NÃO;ASSOCIAÇÃO ANTÔNIO VIEIRA;92.959.006/0001-09;RS;PORTO ALEGRE
NORMALIDADE;B2600225800000;13/07/2026;DEFERIDO;ANIMAÇÃO;;BRASILEIRA INDEPENDENTE CONSTITUINTE DE ESPAÇO QUALIFICADO;NÃO SERIADA;14,9;;2026;;SALAS DE EXIBIÇÃO;NÃO;P D S CARDOSO NETO AUDIOVISUAL;34.147.968/0001-67;SP;SÃO PAULO
NOROESTE - QUEM NASCE TEMPESTADE, NÃO TEM MEDO DE VENTO FORTE;B2600040200000;10/02/2026;DEFERIDO;FICÇÃO;;BRASILEIRA INDEPENDENTE CONSTITUINTE DE ESPAÇO QUALIFICADO;NÃO SERIADA;25;;2026;;OUTROS MERCADOS - VÍDEO POR DEMANDA;NÃO;CIBELE APPES DE SOUSA COELHO;33.865.357/0001-91;SP;SÃO PAULO
NOS BASTIDORES DA PAIXÃO DE CRISTO DE NOVA JERUSALÉM;B2600101900000;01/04/2026;DEFERIDO;VARIEDADES;;BRASILEIRA CONSTITUINTE DE ESPAÇO QUALIFICADO;NÃO SERIADA;22,7;;2026;;RADIODIFUSÃO DE SONS E IMAGENS (TV ABERTA);NÃO;GLOBO COMUNICACAO E PARTICIPACOES S/A;27.865.757/0001-02;RJ;RIO DE JANEIRO
NOS DIAS DA TUA MOCIDADE;B2600098700000;30/03/2026;DEFERIDO;FICÇÃO;;BRASILEIRA INDEPENDENTE CONSTITUINTE DE ESPAÇO QUALIFICADO;NÃO SERIADA;56;;2026;;OUTROS MERCADOS - VÍDEO POR DEMANDA;NÃO;PARAISO FILMES LTDA;32.267.625/0001-00;SP;JUNDIAÍ
NOS PASSOS ANCESTRAIS;B2600230400000;16/07/2026;DEFERIDO;DOCUMENTÁRIO;;BRASILEIRA CONSTITUINTE DE ESPAÇO QUALIFICADO;NÃO SERIADA;22,3;;2026;;OUTROS MERCADOS - AUDIOVISUAL EM CIRCUITO RESTRITO;NÃO;PAULO DANTAS DA SILVA FILHO;PESSOA FÍSICA;PB;JOAO PESSOA
NOS PASSOS DE SÉRGIO CARDOSO;B2600168800000;23/05/2026;DEFERIDO;DOCUMENTÁRIO;;BRASILEIRA INDEPENDENTE CONSTITUINTE DE ESPAÇO QUALIFICADO;NÃO SERIADA;61,3;;2026;;SALAS DE EXIBIÇÃO;NÃO;ASSOCIAÇÃO PAULISTA DOS AMIGOS DA ARTE;06.196.001/0001-30;SP;SÃO PAULO
NOSFERATU;B2600232800000;17/07/2026;DEFERIDO;FICÇÃO;;BRASILEIRA INDEPENDENTE CONSTITUINTE DE ESPAÇO QUALIFICADO;NÃO SERIADA;87,9;;2026;;SALAS DE EXIBIÇÃO;NÃO;BELA FILMES PRODUÇÕES LTDA ME;13.359.654/0001-58;SP;SÃO PAULO
NOSSA COMUNIDADE;B2600067700000;04/03/2026;DEFERIDO;DOCUMENTÁRIO;;BRASILEIRA INDEPENDENTE CONSTITUINTE DE ESPAÇO QUALIFICADO;SERIADA EM TEMPORADA ÚNICA;82,2;3;2026;2026;COMUNICAÇÃO ELETRÔNICA DE MASSA POR ASSINATURA (TV PAGA);NÃO;PRODUTORA BRASILEIRA DE ARTE E CULTURA LTDA.;13.483.286/0001-55;SP;SÃO PAULO
NOSSO CHÃO;B2600026800000;29/01/2026;DEFERIDO;DOCUMENTÁRIO;;BRASILEIRA INDEPENDENTE CONSTITUINTE DE ESPAÇO QUALIFICADO;NÃO SERIADA;90,5;;2025;;RADIODIFUSÃO DE SONS E IMAGENS (TV ABERTA);NÃO;NAHSOM VIDEO PRODUCOES LTDA;03.227.771/0001-04;PE;CARUARU
NOSSO LUGAR (CLIPE OFICIAL);B2600269600000;17/08/2026;DEFERIDO;VÍDEOMUSICAL;;BRASILEIRA INDEPENDENTE CONSTITUINTE DE ESPAÇO QUALIFICADO;NÃO SERIADA;4,3;;2026;;COMUNICAÇÃO ELETRÔNICA DE MASSA POR ASSINATURA (TV PAGA);NÃO;D-AMANTS PRODUCOES LTDA;52.980.718/0001-95;SP;SÃO PAULO
NOSSO MUNDO COM GOLIAS;B2600153800000;11/05/2026;DEFERIDO;VARIEDADES;;BRASILEIRA INDEPENDENTE CONSTITUINTE DE ESPAÇO QUALIFICADO;SERIADA EM TEMPORADA ÚNICA;60;12;2025;2025;OUTROS MERCADOS - VÍDEO POR DEMANDA;NÃO;FIRULAS PRODUÇÕES LTDA;08.844.778/0001-99;RJ;RIO DE JANEIRO
NOSSO SEGREDO;B2600210600000;30/06/2026;DEFERIDO;FICÇÃO;;BRASILEIRA INDEPENDENTE CONSTITUINTE DE ESPAÇO QUALIFICADO;NÃO SERIADA;107,2;;2026;;SALAS DE EXIBIÇÃO;SIM;ENTRE FILMES PRODUCOES LTDA - ME;16.957.757/0001-08;MG;BELO HORIZONTE
NOT DEAD  - LONGA-METRAGEM;B2600220200000;09/07/2026;DEFERIDO;DOCUMENTÁRIO;;BRASILEIRA INDEPENDENTE CONSTITUINTE DE ESPAÇO QUALIFICADO;NÃO SERIADA;71,2;;2026;;SALAS DE EXIBIÇÃO;NÃO;MARILIA OLIVEIRA CUNHA - ME;20.148.736/0001-19;BA;SALVADOR
NOTAS SOBRE UM DESTERRO;B2600120600000;17/04/2026;DEFERIDO;DOCUMENTÁRIO;;BRASILEIRA INDEPENDENTE CONSTITUINTE DE ESPAÇO QUALIFICADO;NÃO SERIADA;79,1;;2026;;SALAS DE EXIBIÇÃO;NÃO;FABULARIO FILMES PRODUCOES ARTISTICAS LTDA;14.622.284/0001-62;PR;CURITIBA
NOTÍCIAS DO FIM DO MUNDO;B2600179400000;29/05/2026;DEFERIDO;FICÇÃO;;BRASILEIRA INDEPENDENTE CONSTITUINTE DE ESPAÇO QUALIFICADO;NÃO SERIADA;70,2;;2026;;SALAS DE EXIBIÇÃO;NÃO;CARIRI PRODUÇÕES ARTÍSTICAS LTDA.;10.505.568/0001-18;CE;FORTALEZA
NOVELAS IN CONCERT - PALPITE;B2600052600000;23/02/2026;DEFERIDO;VÍDEOMUSICAL;Registro de Eventos;BRASILEIRA INDEPENDENTE CONSTITUINTE DE ESPAÇO QUALIFICADO;NÃO SERIADA;3,7;;2026;;COMUNICAÇÃO ELETRÔNICA DE MASSA POR ASSINATURA (TV PAGA);NÃO;VINICIUS DA SILVA OLIVEIRA;PESSOA FÍSICA;RS;CANOAS
NOVO LUGAR;B2600100700000;31/03/2026;DEFERIDO;VÍDEOMUSICAL;;BRASILEIRA CONSTITUINTE DE ESPAÇO QUALIFICADO;NÃO SERIADA;3,7;;2025;;OUTROS MERCADOS;NÃO;MATHEUS VINICIUS REIS DE PAULA NICOLAU;PESSOA FÍSICA;RJ;CAMPOS DOS GOITACAZES
NUMANICE 1%;B2600088500000;24/03/2026;DEFERIDO;VÍDEOMUSICAL;Registro de Eventos;BRASILEIRA CONSTITUINTE DE ESPAÇO QUALIFICADO;NÃO SERIADA;3,2;;2024;;COMUNICAÇÃO ELETRÔNICA DE MASSA POR ASSINATURA (TV PAGA);NÃO;BONDE RECORDS MUSIC LTDA;21.857.777/0001-47;RJ;RIO DE JANEIRO
NUNCA TERÃO PAZ;B2600176700000;27/05/2026;DEFERIDO;FICÇÃO;;BRASILEIRA INDEPENDENTE CONSTITUINTE DE ESPAÇO QUALIFICADO;NÃO SERIADA;80;;2026;;SALAS DE EXIBIÇÃO;NÃO;VIGOR MORTIS PRODUÇÕES ARTISTICAS LTDA;05.980.535/0001-90;PR;CURITIBA
NUNCA É DEPRESSA;B2600254300000;01/08/2026;DEFERIDO;VÍDEOMUSICAL;Registro de Eventos;BRASILEIRA INDEPENDENTE CONSTITUINTE DE ESPAÇO QUALIFICADO;NÃO SERIADA;3,4;;2026;;COMUNICAÇÃO ELETRÔNICA DE MASSA POR ASSINATURA (TV PAGA);NÃO;RAVI PRODUCOES CULTURAIS E EDITORA LTDA;31.298.818/0001-66;RJ;RIO DE JANEIRO
NUTRIÇÃO NA PRIMEIRA INFÂNCIA;B2600137600000;28/04/2026;DEFERIDO;DOCUMENTÁRIO;;BRASILEIRA INDEPENDENTE CONSTITUINTE DE ESPAÇO QUALIFICADO;NÃO SERIADA;16,2;;2026;;OUTROS MERCADOS;NÃO;CENTRO POPULAR DE MIDIAS CPMIDIAS;28.501.361/0001-30;SP;SÃO PAULO
NÃO ALIMENTE OS CÃES;B2600121500000;17/04/2026;DEFERIDO;FICÇÃO;;BRASILEIRA INDEPENDENTE CONSTITUINTE DE ESPAÇO QUALIFICADO;NÃO SERIADA;24,7;;2026;;OUTROS MERCADOS;NÃO;22.313.096 VINI POFFO;22.313.096/0001-80;SC;JOINVILLE
NÃO EXISTE ALMOÇO GRÁTIS;B2600246100000;28/07/2026;DEFERIDO;DOCUMENTÁRIO;;BRASILEIRA INDEPENDENTE CONSTITUINTE DE ESPAÇO QUALIFICADO;NÃO SERIADA;74,1;;2025;;SALAS DE EXIBIÇÃO;NÃO;ALTER PRODUCAO DE FILMES LTDA;49.756.822/0001-96;RJ;RIO DE JANEIRO
NÃO SEI VIVER SEM PALAVRAS;B2600176200000;27/05/2026;DEFERIDO;DOCUMENTÁRIO;;BRASILEIRA INDEPENDENTE CONSTITUINTE DE ESPAÇO QUALIFICADO;NÃO SERIADA;80,5;;2026;;SALAS DE EXIBIÇÃO;NÃO;PROSPERIDADE COMUNICAÇÃO E FILMES LTDA;17.545.702/0001-53;SP;SÃO PAULO
NÃO SENTO À MESA;B2600234700000;21/07/2026;DEFERIDO;VÍDEOMUSICAL;Registro de Eventos;BRASILEIRA INDEPENDENTE CONSTITUINTE DE ESPAÇO QUALIFICADO;NÃO SERIADA;3,0;;2026;;COMUNICAÇÃO ELETRÔNICA DE MASSA POR ASSINATURA (TV PAGA);NÃO;SALDOCE PRODUCOES ARTISTICAS LTDA;56.971.052/0001-60;RJ;RIO DE JANEIRO
NÃO SOU EX DE NINGUÉM - ALLANA MACEDO;B2600043500000;12/02/2026;DEFERIDO;VÍDEOMUSICAL;;BRASILEIRA INDEPENDENTE CONSTITUINTE DE ESPAÇO QUALIFICADO;NÃO SERIADA;2,8;;2026;;COMUNICAÇÃO ELETRÔNICA DE MASSA POR ASSINATURA (TV PAGA);NÃO;53.450.239 ANA PAULA BOVI VALLILO;53.450.239/0001-20;SP;SANTANA DE PARNAÍBA
NÃO TEM NADA PARA FAZER EM MARTE;B2600163100000;19/05/2026;DEFERIDO;FICÇÃO;;BRASILEIRA INDEPENDENTE CONSTITUINTE DE ESPAÇO QUALIFICADO;NÃO SERIADA;16,9;;2026;;SALAS DE EXIBIÇÃO;NÃO;CALARGA OPERA EDITORIAL;59.883.163/0001-02;SP;ARARAQUARA
NÃO TEM VAGA;B2600082500000;18/03/2026;DEFERIDO;FICÇÃO;;BRASILEIRA INDEPENDENTE CONSTITUINTE DE ESPAÇO QUALIFICADO;NÃO SERIADA;17,3;;2026;;OUTROS MERCADOS;NÃO;VENICIOS DOS ANJOS BELO;PESSOA FÍSICA;BA;SALVADOR
NÃO VOU MENTIR;B2600188700000;10/06/2026;DEFERIDO;VÍDEOMUSICAL;Registro de Eventos;BRASILEIRA INDEPENDENTE CONSTITUINTE DE ESPAÇO QUALIFICADO;NÃO SERIADA;2,8;;2026;;COMUNICAÇÃO ELETRÔNICA DE MASSA POR ASSINATURA (TV PAGA);NÃO;LAGUM PRODUCAO MUSICAL LTDA;31.133.282/0001-29;MG;BELO HORIZONTE
NÃO É MEU DIA;B2600181200000;01/06/2026;DEFERIDO;VÍDEOMUSICAL;Registro de Eventos;BRASILEIRA INDEPENDENTE CONSTITUINTE DE ESPAÇO QUALIFICADO;NÃO SERIADA;3,0;;2025;;RADIODIFUSÃO DE SONS E IMAGENS (TV ABERTA);NÃO;CG AGENCIAMENTO E SERVIÇOS LTDA;30.022.536/0001-79;SP;RIBEIRÃO PRETO
NÃO É O SUFICIENTE;B2600016600000;19/01/2026;DEFERIDO;VÍDEOMUSICAL;;BRASILEIRA CONSTITUINTE DE ESPAÇO QUALIFICADO;NÃO SERIADA;5,1;;2025;;COMUNICAÇÃO ELETRÔNICA DE MASSA POR ASSINATURA (TV PAGA);NÃO;WASHINGTON SALVADOR CORDEIRO;PESSOA FÍSICA;ES;IBIRAÇU
NÉCTAR DO TEMPO;B2600164300000;20/05/2026;DEFERIDO;DOCUMENTÁRIO;;BRASILEIRA CONSTITUINTE DE ESPAÇO QUALIFICADO;NÃO SERIADA;14,8;;2026;;SALAS DE EXIBIÇÃO;NÃO;62.173.435 PEDRO RODRIGUES ANDRADE;62.173.435/0001-95;BA;SANTO ANTÔNIO DE JESUS
NÓDOA;B2600047500000;19/02/2026;DEFERIDO;FICÇÃO;;BRASILEIRA CONSTITUINTE DE ESPAÇO QUALIFICADO;NÃO SERIADA;2,8;;2025;;SALAS DE EXIBIÇÃO;NÃO;RODRIGO OLIVEIRA DE MEDEIROS;31.635.531/0001-84;MG;BELO HORIZONTE
NÔMADES DA ESTRADA - 2ª TEMPORADA;B2600025500000;28/01/2026;DEFERIDO;VARIEDADES;;BRASILEIRA CONSTITUINTE DE ESPAÇO QUALIFICADO;SERIADA EM MÚLTIPLAS TEMPORADAS;150;10;2026;2026;COMUNICAÇÃO ELETRÔNICA DE MASSA POR ASSINATURA (TV PAGA);NÃO;MARIO BRITO DA COSTA FILHO;PESSOA FÍSICA;SP;SÃO SEBASTIÃO
O AMOR VAI CHEGAR;B2600276200000;19/08/2026;DEFERIDO;VÍDEOMUSICAL;Registro de Eventos;BRASILEIRA INDEPENDENTE CONSTITUINTE DE ESPAÇO QUALIFICADO;NÃO SERIADA;6,0;;2026;;COMUNICAÇÃO ELETRÔNICA DE MASSA POR ASSINATURA (TV PAGA);NÃO;ESTUDIO UMUARAMA PRODUCOES ARTISTICAS SIMPLES LIMITADA;06.084.447/0001-72;RJ;RIO DE JANEIRO
O ANFITRIÃO - VOL. 3 - CHAVE RESERVA;B2600183300000;02/06/2026;DEFERIDO;VARIEDADES;Erótico/Pornográfica;COMUM;NÃO SERIADA;30,5;;2025;;COMUNICAÇÃO ELETRÔNICA DE MASSA POR ASSINATURA (TV PAGA);NÃO;DIVERSITY COMUNICACAO E PRODUCAO LTDA;27.514.037/0001-94;SP;SÃO PAULO
O ANFITRIÃO - VOL. 4 - QUANDO ELE VOLTOU;B2600183400000;02/06/2026;DEFERIDO;VARIEDADES;Erótico/Pornográfica;COMUM;NÃO SERIADA;30,2;;2025;;COMUNICAÇÃO ELETRÔNICA DE MASSA POR ASSINATURA (TV PAGA);NÃO;DIVERSITY COMUNICACAO E PRODUCAO LTDA;27.514.037/0001-94;SP;SÃO PAULO
O ANFITRIÃO - VOL. 5 - ANTES DE IR EMBORA;B2600183500000;02/06/2026;DEFERIDO;VARIEDADES;Erótico/Pornográfica;COMUM;NÃO SERIADA;32,5;;2025;;COMUNICAÇÃO ELETRÔNICA DE MASSA POR ASSINATURA (TV PAGA);NÃO;DIVERSITY COMUNICACAO E PRODUCAO LTDA;27.514.037/0001-94;SP;SÃO PAULO
O ANFITRÃO - LEITE FRESCO;B2600183100000;02/06/2026;DEFERIDO;VARIEDADES;Erótico/Pornográfica;COMUM;NÃO SERIADA;31,0;;2025;;COMUNICAÇÃO ELETRÔNICA DE MASSA POR ASSINATURA (TV PAGA);NÃO;DIVERSITY COMUNICACAO E PRODUCAO LTDA;27.514.037/0001-94;SP;SÃO PAULO
O ANFITRÃO - VOL. 2 - ENTRE AMIGAS;B2600183200000;02/06/2026;DEFERIDO;VARIEDADES;Erótico/Pornográfica;COMUM;NÃO SERIADA;30;;2025;;COMUNICAÇÃO ELETRÔNICA DE MASSA POR ASSINATURA (TV PAGA);NÃO;DIVERSITY COMUNICACAO E PRODUCAO LTDA;27.514.037/0001-94;SP;SÃO PAULO
O ANO DELAS;B2600241700000;23/07/2026;DEFERIDO;DOCUMENTÁRIO;;BRASILEIRA INDEPENDENTE CONSTITUINTE DE ESPAÇO QUALIFICADO;SERIADA EM MÚLTIPLAS TEMPORADAS;104;8;2026;2026;COMUNICAÇÃO ELETRÔNICA DE MASSA POR ASSINATURA (TV PAGA);NÃO;V S PAZ;30.960.946/0001-60;CE;FORTALEZA
O ANO EM QUE O FREVO NÃO FOI PRA RUA;B2600094400000;25/03/2026;DEFERIDO;DOCUMENTÁRIO;;BRASILEIRA INDEPENDENTE CONSTITUINTE DE ESPAÇO QUALIFICADO;NÃO SERIADA;72;;2026;;SALAS DE EXIBIÇÃO;NÃO;LIRA FILMES PRODUCOES LTDA;21.054.261/0001-64;SP;SÃO PAULO
O ATELIÊ DA RUA DO BRUM;B2600144100000;04/05/2026;DEFERIDO;FICÇÃO;;BRASILEIRA INDEPENDENTE CONSTITUINTE DE ESPAÇO QUALIFICADO;NÃO SERIADA;78,4;;2026;;SALAS DE EXIBIÇÃO;NÃO;SÍMIO FILMES LTDA;09.942.024/0001-34;PE;OLINDA
O BERÇO VAZIO;B2600086500000;23/03/2026;DEFERIDO;FICÇÃO;;BRASILEIRA CONSTITUINTE DE ESPAÇO QUALIFICADO;NÃO SERIADA;10,0;;2026;;OUTROS MERCADOS;NÃO;REN PRODUCOES AUDIOVISUAIS LTDA;34.990.896/0001-15;SP;ALAMBARI
O BLUES E A PRANCHA;B2600019100000;21/01/2026;DEFERIDO;VÍDEOMUSICAL;;BRASILEIRA INDEPENDENTE CONSTITUINTE DE ESPAÇO QUALIFICADO;NÃO SERIADA;4,2;;2026;;COMUNICAÇÃO ELETRÔNICA DE MASSA POR ASSINATURA (TV PAGA);NÃO;MARCELO ANTUNES BUENO ***********;15.148.830/0001-38;SP;SÃO PAULO
O BOI DA CARA PRETA;B2600034300000;05/02/2026;DEFERIDO;FICÇÃO;;BRASILEIRA CONSTITUINTE DE ESPAÇO QUALIFICADO;NÃO SERIADA;8,5;;2026;;SALAS DE EXIBIÇÃO;NÃO;ARTHUR RODRIGUES FERNANDES SILVA;PESSOA FÍSICA;SP;SALTO
O BRICANTE DE BOI;B2600048400000;20/02/2026;DEFERIDO;DOCUMENTÁRIO;;BRASILEIRA INDEPENDENTE CONSTITUINTE DE ESPAÇO QUALIFICADO;NÃO SERIADA;19,2;;2026;;OUTROS MERCADOS;NÃO;ARTRUPE PRODUCOES ARTISTICAS LTDA - ME;15.724.988/0001-09;AM;MANAUS
O CAPITÃO ENGARRAFADO;B2600236200000;22/07/2026;DEFERIDO;FICÇÃO;;BRASILEIRA INDEPENDENTE CONSTITUINTE DE ESPAÇO QUALIFICADO;NÃO SERIADA;78,8;;2026;;SALAS DE EXIBIÇÃO;NÃO;POSTURA DIGITAL FILMES LTDA;08.233.638/0001-84;MG;BELO HORIZONTE
O CASO DO VOO 099;B2600179000000;28/05/2026;DEFERIDO;DOCUMENTÁRIO;;BRASILEIRA INDEPENDENTE CONSTITUINTE DE ESPAÇO QUALIFICADO;NÃO SERIADA;66,3;;2026;;OUTROS MERCADOS - VÍDEO POR DEMANDA;NÃO;CASA ROSA FILMES LTDA.;51.778.636/0001-08;RS;SAPUCAIA DO SUL
O CENTÉSIMO MACACO (EPISÓDIO PILOTO: O OITAVO CÍRCULO);B2600146900000;05/05/2026;DEFERIDO;FICÇÃO;;BRASILEIRA INDEPENDENTE CONSTITUINTE DE ESPAÇO QUALIFICADO;NÃO SERIADA;45,0;;2026;;NENHUMA DAS OPÇÕES;NÃO;PRAÇA PRODUÇÕES AUDIOVISUAIS LTDA;04.297.951/0001-25;RS;PORTO ALEGRE
O CHAMADO DA CAMPAINHA;B2600019300000;22/01/2026;DEFERIDO;FICÇÃO;;BRASILEIRA CONSTITUINTE DE ESPAÇO QUALIFICADO;NÃO SERIADA;3,8;;2026;;OUTROS MERCADOS;NÃO;MATHEUS HENRIQUE DE CARVALHO CRUZ;PESSOA FÍSICA;PR;MARINGÁ
O CHORO - BENEDICTO LACERDA;B2600249500000;29/07/2026;DEFERIDO;DOCUMENTÁRIO;;BRASILEIRA INDEPENDENTE CONSTITUINTE DE ESPAÇO QUALIFICADO;NÃO SERIADA;34,6;;2025;;SALAS DE EXIBIÇÃO;NÃO;M.L.GONÇALVES PRODUÇÕES ARTÍSTICAS E CULTURAIS ME;14.206.644/0001-45;RJ;MACAÉ
O CHÁ;B2600208900000;26/06/2026;DEFERIDO;VÍDEOMUSICAL;;BRASILEIRA CONSTITUINTE DE ESPAÇO QUALIFICADO;NÃO SERIADA;4,5;;2026;;COMUNICAÇÃO ELETRÔNICA DE MASSA POR ASSINATURA (TV PAGA);NÃO;SB MUSIC PRODUÇÕES EIRELI ME;23.410.827/0001-79;SP;SÃO PAULO
O CORRE;B2600101600000;01/04/2026;DEFERIDO;VÍDEOMUSICAL;Registro de Eventos;BRASILEIRA CONSTITUINTE DE ESPAÇO QUALIFICADO;NÃO SERIADA;4,0;;2025;;RADIODIFUSÃO DE SONS E IMAGENS (TV ABERTA);NÃO;40.295.816 MARIO BITTENCOURT FERREIRA;40.295.816/0001-04;SP;SÃO PAULO
O CORRE NOSSO DE CADA DIA;B2600206100000;24/06/2026;DEFERIDO;DOCUMENTÁRIO;;BRASILEIRA INDEPENDENTE CONSTITUINTE DE ESPAÇO QUALIFICADO;NÃO SERIADA;78,1;;2026;;SALAS DE EXIBIÇÃO;NÃO;ABOUT PRODUÇÕES CULTURAIS;09.003.277/0001-42;SP;SÃO PAULO
O DESEJO E O MEDO;B2600106100000;07/04/2026;DEFERIDO;VÍDEOMUSICAL;Registro de Eventos;BRASILEIRA INDEPENDENTE CONSTITUINTE DE ESPAÇO QUALIFICADO;NÃO SERIADA;3,6;;2025;;COMUNICAÇÃO ELETRÔNICA DE MASSA POR ASSINATURA (TV PAGA);NÃO;GOLD MUSIC LTDA;25.194.509/0001-43;RJ;RIO DE JANEIRO
O DESERTO DE LUIZA;B2600074000000;11/03/2026;DEFERIDO;FICÇÃO;;BRASILEIRA INDEPENDENTE CONSTITUINTE DE ESPAÇO QUALIFICADO;NÃO SERIADA;100,1;;2026;;SALAS DE EXIBIÇÃO;SIM;CARAMINHOLA PRODUÇÕES ARTISTICAS LTDA;07.815.205/0001-74;RJ;RIO DE JANEIRO
O DIA EM QUE MINHA AVÓ FUGIU DE CASA;B2600149100000;06/05/2026;DEFERIDO;DOCUMENTÁRIO;;BRASILEIRA INDEPENDENTE CONSTITUINTE DE ESPAÇO QUALIFICADO;NÃO SERIADA;17,7;;2026;;SALAS DE EXIBIÇÃO;NÃO;CASA ROSA PRODUÇÕES LTDA;43.018.648/0001-06;CE;FORTALEZA
O DOCE SAL DOS SEUS FADIGOSOS LÁBIOS;B2600151700000;07/05/2026;DEFERIDO;FICÇÃO;;BRASILEIRA INDEPENDENTE CONSTITUINTE DE ESPAÇO QUALIFICADO;NÃO SERIADA;94,8;;2026;;OUTROS MERCADOS - VÍDEO POR DEMANDA;NÃO;ARMIN DANIEL REICHERT ***********;43.601.777/0001-14;SC;LAGES
O ENCANTADOR DE ALMAS;B2600189600000;10/06/2026;DEFERIDO;DOCUMENTÁRIO;;BRASILEIRA INDEPENDENTE CONSTITUINTE DE ESPAÇO QUALIFICADO;NÃO SERIADA;40,4;;2026;;RADIODIFUSÃO DE SONS E IMAGENS (TV ABERTA);NÃO;PLANO SUPERIOR PRODUÇÃO CINEMATOGRAFICA LTDA;43.235.625/0001-45;SC;FLORIANÓPOLIS
O ENEGRECER DE IEMANJÁ E A SUBTRAÇÃO DO SAGRADO AFRO;B2600034700000;05/02/2026;DEFERIDO;DOCUMENTÁRIO;;BRASILEIRA INDEPENDENTE CONSTITUINTE DE ESPAÇO QUALIFICADO;NÃO SERIADA;15;;2026;;OUTROS MERCADOS;NÃO;IEMOJA PRODUCOES LTDA;61.869.658/0001-29;PR;LONDRINA
O ENGRAXATE QUE ESCALOU O EVEREST;B2600009100000;12/01/2026;DEFERIDO;DOCUMENTÁRIO;;BRASILEIRA INDEPENDENTE CONSTITUINTE DE ESPAÇO QUALIFICADO;NÃO SERIADA;75,2;;2026;;COMUNICAÇÃO ELETRÔNICA DE MASSA POR ASSINATURA (TV PAGA);NÃO;TBC CONSULTORIA EMPRESARIAL LTDA;05.923.338/0001-39;CE;EUSÉBIO
O ENTERRO DE BIU;B2600259200000;06/08/2026;DEFERIDO;FICÇÃO;;BRASILEIRA INDEPENDENTE CONSTITUINTE DE ESPAÇO QUALIFICADO;NÃO SERIADA;25;;2026;;OUTROS MERCADOS;NÃO;45.931.923 ROMARIO HENRIQUE SILVA DE ALMEIDA;45.931.923/0001-03;PE;LAGOA DE ITAENGA
O ESTRANHO COMPORTAMENTO DOS CORPOS CELESTES;B2600008700000;12/01/2026;DEFERIDO;FICÇÃO;;BRASILEIRA CONSTITUINTE DE ESPAÇO QUALIFICADO;NÃO SERIADA;15;;2026;;SALAS DE EXIBIÇÃO;NÃO;NAOMI LEONARDO MATSUI;PESSOA FÍSICA;DF;BRASÍLIA
O ESTUÁRIO;B2600005000000;07/01/2026;DEFERIDO;DOCUMENTÁRIO;;BRASILEIRA INDEPENDENTE CONSTITUINTE DE ESPAÇO QUALIFICADO;SERIADA EM TEMPORADA ÚNICA;106,3;4;2026;2026;RADIODIFUSÃO DE SONS E IMAGENS (TV ABERTA);NÃO;DGT FILMES LTDA;03.021.799/0001-90;SP;SÃO PAULO
O FUTURO DA EDUCAÇÃO 2;B2600072100000;10/03/2026;DEFERIDO;DOCUMENTÁRIO;;BRASILEIRA INDEPENDENTE CONSTITUINTE DE ESPAÇO QUALIFICADO;NÃO SERIADA;52,7;;2026;;COMUNICAÇÃO ELETRÔNICA DE MASSA POR ASSINATURA (TV PAGA);NÃO;PRODUTORA BRASILEIRA DE ARTE E CULTURA LTDA.;13.483.286/0001-55;SP;SÃO PAULO
O FUTURO DA SAÚDE;B2600191000000;11/06/2026;DEFERIDO;DOCUMENTÁRIO;;BRASILEIRA INDEPENDENTE CONSTITUINTE DE ESPAÇO QUALIFICADO;NÃO SERIADA;52,4;;2026;;COMUNICAÇÃO ELETRÔNICA DE MASSA POR ASSINATURA (TV PAGA);NÃO;PRODUTORA BRASILEIRA DE ARTE E CULTURA LTDA.;13.483.286/0001-55;SP;SÃO PAULO
O GESTO ENTRE NÓS - A HISTÓRIA DA COMPANHIA DOS À DEUX;B2600232600000;17/07/2026;DEFERIDO;DOCUMENTÁRIO;;BRASILEIRA INDEPENDENTE CONSTITUINTE DE ESPAÇO QUALIFICADO;NÃO SERIADA;103,3;;2026;;COMUNICAÇÃO ELETRÔNICA DE MASSA POR ASSINATURA (TV PAGA);NÃO;MATIZAR PRODUÇÕES ARTÍSTICAS LTDA;04.939.205/0001-98;RJ;RIO DE JANEIRO
O GLORIOSO RETORNO DE QUEM NUNCA QUIS ESTAR AQUI;B2600001600000;04/01/2026;DEFERIDO;VÍDEOMUSICAL;;BRASILEIRA INDEPENDENTE CONSTITUINTE DE ESPAÇO QUALIFICADO;NÃO SERIADA;4,3;;2025;;OUTROS MERCADOS;NÃO;40.710.259 LUCAS VINICIUS DINIZ DE MELO;40.710.259/0001-40;RN;NATAL
O GRANDE TEMA;B2600128100000;24/04/2026;DEFERIDO;FICÇÃO;;BRASILEIRA INDEPENDENTE CONSTITUINTE DE ESPAÇO QUALIFICADO;NÃO SERIADA;19,4;;2026;;OUTROS MERCADOS - AUDIOVISUAL EM CIRCUITO RESTRITO;NÃO;CASA DA PRAIA FILMES LTDA;13.667.540/0001-75;RN;NATAL
O GRANDE VENCEDOR;B2600279000000;21/08/2026;DEFERIDO;VARIEDADES;;BRASILEIRA CONSTITUINTE DE ESPAÇO QUALIFICADO;SERIADA DE DURAÇÃO INDETERMINADA;1100;20;2026;2026;RADIODIFUSÃO DE SONS E IMAGENS (TV ABERTA);NÃO;TV OMEGA LTDA.;02.131.538/0001-60;SP;OSASCO
O GÊNIO DA BOCA;B2600266100000;12/08/2026;DEFERIDO;DOCUMENTÁRIO;;BRASILEIRA INDEPENDENTE CONSTITUINTE DE ESPAÇO QUALIFICADO;NÃO SERIADA;92,8;;2026;;SALAS DE EXIBIÇÃO;NÃO;ATALAIA PRODUÇÃO E DISTRIBUIÇÃO ARTÍSTICA S/C LTDA ME.;01.387.311/0001-18;SC;FLORIANÓPOLIS
O GÊNIO DO CRIME;B2600007800000;09/01/2026;DEFERIDO;FICÇÃO;;BRASILEIRA INDEPENDENTE CONSTITUINTE DE ESPAÇO QUALIFICADO;NÃO SERIADA;93,7;;2026;;SALAS DE EXIBIÇÃO;NÃO;BOUTIQUE FILMES E PRODUÇÕES LTDA.;16.729.130/0001-08;SP;SÃO PAULO
O HOMEM PARA O TEMPO;B2600143300000;04/05/2026;DEFERIDO;DOCUMENTÁRIO;;BRASILEIRA INDEPENDENTE CONSTITUINTE DE ESPAÇO QUALIFICADO;NÃO SERIADA;24,6;;2026;;SALAS DE EXIBIÇÃO;NÃO;THALES SANTOS GONCALVES *********** - ME;21.294.315/0001-69;MG;BELO HORIZONTE
O IMPÉRIO DIGITAL;B2600127300000;24/04/2026;DEFERIDO;DOCUMENTÁRIO;;BRASILEIRA CONSTITUINTE DE ESPAÇO QUALIFICADO;NÃO SERIADA;22,0;;2026;;SALAS DE EXIBIÇÃO;NÃO;ACADEMIA BRASILEIRA DE CIENCIAS CRIMINAIS - ABCCRIM;30.956.784/0001-97;PE;OLINDA
O INCRÍVEL MUNDO DA IMAGINAÇÃO - 2ª TEMPORADA;B2600214500000;03/07/2026;DEFERIDO;ANIMAÇÃO;;BRASILEIRA INDEPENDENTE CONSTITUINTE DE ESPAÇO QUALIFICADO;SERIADA EM MÚLTIPLAS TEMPORADAS;36;12;2026;2026;COMUNICAÇÃO ELETRÔNICA DE MASSA POR ASSINATURA (TV PAGA);NÃO;GLM MARKETING SOLUÇÕES EMPRESARIAIS EIRELI;40.737.325/0001-76;SP;SÃO PAULO
O LEÃO COVARDE;B2600266600000;13/08/2026;DEFERIDO;FICÇÃO;;BRASILEIRA INDEPENDENTE CONSTITUINTE DE ESPAÇO QUALIFICADO;NÃO SERIADA;63,1;;2026;;OUTROS MERCADOS - VÍDEO POR DEMANDA;NÃO;A BORELLI MARTINS ESTUDIO CINEMATOGRAFICO LTDA;46.903.259/0001-43;SP;SÃO PAULO
O LINDO QUARTO ESTÁ VAZIO;B2600046400000;19/02/2026;DEFERIDO;FICÇÃO;;BRASILEIRA CONSTITUINTE DE ESPAÇO QUALIFICADO;NÃO SERIADA;39,9;;2026;;OUTROS MERCADOS;NÃO;FERNANDO GRISI;PESSOA FÍSICA;SP;SÃO JOSÉ DO RIO PRETO
O LIVRO;B2600101300000;01/04/2026;DEFERIDO;DOCUMENTÁRIO;;BRASILEIRA CONSTITUINTE DE ESPAÇO QUALIFICADO;NÃO SERIADA;70,1;;2026;;OUTROS MERCADOS;NÃO;49.269.134 GETULIO BARROS DE MELO;49.269.134/0001-00;TO;PALMAS
O LOUCO;B2600110200000;12/04/2026;DEFERIDO;VÍDEOMUSICAL;;BRASILEIRA INDEPENDENTE CONSTITUINTE DE ESPAÇO QUALIFICADO;NÃO SERIADA;3,3;;2026;;OUTROS MERCADOS;NÃO;60.746.337 HENRIQUE CRIZOSTMO DA SILVA;60.746.337/0001-74;DF;BRASÍLIA
O MAIS SINCERO - VANGUART;B2600268200000;14/08/2026;DEFERIDO;VÍDEOMUSICAL;Registro de Eventos;BRASILEIRA INDEPENDENTE CONSTITUINTE DE ESPAÇO QUALIFICADO;NÃO SERIADA;3,1;;2026;;COMUNICAÇÃO ELETRÔNICA DE MASSA POR ASSINATURA (TV PAGA);NÃO;DECK PRODUÇÕES ARTÍSTICAS LTDA;30.253.090/0001-93;RJ;RIO DE JANEIRO
O MEMORÁVEL DIA DE ANTÔNIO;B2600163800000;20/05/2026;DEFERIDO;FICÇÃO;;BRASILEIRA INDEPENDENTE CONSTITUINTE DE ESPAÇO QUALIFICADO;NÃO SERIADA;10,9;;2026;;SALAS DE EXIBIÇÃO;NÃO;LUCIANO DE OLIVEIRA SANTOS ***********;30.757.972/0001-96;RJ;NOVA FRIBURGO
O MENINO E AS BORBOLETAS ZUMBIS;B2600113800000;15/04/2026;DEFERIDO;FICÇÃO;;BRASILEIRA INDEPENDENTE CONSTITUINTE DE ESPAÇO QUALIFICADO;NÃO SERIADA;17,4;;2026;;SALAS DE EXIBIÇÃO;NÃO;ENCANTAMENTO CONSULTORIA DE PROJETOS, PRODUÇÕES ARTÍSTICAS E AUDIOVISUAIS LTDA;09.165.254/0001-34;RJ;RIO DE JANEIRO
O MENINO, O RECRUTA E O SARGENTO;B2600267300000;14/08/2026;DEFERIDO;FICÇÃO;;BRASILEIRA CONSTITUINTE DE ESPAÇO QUALIFICADO;NÃO SERIADA;16,0;;2026;;OUTROS MERCADOS - VÍDEO POR DEMANDA;NÃO;JOBI CRIACOES LTDA;55.929.647/0001-94;SP;SÃO PAULO
O MITO DO DEMOLIDOR;B2600114500000;15/04/2026;DEFERIDO;DOCUMENTÁRIO;;BRASILEIRA INDEPENDENTE CONSTITUINTE DE ESPAÇO QUALIFICADO;NÃO SERIADA;18,1;;2026;;SALAS DE EXIBIÇÃO;NÃO;MAO UNICA FILMES - PRODUCAO CINEMATOGRAFICA LTDA;30.807.626/0001-75;DF;BRASÍLIA
O MONSTRO DO SERTÃO;B2600109800000;10/04/2026;DEFERIDO;FICÇÃO;;BRASILEIRA INDEPENDENTE CONSTITUINTE DE ESPAÇO QUALIFICADO;NÃO SERIADA;18,3;;2026;;SALAS DE EXIBIÇÃO;NÃO;HIPERPLANO PESQUISA, CONSULTORIA E PRODUCOES LTDA;25.258.691/0001-59;SP;CAMPINAS
O MONSTRO QUE RESIDE DENTRO DA CASA ACIMA DA COLINA;B2600247400000;28/07/2026;DEFERIDO;FICÇÃO;;BRASILEIRA INDEPENDENTE CONSTITUINTE DE ESPAÇO QUALIFICADO;NÃO SERIADA;131,7;;2026;;SALAS DE EXIBIÇÃO;NÃO;IMAGENACAO PRODUCOES CINEMATOGRAFICAS, ARTISTICAS E CULTURAIS LTDA;21.859.821/0001-58;DF;BRASÍLIA
O MUNDO QUE EU CONHEÇO LÁ NÃO EXISTE MAIS;B2600205800000;24/06/2026;DEFERIDO;FICÇÃO;;BRASILEIRA INDEPENDENTE CONSTITUINTE DE ESPAÇO QUALIFICADO;NÃO SERIADA;105,2;;2026;;SALAS DE EXIBIÇÃO;NÃO;LUC FILMES LTDA;14.741.081/0001-95;SP;SÃO PAULO
O MÊS MAIS LONGO DO ANO;B2600094000000;25/03/2026;DEFERIDO;DOCUMENTÁRIO;;BRASILEIRA INDEPENDENTE CONSTITUINTE DE ESPAÇO QUALIFICADO;NÃO SERIADA;87,4;;2026;;RADIODIFUSÃO DE SONS E IMAGENS (TV ABERTA);NÃO;SPATIUM PRODUCOES ARTISTICAS E CINEMATOGRAFICAS - EIRELI;16.101.680/0001-70;TO;PALMAS
O NATAL DA FAMÍLIA MINGAU;B2600216400000;07/07/2026;DEFERIDO;ANIMAÇÃO;;BRASILEIRA INDEPENDENTE CONSTITUINTE DE ESPAÇO QUALIFICADO;NÃO SERIADA;11;;2024;;OUTROS MERCADOS;NÃO;LUMINE PRODUCOES LTDA;50.087.391/0001-00;RS;PORTO ALEGRE
O NORTE DO CAFÉ;B2600129200000;25/04/2026;DEFERIDO;DOCUMENTÁRIO;;BRASILEIRA INDEPENDENTE CONSTITUINTE DE ESPAÇO QUALIFICADO;NÃO SERIADA;52,1;;2026;;RADIODIFUSÃO DE SONS E IMAGENS (TV ABERTA);NÃO;LABIRINTO PRODUÇÕES LTDA - ME;25.363.229/0001-11;PR;CURITIBA
O PAI DA RAINHA DE ANGOLA;B2600229900000;15/07/2026;DEFERIDO;FICÇÃO;;BRASILEIRA CONSTITUINTE DE ESPAÇO QUALIFICADO;NÃO SERIADA;12,4;;2026;;OUTROS MERCADOS - VÍDEO POR DEMANDA;NÃO;GABRIEL BORTOLINI DE LUCENA PRODUCOES - ME;23.621.887/0001-30;SP;SÃO PAULO
O PICAPAU AMARELO - TERCEIRA TEMPORADA;B2600266900000;13/08/2026;DEFERIDO;VARIEDADES;;BRASILEIRA CONSTITUINTE DE ESPAÇO QUALIFICADO;SERIADA EM MÚLTIPLAS TEMPORADAS;300;15;2026;2026;RADIODIFUSÃO DE SONS E IMAGENS (TV ABERTA);NÃO;TVSBT CANAL 4 DE SAO PAULO S/A;45.039.237/0001-14;SP;OSASCO
O PIOR AINDA ESTÁ POR VIR;B2600043800000;12/02/2026;DEFERIDO;FICÇÃO;;BRASILEIRA INDEPENDENTE CONSTITUINTE DE ESPAÇO QUALIFICADO;NÃO SERIADA;24,4;;2026;;OUTROS MERCADOS - VÍDEO POR DEMANDA;NÃO;ABÓBORA FILMES LTDA;24.939.972/0001-04;RS;CANOAS
O PODER DAS HISTÓRIAS NA SAÚDE: UMA JORNADA PELA MEDICINA NARRATIVA;B2600053400000;24/02/2026;DEFERIDO;VARIEDADES;Vídeoaula;BRASILEIRA CONSTITUINTE DE ESPAÇO QUALIFICADO;NÃO SERIADA;3,9;;2026;;VIDEO DOMÉSTICO;NÃO;DANIELA DIAS CHEAD;PESSOA FÍSICA;SP;SÃO PAULO
O PODER DO ROSÁRIO;B2600151400000;07/05/2026;DEFERIDO;FICÇÃO;;BRASILEIRA INDEPENDENTE CONSTITUINTE DE ESPAÇO QUALIFICADO;NÃO SERIADA;106,6;;2026;;SALAS DE EXIBIÇÃO;NÃO;STONE ENTERTAINMENT LTDA - ME;24.447.024/0001-51;GO;GOIÂNIA
O POVO QUER SABER - TEMPORADA 2026;B2600040100000;10/02/2026;DEFERIDO;VARIEDADES;;BRASILEIRA CONSTITUINTE DE ESPAÇO QUALIFICADO;SERIADA DE DURAÇÃO INDETERMINADA;2538;47;2026;2026;COMUNICAÇÃO ELETRÔNICA DE MASSA POR ASSINATURA (TV PAGA);NÃO;UNIVERSO ONLINE S.A.;01.109.184/0001-95;SP;SÃO PAULO
O PREFEITO IMPEACHMADO - AS RELAÇÕES DE PODER E HOMOFOBIA NA ANTIGA MACAÉ;B2600049400000;23/02/2026;DEFERIDO;DOCUMENTÁRIO;;BRASILEIRA INDEPENDENTE CONSTITUINTE DE ESPAÇO QUALIFICADO;NÃO SERIADA;41,5;;2025;;OUTROS MERCADOS - VÍDEO POR DEMANDA;NÃO;OUTRAR PRODUÇÃO ARTÍSTICA LTDA;41.102.390/0001-98;RJ;MACAÉ
O PROJETO;B2600214200000;03/07/2026;DEFERIDO;DOCUMENTÁRIO;;BRASILEIRA INDEPENDENTE CONSTITUINTE DE ESPAÇO QUALIFICADO;NÃO SERIADA;94,2;;2026;;SALAS DE EXIBIÇÃO;NÃO;GULLANE ENTRETENIMENTO S.A.;01.378.559/0001-12;SP;SÃO PAULO
O QUE AINDA NOS MOVE;B2600174000000;26/05/2026;DEFERIDO;DOCUMENTÁRIO;;BRASILEIRA CONSTITUINTE DE ESPAÇO QUALIFICADO;NÃO SERIADA;21,1;;2026;;VIDEO DOMÉSTICO;NÃO;FUNDAÇÃO OSWALDO CRUZ;33.781.055/0001-35;RJ;RIO DE JANEIRO
O QUE CORRE EM NÓS;B2600256600000;04/08/2026;DEFERIDO;FICÇÃO;;BRASILEIRA INDEPENDENTE CONSTITUINTE DE ESPAÇO QUALIFICADO;NÃO SERIADA;42;;2026;;SALAS DE EXIBIÇÃO;NÃO;EUDAEMONIA PROJETOS DIGITAIS LTDA;53.870.114/0001-59;SP;CAMPINAS
O QUE DIZ A LEI DE PLANEJAMENTO FAMILIAR SOBRE A LAQUEADURA?;B2600151900000;07/05/2026;DEFERIDO;VARIEDADES;Vídeoaula;BRASILEIRA INDEPENDENTE CONSTITUINTE DE ESPAÇO QUALIFICADO;NÃO SERIADA;2,4;;2026;;VIDEO DOMÉSTICO;NÃO;LAUANY SILVA DE MEDEIROS;PESSOA FÍSICA;PA;TUCURUÍ
O QUE SOBRA;B2600235200000;21/07/2026;DEFERIDO;VÍDEOMUSICAL;Registro de Eventos;BRASILEIRA INDEPENDENTE CONSTITUINTE DE ESPAÇO QUALIFICADO;NÃO SERIADA;2,8;;2026;;COMUNICAÇÃO ELETRÔNICA DE MASSA POR ASSINATURA (TV PAGA);NÃO;SALDOCE PRODUCOES ARTISTICAS LTDA;56.971.052/0001-60;RJ;RIO DE JANEIRO
O QUE É A GASTROSTOMIA ENDOSCÓPICA PERCUTÂNEA?;B2600061400000;26/02/2026;DEFERIDO;VARIEDADES;Vídeoaula;BRASILEIRA CONSTITUINTE DE ESPAÇO QUALIFICADO;NÃO SERIADA;1,8;;2026;;OUTROS MERCADOS;NÃO;HYANDRA GOMES DE ALMEIDA SOUSA SIQUEIRA;PESSOA FÍSICA;MA;AÇAILÂNDIA
O QUE É A LAQUEADURA E COMO FUNCIONA O PROCEDIMENTO;B2600063800000;27/02/2026;DEFERIDO;VARIEDADES;Vídeoaula;BRASILEIRA INDEPENDENTE CONSTITUINTE DE ESPAÇO QUALIFICADO;NÃO SERIADA;1,8;;2026;;VIDEO DOMÉSTICO;NÃO;LAUANY SILVA DE MEDEIROS;PESSOA FÍSICA;PA;TUCURUÍ
O QUE É AMAR?;B2600028200000;30/01/2026;DEFERIDO;VÍDEOMUSICAL;;BRASILEIRA INDEPENDENTE CONSTITUINTE DE ESPAÇO QUALIFICADO;NÃO SERIADA;4,2;;2026;;COMUNICAÇÃO ELETRÔNICA DE MASSA POR ASSINATURA (TV PAGA);NÃO;53.450.239 ANA PAULA BOVI VALLILO;53.450.239/0001-20;SP;SANTANA DE PARNAÍBA
O REFÚGIO;B2600075600000;12/03/2026;DEFERIDO;DOCUMENTÁRIO;;BRASILEIRA INDEPENDENTE CONSTITUINTE DE ESPAÇO QUALIFICADO;NÃO SERIADA;52,8;;2026;;OUTROS MERCADOS - VÍDEO POR DEMANDA;NÃO;LAS RAMBLAS EDITORA E PRODUÇÕES ARTÍSTICAS LTDA.;12.259.329/0001-50;RJ;RIO DE JANEIRO
O REI DA INTERNET;B2600070200000;06/03/2026;DEFERIDO;FICÇÃO;;BRASILEIRA INDEPENDENTE CONSTITUINTE DE ESPAÇO QUALIFICADO;NÃO SERIADA;135,6;;2026;;SALAS DE EXIBIÇÃO;NÃO;CLUBTV PRODUÇÕES E ENTRETENIMENTO LTDA;07.276.440/0001-15;SP;SÃO PAULO
O RETORNO;B2600003900000;06/01/2026;DEFERIDO;FICÇÃO;;BRASILEIRA INDEPENDENTE CONSTITUINTE DE ESPAÇO QUALIFICADO;NÃO SERIADA;128,6;;2026;;OUTROS MERCADOS - VÍDEO POR DEMANDA;NÃO;PARAISO FILMES LTDA;32.267.625/0001-00;SP;JUNDIAÍ
O RETORNO;B2600252200000;29/07/2026;DEFERIDO;DOCUMENTÁRIO;;BRASILEIRA INDEPENDENTE CONSTITUINTE DE ESPAÇO QUALIFICADO;NÃO SERIADA;15,1;;2026;;SALAS DE EXIBIÇÃO;NÃO;FALANGE PRODUÇÕES LTDA;31.406.594/0001-69;RS;PORTO ALEGRE
O RETORNO 2;B2600002400000;05/01/2026;DEFERIDO;FICÇÃO;;BRASILEIRA INDEPENDENTE CONSTITUINTE DE ESPAÇO QUALIFICADO;NÃO SERIADA;78,4;;2026;;OUTROS MERCADOS - VÍDEO POR DEMANDA;NÃO;PARAISO FILMES LTDA;32.267.625/0001-00;SP;JUNDIAÍ
O RETORNO 3 - O GRANDE CONFLITO.;B2600111200000;13/04/2026;DEFERIDO;FICÇÃO;;BRASILEIRA INDEPENDENTE CONSTITUINTE DE ESPAÇO QUALIFICADO;NÃO SERIADA;89,1;;2026;;OUTROS MERCADOS - VÍDEO POR DEMANDA;NÃO;PARAISO FILMES LTDA;32.267.625/0001-00;SP;JUNDIAÍ
O RETORNO DA MACABRA BIBLIOTECA DO DR. LUCCHETTI;B2600184900000;08/06/2026;DEFERIDO;FICÇÃO;;BRASILEIRA CONSTITUINTE DE ESPAÇO QUALIFICADO;NÃO SERIADA;52,6;;2026;;VIDEO DOMÉSTICO;NÃO;VIGOR MORTIS PRODUÇÕES ARTISTICAS LTDA;05.980.535/0001-90;PR;CURITIBA
O RIO QUE ME BEIJA;B2600250700000;29/07/2026;DEFERIDO;DOCUMENTÁRIO;;BRASILEIRA INDEPENDENTE CONSTITUINTE DE ESPAÇO QUALIFICADO;NÃO SERIADA;13,2;;2026;;NENHUMA DAS OPÇÕES;NÃO;G. L. MAGRI BARRADAS;04.483.967/0001-22;MT;CUIABÁ
O RISO E A FACA;B2600022000000;26/01/2026;DEFERIDO;FICÇÃO;;BRASILEIRA INDEPENDENTE CONSTITUINTE DE ESPAÇO QUALIFICADO;NÃO SERIADA;217,0;;2026;;SALAS DE EXIBIÇÃO;SIM;BUBBLES PRODUÇÕES ARTÍSTICAS LTDA;14.440.714/0001-25;RJ;RIO DE JANEIRO
O SACI DO ESPRAIADO;B2600111300000;13/04/2026;DEFERIDO;FICÇÃO;;BRASILEIRA CONSTITUINTE DE ESPAÇO QUALIFICADO;NÃO SERIADA;5;;2026;;SALAS DE EXIBIÇÃO;NÃO;47.052.435 RICARDO DE SOUZA ARAUJO;47.052.435/0001-43;RJ;MARICÁ
O SAL DA TERRA - PAULO MIKLOS;B2600139500000;29/04/2026;DEFERIDO;VÍDEOMUSICAL;Registro de Eventos;BRASILEIRA INDEPENDENTE CONSTITUINTE DE ESPAÇO QUALIFICADO;NÃO SERIADA;3,2;;2026;;COMUNICAÇÃO ELETRÔNICA DE MASSA POR ASSINATURA (TV PAGA);NÃO;DECK PRODUÇÕES ARTÍSTICAS LTDA;30.253.090/0001-93;RJ;RIO DE JANEIRO
O SALTO;B2600059900000;25/02/2026;DEFERIDO;FICÇÃO;;BRASILEIRA CONSTITUINTE DE ESPAÇO QUALIFICADO;NÃO SERIADA;12,9;;2026;;OUTROS MERCADOS - AUDIOVISUAL EM CIRCUITO RESTRITO;NÃO;CAMILLA TRIGONA BARROS;PESSOA FÍSICA;RJ;RIO DE JANEIRO
O SAMBA ANTES DO SAMBA;B2600187300000;09/06/2026;DEFERIDO;DOCUMENTÁRIO;;BRASILEIRA INDEPENDENTE CONSTITUINTE DE ESPAÇO QUALIFICADO;NÃO SERIADA;72,8;;2026;;SALAS DE EXIBIÇÃO;NÃO;TEM DENDÊ PRODUÇÕES LTDA;15.128.758/0001-87;BA;SALVADOR
O SAMBA QUE MORA AQUI;B2600148600000;06/05/2026;DEFERIDO;DOCUMENTÁRIO;;BRASILEIRA INDEPENDENTE CONSTITUINTE DE ESPAÇO QUALIFICADO;NÃO SERIADA;83,8;;2026;;SALAS DE EXIBIÇÃO;NÃO;CARANGUEJEIRA COMUNICACAO E PRODUCAO AUDIOVISUAL LTDA ME.;12.345.593/0001-07;BA;SALVADOR
O SAMBA QUE MORA AQUI - 2ª TEMPORADA;B2600017700000;21/01/2026;DEFERIDO;DOCUMENTÁRIO;;BRASILEIRA INDEPENDENTE CONSTITUINTE DE ESPAÇO QUALIFICADO;SERIADA EM MÚLTIPLAS TEMPORADAS;208;8;2026;2026;RADIODIFUSÃO DE SONS E IMAGENS (TV ABERTA);NÃO;CARANGUEJEIRA COMUNICACAO E PRODUCAO AUDIOVISUAL LTDA ME.;12.345.593/0001-07;BA;SALVADOR
O SAMBA SE FAZ;B2600244900000;26/07/2026;DEFERIDO;VÍDEOMUSICAL;;BRASILEIRA INDEPENDENTE CONSTITUINTE DE ESPAÇO QUALIFICADO;NÃO SERIADA;4;;2024;;OUTROS MERCADOS - VÍDEO POR DEMANDA;NÃO;C J FERNANDES;10.216.108/0001-70;SP;TABOÃO DA SERRA
O SANGUE QUE A TERRA GUARDA;B2600255900000;04/08/2026;DEFERIDO;FICÇÃO;;BRASILEIRA INDEPENDENTE CONSTITUINTE DE ESPAÇO QUALIFICADO;NÃO SERIADA;98,3;;2026;;SALAS DE EXIBIÇÃO;NÃO;GMD E COSTA AUDIOVISUAL LTDA.;39.299.884/0001-62;SP;SÃO PAULO
O SEGREDO SAGRADO;B2600199400000;19/06/2026;DEFERIDO;ANIMAÇÃO;;BRASILEIRA INDEPENDENTE CONSTITUINTE DE ESPAÇO QUALIFICADO;NÃO SERIADA;12,8;;2026;;OUTROS MERCADOS;NÃO;CARAPIA FILMES LTDA;38.656.042/0001-58;MG;BELO HORIZONTE
O SEPULCRO DA REPÚBLICA - O ESPAÇO CEMITERIAL MACAENSE COMO FONTE DE PATRIMÔNIO E MEMÓRIA;B2600026900000;29/01/2026;DEFERIDO;DOCUMENTÁRIO;;BRASILEIRA INDEPENDENTE CONSTITUINTE DE ESPAÇO QUALIFICADO;NÃO SERIADA;26,8;;2025;;OUTROS MERCADOS - VÍDEO POR DEMANDA;NÃO;OUTRAR PRODUÇÃO ARTÍSTICA LTDA;41.102.390/0001-98;RJ;MACAÉ
O SERTÃO É DENTRO DA GENTE;B2600188300000;10/06/2026;DEFERIDO;DOCUMENTÁRIO;;BRASILEIRA CONSTITUINTE DE ESPAÇO QUALIFICADO;NÃO SERIADA;19,5;;2026;;SALAS DE EXIBIÇÃO;NÃO;DANIEL NEVES DE ANDRADE;PESSOA FÍSICA;SP;GUARULHOS
O SHAOLIN DO SERTÃO 2;B2600232900000;17/07/2026;DEFERIDO;FICÇÃO;;BRASILEIRA INDEPENDENTE CONSTITUINTE DE ESPAÇO QUALIFICADO;NÃO SERIADA;106,1;;2026;;SALAS DE EXIBIÇÃO;NÃO;ATC ENTRETENIMENTOS LTDA.;02.008.424/0001-28;CE;AQUIRAZ
O SHOW DA LUNA! NONA TEMPORADA;B2600123800000;22/04/2026;DEFERIDO;ANIMAÇÃO;;BRASILEIRA INDEPENDENTE CONSTITUINTE DE ESPAÇO QUALIFICADO;SERIADA EM MÚLTIPLAS TEMPORADAS;121,1;11;2026;2026;COMUNICAÇÃO ELETRÔNICA DE MASSA POR ASSINATURA (TV PAGA);NÃO;PG - PRODUÇÕES DE CINEMA VÍDEO E TV LTDA;01.161.933/0001-23;SP;SÃO PAULO
O SILÊNCIO DOS CORAIS;B2600245100000;27/07/2026;DEFERIDO;DOCUMENTÁRIO;;BRASILEIRA INDEPENDENTE CONSTITUINTE DE ESPAÇO QUALIFICADO;NÃO SERIADA;52,7;;2026;;COMUNICAÇÃO ELETRÔNICA DE MASSA POR ASSINATURA (TV PAGA);NÃO;RJ SERVICOS CINE GROUP LTDA;13.021.376/0001-24;RJ;RIO DE JANEIRO
O SOL QUE HÁ EM TI;B2600122300000;20/04/2026;DEFERIDO;VÍDEOMUSICAL;;BRASILEIRA CONSTITUINTE DE ESPAÇO QUALIFICADO;NÃO SERIADA;5,1;;2026;;RADIODIFUSÃO DE SONS E IMAGENS (TV ABERTA);NÃO;RODRIGO OLIVEIRA DE MEDEIROS;31.635.531/0001-84;MG;BELO HORIZONTE
O SOLAR DOS PRAZERES NOTURNOS;B2600142200000;30/04/2026;DEFERIDO;FICÇÃO;;BRASILEIRA INDEPENDENTE CONSTITUINTE DE ESPAÇO QUALIFICADO;NÃO SERIADA;29;;2026;;COMUNICAÇÃO ELETRÔNICA DE MASSA POR ASSINATURA (TV PAGA);NÃO;MATHEUS MARCHETTI BERNA PETRARCA DE ARAUJO;PESSOA FÍSICA;SP;SÃO PAULO
O SONHO DE FRANCES;B2600223000000;10/07/2026;DEFERIDO;FICÇÃO;;BRASILEIRA INDEPENDENTE CONSTITUINTE DE ESPAÇO QUALIFICADO;NÃO SERIADA;10,3;;2026;;OUTROS MERCADOS - VÍDEO POR DEMANDA;NÃO;NOXE FILMES LTDA;57.226.032/0001-27;RS;PORTO ALEGRE
O SONHO DO MENINO BENJAMIM;B2600228000000;14/07/2026;DEFERIDO;ANIMAÇÃO;;BRASILEIRA INDEPENDENTE CONSTITUINTE DE ESPAÇO QUALIFICADO;NÃO SERIADA;14;;2026;;SALAS DE EXIBIÇÃO;NÃO;COMPANHIA DAS ARTES PRODUÇÕES ARTÍSTICAS, CULTURAIS E EDUCATIVAS LTDA. ME;00.630.754/0001-25;SP;RIBEIRÃO PIRES
O TEMPO E A DISTÂNCIA;B2600056400000;24/02/2026;DEFERIDO;VÍDEOMUSICAL;;BRASILEIRA CONSTITUINTE DE ESPAÇO QUALIFICADO;NÃO SERIADA;3;;2026;;COMUNICAÇÃO ELETRÔNICA DE MASSA POR ASSINATURA (TV PAGA);NÃO;MARIANA LAVIAGUERRE PORTO;PESSOA FÍSICA;SP;SÃO PAULO
O TESTAMENTO: O SEGREDO DE ANITA HARLEY;B2600047300000;19/02/2026;DEFERIDO;DOCUMENTÁRIO;;BRASILEIRA CONSTITUINTE DE ESPAÇO QUALIFICADO;SERIADA EM TEMPORADA ÚNICA;160;4;2025;2025;RADIODIFUSÃO DE SONS E IMAGENS (TV ABERTA);NÃO;GLOBO COMUNICACAO E PARTICIPACOES S/A;27.865.757/0001-02;RJ;RIO DE JANEIRO
O TIRA-DENTES;B2600170700000;25/05/2026;DEFERIDO;FICÇÃO;;BRASILEIRA INDEPENDENTE CONSTITUINTE DE ESPAÇO QUALIFICADO;NÃO SERIADA;25,0;;2026;;SALAS DE EXIBIÇÃO;NÃO;VIGOR MORTIS PRODUÇÕES ARTISTICAS LTDA;05.980.535/0001-90;PR;CURITIBA
O VENENO DE DEUS;B2600171800000;25/05/2026;DEFERIDO;FICÇÃO;;BRASILEIRA CONSTITUINTE DE ESPAÇO QUALIFICADO;NÃO SERIADA;89;;2026;;SALAS DE EXIBIÇÃO;NÃO;SOY SOLO FILME PRODUCOES ARTISTICA LTDA;11.634.390/0001-78;RJ;RIO DE JANEIRO
O VENTO VAI REAGIR;B2600228400000;15/07/2026;DEFERIDO;DOCUMENTÁRIO;;BRASILEIRA INDEPENDENTE CONSTITUINTE DE ESPAÇO QUALIFICADO;NÃO SERIADA;98,9;;2026;;SALAS DE EXIBIÇÃO;NÃO;DIAZUL DE CINEMA PRODUÇÕES ARTÍSTICAS E AUDIOVISUAIS LTDA;07.766.096/0001-42;DF;BRASÍLIA
O VÉU;B2600224400000;13/07/2026;DEFERIDO;FICÇÃO;;BRASILEIRA INDEPENDENTE CONSTITUINTE DE ESPAÇO QUALIFICADO;NÃO SERIADA;19,9;;2026;;OUTROS MERCADOS - AUDIOVISUAL EM CIRCUITO RESTRITO;NÃO;ONOMATO SOLUÇÕES E CONTEÚDO LTDA - ME;08.836.147/0001-28;RS;PORTO ALEGRE
O ÚLTIMO CHÃO DA TERRA;B2600045900000;19/02/2026;DEFERIDO;DOCUMENTÁRIO;;BRASILEIRA INDEPENDENTE CONSTITUINTE DE ESPAÇO QUALIFICADO;NÃO SERIADA;55,5;;2026;;OUTROS MERCADOS - AUDIOVISUAL EM CIRCUITO RESTRITO;NÃO;DDK DIGITAL LTDA - EPP;17.713.833/0001-00;RJ;RIO DE JANEIRO
O ÚLTIMO DOMINGO;B2600035900000;05/02/2026;DEFERIDO;FICÇÃO;;BRASILEIRA INDEPENDENTE CONSTITUINTE DE ESPAÇO QUALIFICADO;NÃO SERIADA;21,6;;2026;;SALAS DE EXIBIÇÃO;NÃO;ANNA CAROLINA FRANCISCO PRODUÇÕES, CINEMATOGRÁFICAS, VIDEOFONOGRÁFICAS E ARTÍSTICAS;17.247.188/0001-70;SP;SÃO PAULO
O ÚLTIMO ROMÂNTICO;B2600278900000;21/08/2026;DEFERIDO;VÍDEOMUSICAL;Registro de Eventos;BRASILEIRA CONSTITUINTE DE ESPAÇO QUALIFICADO;NÃO SERIADA;3,3;;2026;;COMUNICAÇÃO ELETRÔNICA DE MASSA POR ASSINATURA (TV PAGA);NÃO;SILMAR ROSA GARCIA LTDA;28.199.343/0001-46;SP;SÃO PAULO
OBESO MÓRBIDO;B2600214000000;03/07/2026;DEFERIDO;FICÇÃO;;BRASILEIRA INDEPENDENTE CONSTITUINTE DE ESPAÇO QUALIFICADO;NÃO SERIADA;93,8;;2026;;SALAS DE EXIBIÇÃO;NÃO;ARTRUPE PRODUCOES ARTISTICAS LTDA - ME;15.724.988/0001-09;AM;MANAUS
OBRIGADA...;B2600263600000;09/08/2026;DEFERIDO;ANIMAÇÃO;;BRASILEIRA INDEPENDENTE CONSTITUINTE DE ESPAÇO QUALIFICADO;NÃO SERIADA;2,0;;2026;;SALAS DE EXIBIÇÃO;NÃO;LAURIANE LACORTH FLACH;PESSOA FÍSICA;SC;ITAPEMA
OBSESSÃO;B2600073200000;10/03/2026;DEFERIDO;VÍDEOMUSICAL;;BRASILEIRA INDEPENDENTE CONSTITUINTE DE ESPAÇO QUALIFICADO;NÃO SERIADA;2,4;;2026;;COMUNICAÇÃO ELETRÔNICA DE MASSA POR ASSINATURA (TV PAGA);NÃO;53.450.239 ANA PAULA BOVI VALLILO;53.450.239/0001-20;SP;SANTANA DE PARNAÍBA
OBSOLESCÊNCIA PROGRAMADA;B2600110700000;13/04/2026;DEFERIDO;FICÇÃO;;BRASILEIRA INDEPENDENTE CONSTITUINTE DE ESPAÇO QUALIFICADO;NÃO SERIADA;21,4;;2026;;SALAS DE EXIBIÇÃO;NÃO;CONDE DE IRAJÁ PRODUÇÕES LTDA ME;07.763.281/0001-83;RJ;RIO DE JANEIRO
OCEÂNICO;B2600043300000;12/02/2026;DEFERIDO;FICÇÃO;;BRASILEIRA INDEPENDENTE CONSTITUINTE DE ESPAÇO QUALIFICADO;NÃO SERIADA;94,8;;2026;;SALAS DE EXIBIÇÃO;NÃO;MATIZAR PRODUÇÕES ARTÍSTICAS LTDA;04.939.205/0001-98;RJ;RIO DE JANEIRO
OCTAVIO III – O IMPERADOR;B2600076300000;12/03/2026;DEFERIDO;DOCUMENTÁRIO;;BRASILEIRA INDEPENDENTE CONSTITUINTE DE ESPAÇO QUALIFICADO;NÃO SERIADA;58,1;;2026;;COMUNICAÇÃO ELETRÔNICA DE MASSA POR ASSINATURA (TV PAGA);NÃO;CAVIDEO PRODUÇÕES COMÉRCIO E LOCAÇÃO DE FILMES LTDA;01.666.326/0001-15;RJ;RIO DE JANEIRO
OCTORAMA - DUOLIVE | DUOVERSO AO VIVO;B2600130300000;27/04/2026;DEFERIDO;VÍDEOMUSICAL;Registro de Eventos;BRASILEIRA CONSTITUINTE DE ESPAÇO QUALIFICADO;NÃO SERIADA;36,2;;2025;;COMUNICAÇÃO ELETRÔNICA DE MASSA POR ASSINATURA (TV PAGA);NÃO;BRUNO LUIZ SILVEIRA SOUZA;PESSOA FÍSICA;MG;PARAISÓPOLIS
OESTE COM ELAS;B2600032300000;03/02/2026;DEFERIDO;JORNALÍSTICA;;COMUM;SERIADA DE DURAÇÃO INDETERMINADA;31800;265;2026;2026;COMUNICAÇÃO ELETRÔNICA DE MASSA POR ASSINATURA (TV PAGA);NÃO;EDITORA TIPUANA LTDA.;19.608.677/0001-35;SP;SÃO PAULO
OESTE CULTURA;B2600158700000;15/05/2026;DEFERIDO;VARIEDADES;;BRASILEIRA CONSTITUINTE DE ESPAÇO QUALIFICADO;SERIADA DE DURAÇÃO INDETERMINADA;4680;52;2026;2026;COMUNICAÇÃO ELETRÔNICA DE MASSA POR ASSINATURA (TV PAGA);NÃO;EDITORA TIPUANA LTDA.;19.608.677/0001-35;SP;SÃO PAULO
OESTE CULTURA;B2600063600000;27/02/2026;DEFERIDO;VARIEDADES;;BRASILEIRA CONSTITUINTE DE ESPAÇO QUALIFICADO;SERIADA EM MÚLTIPLAS TEMPORADAS;2340;26;2026;2026;COMUNICAÇÃO ELETRÔNICA DE MASSA POR ASSINATURA (TV PAGA);NÃO;EDITORA TIPUANA LTDA.;19.608.677/0001-35;SP;SÃO PAULO
OESTE NEGÓCIOS;B2600031900000;03/02/2026;DEFERIDO;JORNALÍSTICA;;COMUM;SERIADA DE DURAÇÃO INDETERMINADA;1710;57;2026;2026;COMUNICAÇÃO ELETRÔNICA DE MASSA POR ASSINATURA (TV PAGA);NÃO;EDITORA TIPUANA LTDA.;19.608.677/0001-35;SP;SÃO PAULO
OESTE SAÚDE;B2600032200000;03/02/2026;DEFERIDO;JORNALÍSTICA;;COMUM;SERIADA DE DURAÇÃO INDETERMINADA;1590;53;2026;2026;COMUNICAÇÃO ELETRÔNICA DE MASSA POR ASSINATURA (TV PAGA);NÃO;EDITORA TIPUANA LTDA.;19.608.677/0001-35;SP;SÃO PAULO
OESTE SEM FILTRO;B2600032000000;03/02/2026;DEFERIDO;JORNALÍSTICA;;COMUM;SERIADA DE DURAÇÃO INDETERMINADA;31200;260;2026;2026;COMUNICAÇÃO ELETRÔNICA DE MASSA POR ASSINATURA (TV PAGA);NÃO;EDITORA TIPUANA LTDA.;19.608.677/0001-35;SP;SÃO PAULO
OITICICA - ÁGUAS QUE MOLDAM HISTÓRIAS;B2600277500000;20/08/2026;DEFERIDO;DOCUMENTÁRIO;;BRASILEIRA INDEPENDENTE CONSTITUINTE DE ESPAÇO QUALIFICADO;NÃO SERIADA;12,2;;2026;;OUTROS MERCADOS - VÍDEO POR DEMANDA;NÃO;51.088.135 ANDERSON BRUNO DA SILVA;51.088.135/0001-91;RN;FLORÂNIA
OLHAR DE QUEM NÃO PRESTA;B2600159200000;15/05/2026;DEFERIDO;VÍDEOMUSICAL;;BRASILEIRA CONSTITUINTE DE ESPAÇO QUALIFICADO;NÃO SERIADA;2,8;;2026;;COMUNICAÇÃO ELETRÔNICA DE MASSA POR ASSINATURA (TV PAGA);NÃO;CACHOEIRA FILMES PRODUÇÕES EIRELI;29.912.606/0001-85;RJ;RIO DE JANEIRO
OLHO, PALHAÇA, IGUAL, MORTE;B2600181700000;02/06/2026;DEFERIDO;FICÇÃO;;BRASILEIRA INDEPENDENTE CONSTITUINTE DE ESPAÇO QUALIFICADO;NÃO SERIADA;9;;2026;;OUTROS MERCADOS;NÃO;VIGOR MORTIS PRODUÇÕES ARTISTICAS LTDA;05.980.535/0001-90;PR;CURITIBA
OMI - OUTRO MUNDO IMPOSSÍVEL;B2600019200000;22/01/2026;DEFERIDO;FICÇÃO;;BRASILEIRA INDEPENDENTE CONSTITUINTE DE ESPAÇO QUALIFICADO;NÃO SERIADA;5;;2026;;NENHUMA DAS OPÇÕES;NÃO;CASA 7 ARTES LTDA;64.108.930/0001-46;SP;SANTO ANDRÉ
ONDA DE CALOR;B2600172800000;26/05/2026;DEFERIDO;ANIMAÇÃO;;BRASILEIRA CONSTITUINTE DE ESPAÇO QUALIFICADO;NÃO SERIADA;3,8;;2026;;OUTROS MERCADOS - VÍDEO POR DEMANDA;NÃO;SINVAL DE ABRANCHES FERREIRA NETO;PESSOA FÍSICA;MG;JUIZ DE FORA
ONDE FOI QUE ERREI?;B2600085200000;20/03/2026;DEFERIDO;ANIMAÇÃO;;BRASILEIRA INDEPENDENTE CONSTITUINTE DE ESPAÇO QUALIFICADO;NÃO SERIADA;1,4;;2026;;SALAS DE EXIBIÇÃO;NÃO;CAMILO FIGUEIRA MOREIRA;PESSOA FÍSICA;RJ;RIO DE JANEIRO
ONDE NASCE O UNA;B2600107700000;09/04/2026;DEFERIDO;DOCUMENTÁRIO;;BRASILEIRA CONSTITUINTE DE ESPAÇO QUALIFICADO;NÃO SERIADA;13,6;;2026;;VIDEO DOMÉSTICO;NÃO;JOAO DOS SANTOS BARRETO JUNIOR;PESSOA FÍSICA;BA;VALENÇA
ONDE VAMOS PARAR?;B2600251000000;29/07/2026;DEFERIDO;DOCUMENTÁRIO;;BRASILEIRA INDEPENDENTE CONSTITUINTE DE ESPAÇO QUALIFICADO;NÃO SERIADA;6,7;;2026;;NENHUMA DAS OPÇÕES;NÃO;24 QUADROS PRODUÇÕES ARTÍSTICAS LTDA;07.091.213/0001-15;SP;SÃO PAULO
ONÇA SELVAGEM;B2600264500000;10/08/2026;DEFERIDO;VÍDEOMUSICAL;Registro de Eventos;BRASILEIRA INDEPENDENTE CONSTITUINTE DE ESPAÇO QUALIFICADO;NÃO SERIADA;2,7;;2025;;COMUNICAÇÃO ELETRÔNICA DE MASSA POR ASSINATURA (TV PAGA);NÃO;TOPO DO MUNDO EMPREENDIMENTOS ARTISTICOS LTDA;53.712.780/0001-69;RJ;NITERÓI
OPERAÇÃO GUERRA VERDE;B2600109400000;10/04/2026;DEFERIDO;DOCUMENTÁRIO;;BRASILEIRA INDEPENDENTE CONSTITUINTE DE ESPAÇO QUALIFICADO;SERIADA EM TEMPORADA ÚNICA;270,8;10;2026;2026;COMUNICAÇÃO ELETRÔNICA DE MASSA POR ASSINATURA (TV PAGA);NÃO;RADAR CINEMA E TELEVISÃO LTDA;02.947.857/0001-49;SP;COTIA
ORGIA SENSORIAL;B2600118300000;16/04/2026;DEFERIDO;FICÇÃO;Erótico/Pornográfica;COMUM;NÃO SERIADA;18,0;;2025;;COMUNICAÇÃO ELETRÔNICA DE MASSA POR ASSINATURA (TV PAGA);NÃO;FEVER FILMES PRODUÇÕES LTDA;36.540.172/0001-03;SP;SÃO PAULO
ORIGENS;B2600043700000;12/02/2026;DEFERIDO;DOCUMENTÁRIO;;BRASILEIRA CONSTITUINTE DE ESPAÇO QUALIFICADO;SERIADA EM MÚLTIPLAS TEMPORADAS;624;26;2026;2026;RADIODIFUSÃO DE SONS E IMAGENS (TV ABERTA);NÃO;TELEVISAO CACHOEIRA DO SUL LTDA;89.784.037/0001-61;RS;CACHOEIRA DO SUL
ORIGINÁRIAS;B2600158100000;14/05/2026;DEFERIDO;DOCUMENTÁRIO;;BRASILEIRA INDEPENDENTE CONSTITUINTE DE ESPAÇO QUALIFICADO;NÃO SERIADA;72,6;;2026;;SALAS DE EXIBIÇÃO;NÃO;MÃE D'ÁGUA PRODUÇÕES CINEMATOGRÁFICAS LTDA;26.313.857/0001-55;BA;SALVADOR
ORQUESTRA À BASE DE SOPRO CONVIDA GRUPO FATO;B2600143000000;02/05/2026;DEFERIDO;VÍDEOMUSICAL;Registro de Eventos;BRASILEIRA INDEPENDENTE CONSTITUINTE DE ESPAÇO QUALIFICADO;NÃO SERIADA;63,5;;2025;;OUTROS MERCADOS - VÍDEO POR DEMANDA;NÃO;OQUELATÁ QUELATEJE PRODUÇÕES ARTÍSTICAS LTDA.;04.455.849/0001-00;PR;CURITIBA
ORÍ VIVÊNCIAS;B2600252500000;30/07/2026;DEFERIDO;DOCUMENTÁRIO;;BRASILEIRA CONSTITUINTE DE ESPAÇO QUALIFICADO;NÃO SERIADA;27,7;;2026;;SALAS DE EXIBIÇÃO;NÃO;ELICARLAS ALMEIDA DO ROSARIO;PESSOA FÍSICA;BA;SALVADOR
OS 4 VENTOS DO XINGU;B2600123700000;22/04/2026;DEFERIDO;DOCUMENTÁRIO;;BRASILEIRA INDEPENDENTE CONSTITUINTE DE ESPAÇO QUALIFICADO;NÃO SERIADA;72,5;;2026;;COMUNICAÇÃO ELETRÔNICA DE MASSA POR ASSINATURA (TV PAGA);NÃO;BEAUVOIR - ARTE E COMUNICAÇÃO LTDA;22.915.863/0001-21;SP;SÃO PAULO
OS ARCOS DOURADOS DE OLINDA;B2600096700000;27/03/2026;DEFERIDO;DOCUMENTÁRIO;;BRASILEIRA INDEPENDENTE CONSTITUINTE DE ESPAÇO QUALIFICADO;NÃO SERIADA;24,5;;2026;;SALAS DE EXIBIÇÃO;NÃO;43.744.793 DOUGLAS HENRIQUE GOMES DOS SANTOS;43.744.793/0001-66;PE;OLINDA
OS AVÓS;B2600267400000;14/08/2026;DEFERIDO;DOCUMENTÁRIO;;BRASILEIRA INDEPENDENTE CONSTITUINTE DE ESPAÇO QUALIFICADO;NÃO SERIADA;96,2;;2026;;OUTROS MERCADOS;NÃO;A. L. PIMENTEL DOS SANTOS LTDA;20.160.448/0001-80;AM;MANAUS
OS BEATOS;B2600267600000;14/08/2026;DEFERIDO;FICÇÃO;;BRASILEIRA INDEPENDENTE CONSTITUINTE DE ESPAÇO QUALIFICADO;NÃO SERIADA;25;;2026;;SALAS DE EXIBIÇÃO;SIM;FRANCO PRODUCOES, FILMES, EVENTOS E PROMOCOES LTDA;39.183.983/0001-84;RJ;RIO DE JANEIRO
OS CURIÓS;B2600249400000;29/07/2026;DEFERIDO;DOCUMENTÁRIO;;BRASILEIRA INDEPENDENTE CONSTITUINTE DE ESPAÇO QUALIFICADO;NÃO SERIADA;20;;2026;;OUTROS MERCADOS;NÃO;MARGOT FILMES LTDA;00.198.170/0001-22;SC;CHAPECÓ
OS DESEJOS DA IZABELLA;B2600146000000;05/05/2026;DEFERIDO;FICÇÃO;Erótico/Pornográfica;COMUM;NÃO SERIADA;61;;2026;;COMUNICAÇÃO ELETRÔNICA DE MASSA POR ASSINATURA (TV PAGA);NÃO;LUZ VERMELHA FILMES - PRODUTORA DE CINEMA E VÍDEO LTDA;09.152.063/0001-38;SP;SÃO PAULO
OS EMERGENTES;B2600100300000;31/03/2026;DEFERIDO;FICÇÃO;;BRASILEIRA INDEPENDENTE CONSTITUINTE DE ESPAÇO QUALIFICADO;NÃO SERIADA;88,8;;2026;;OUTROS MERCADOS - VÍDEO POR DEMANDA;NÃO;OJG MARKETING ESPORTIVO E CULTURAL LTDA -EPP;23.649.143/0001-24;RJ;RIO DE JANEIRO
OS OUTROS - 3ª TEMPORADA;B2600077800000;13/03/2026;DEFERIDO;FICÇÃO;;BRASILEIRA CONSTITUINTE DE ESPAÇO QUALIFICADO;SERIADA EM MÚLTIPLAS TEMPORADAS;540;12;2026;2026;RADIODIFUSÃO DE SONS E IMAGENS (TV ABERTA);NÃO;GLOBO COMUNICACAO E PARTICIPACOES S/A;27.865.757/0001-02;RJ;RIO DE JANEIRO
OS ROMEIROS DE COUTINHO;B2600012700000;15/01/2026;DEFERIDO;DOCUMENTÁRIO;;BRASILEIRA INDEPENDENTE CONSTITUINTE DE ESPAÇO QUALIFICADO;NÃO SERIADA;80;;2026;;COMUNICAÇÃO ELETRÔNICA DE MASSA POR ASSINATURA (TV PAGA);NÃO;FILMES DE BANANOLA LTDA;22.534.164/0001-31;AL;ARAPIRACA
OS SEGREDOS DE SÃO MIGUEL ARCANJO;B2600279800000;22/08/2026;DEFERIDO;DOCUMENTÁRIO;;BRASILEIRA INDEPENDENTE CONSTITUINTE DE ESPAÇO QUALIFICADO;NÃO SERIADA;70;;2026;;OUTROS MERCADOS;NÃO;STONE ENTERTAINMENT LTDA - ME;24.447.024/0001-51;GO;GOIÂNIA
OS SEGREDOS DE UMA CASADA;B2600103400000;03/04/2026;DEFERIDO;FICÇÃO;Erótico/Pornográfica;COMUM;NÃO SERIADA;68,6;;2026;;COMUNICAÇÃO ELETRÔNICA DE MASSA POR ASSINATURA (TV PAGA);NÃO;PAULA CRISTINA MANN LTDA;21.942.299/0001-73;SP;SÃO PAULO
OS SENHORES DA GUERRA PARTE I PASSO DAS CARRETAS;B2600068500000;05/03/2026;DEFERIDO;FICÇÃO;;BRASILEIRA INDEPENDENTE CONSTITUINTE DE ESPAÇO QUALIFICADO;NÃO SERIADA;83,1;;2026;;SALAS DE EXIBIÇÃO;NÃO;WALPER RUAS PRODUÇÕES LTDA;05.456.798/0001-02;RS;PORTO ALEGRE
OS SENTIDOS DAS PEDRAS;B2600037600000;09/02/2026;DEFERIDO;DOCUMENTÁRIO;;BRASILEIRA CONSTITUINTE DE ESPAÇO QUALIFICADO;NÃO SERIADA;30;;2026;;RADIODIFUSÃO DE SONS E IMAGENS (TV ABERTA);NÃO;CARLA VANESSA TROMBINI DE OLIVEIRA;PESSOA FÍSICA;SP;EMBU DAS ARTES
OSTRÊS DESEJOS;B2600110600000;13/04/2026;DEFERIDO;VÍDEOMUSICAL;;BRASILEIRA INDEPENDENTE CONSTITUINTE DE ESPAÇO QUALIFICADO;NÃO SERIADA;4,4;;2026;;COMUNICAÇÃO ELETRÔNICA DE MASSA POR ASSINATURA (TV PAGA);NÃO;LUIZ ALFREDO VERNIERI LOPES;PESSOA FÍSICA;RJ;RIO DE JANEIRO
OUVI DIZER;B2600258900000;05/08/2026;DEFERIDO;VÍDEOMUSICAL;Registro de Eventos;BRASILEIRA INDEPENDENTE CONSTITUINTE DE ESPAÇO QUALIFICADO;NÃO SERIADA;3,4;;2025;;COMUNICAÇÃO ELETRÔNICA DE MASSA POR ASSINATURA (TV PAGA);NÃO;TOPO DO MUNDO EMPREENDIMENTOS ARTISTICOS LTDA;53.712.780/0001-69;RJ;NITERÓI
PACTO ENTRE CANALHAS - O COMBINADO NÃO É CARO;B2600135700000;27/04/2026;DEFERIDO;FICÇÃO;;BRASILEIRA INDEPENDENTE CONSTITUINTE DE ESPAÇO QUALIFICADO;NÃO SERIADA;104,3;;2026;;SALAS DE EXIBIÇÃO;NÃO;CINE KUA NON E LC IMAGENS PRODUCOES RANGEL RODRIGUES LTDA;47.291.206/0001-81;RS;GRAMADO
PACTO INVISÍVEL: A TEIA CLANDESTINA ENTRE O ORIENTE MÉDIO, A FÉ E A AMÉRICA LATINA;B2600266800000;13/08/2026;DEFERIDO;DOCUMENTÁRIO;;BRASILEIRA INDEPENDENTE CONSTITUINTE DE ESPAÇO QUALIFICADO;NÃO SERIADA;75;;2026;;OUTROS MERCADOS - VÍDEO POR DEMANDA;NÃO;JONATHAN MARCELUS ENNS ***********;20.334.940/0001-24;RN;PARNAMIRIM
PAGONEJO BÃO;B2600019000000;21/01/2026;DEFERIDO;VARIEDADES;;BRASILEIRA CONSTITUINTE DE ESPAÇO QUALIFICADO;NÃO SERIADA;45;;2026;;RADIODIFUSÃO DE SONS E IMAGENS (TV ABERTA);NÃO;GLOBO COMUNICACAO E PARTICIPACOES S/A;27.865.757/0001-02;RJ;RIO DE JANEIRO
PAI - DARLAN;B2600268100000;14/08/2026;DEFERIDO;VÍDEOMUSICAL;Registro de Eventos;BRASILEIRA INDEPENDENTE CONSTITUINTE DE ESPAÇO QUALIFICADO;NÃO SERIADA;4,9;;2026;;COMUNICAÇÃO ELETRÔNICA DE MASSA POR ASSINATURA (TV PAGA);NÃO;DECK PRODUÇÕES ARTÍSTICAS LTDA;30.253.090/0001-93;RJ;RIO DE JANEIRO
PALAVRA DE AMIGO;B2600087200000;23/03/2026;DEFERIDO;VÍDEOMUSICAL;;BRASILEIRA INDEPENDENTE CONSTITUINTE DE ESPAÇO QUALIFICADO;NÃO SERIADA;3,8;;2026;;COMUNICAÇÃO ELETRÔNICA DE MASSA POR ASSINATURA (TV PAGA);NÃO;VEGAS CULTURAL LTDA;52.743.723/0001-84;SP;AMERICANA
PALAVRAS PERMANECEM - 2ª TEMPORADA;B2600020200000;22/01/2026;DEFERIDO;DOCUMENTÁRIO;;BRASILEIRA INDEPENDENTE CONSTITUINTE DE ESPAÇO QUALIFICADO;SERIADA EM MÚLTIPLAS TEMPORADAS;159,2;6;2026;2026;COMUNICAÇÃO ELETRÔNICA DE MASSA POR ASSINATURA (TV PAGA);NÃO;AURORA FILMES LTDA.;08.429.784/0001-80;SP;SÃO PAULO
PALCO 30/ 50 VIDA;B2600191200000;11/06/2026;DEFERIDO;VÍDEOMUSICAL;Registro de Eventos;BRASILEIRA INDEPENDENTE CONSTITUINTE DE ESPAÇO QUALIFICADO;NÃO SERIADA;71,3;;2026;;COMUNICAÇÃO ELETRÔNICA DE MASSA POR ASSINATURA (TV PAGA);NÃO;CHÃO NO PÉ PRODUÇÕES LTDA;62.806.366/0001-00;RJ;RIO DE JANEIRO
PALCO DE LUTA;B2600172000000;26/05/2026;DEFERIDO;DOCUMENTÁRIO;;BRASILEIRA INDEPENDENTE CONSTITUINTE DE ESPAÇO QUALIFICADO;NÃO SERIADA;70,3;;2026;;SALAS DE EXIBIÇÃO;NÃO;MOMENTO PRODUCAO ARTISTICA E CULTURAL LTDA;31.370.975/0001-35;DF;BRASÍLIA
PALHAÇAS DO MUNDO - 3A TEMPORADA;B2600263200000;08/08/2026;DEFERIDO;DOCUMENTÁRIO;;BRASILEIRA INDEPENDENTE CONSTITUINTE DE ESPAÇO QUALIFICADO;SERIADA EM MÚLTIPLAS TEMPORADAS;173,4;12;2026;2026;OUTROS MERCADOS - VÍDEO POR DEMANDA;NÃO;NOSSA PRODUTORA PRODUCOES ARTISTICAS LTDA;11.243.804/0001-38;DF;BRASÍLIA
PALHAÇASSINO;B2600004100000;06/01/2026;DEFERIDO;FICÇÃO;;BRASILEIRA INDEPENDENTE CONSTITUINTE DE ESPAÇO QUALIFICADO;NÃO SERIADA;120,2;;2026;;OUTROS MERCADOS - VÍDEO POR DEMANDA;NÃO;HUMANITTI FILMES BRASIL LTDA;53.456.956/0001-69;SP;ITAPEVI
PALOMAM ALECRIM, REINVENTANDO A EXISTENCIA;B2600060000000;25/02/2026;DEFERIDO;DOCUMENTÁRIO;;BRASILEIRA CONSTITUINTE DE ESPAÇO QUALIFICADO;NÃO SERIADA;26;;2026;;OUTROS MERCADOS;NÃO;SÉPIA CINEMA E VÍDEO LTDA;05.577.003/0001-06;MG;DIAMANTINA
PANAMERA;B2600024400000;27/01/2026;DEFERIDO;VÍDEOMUSICAL;;BRASILEIRA CONSTITUINTE DE ESPAÇO QUALIFICADO;NÃO SERIADA;3,4;;2025;;RADIODIFUSÃO DE SONS E IMAGENS (TV ABERTA);NÃO;42 CRIATIVA LTDA;30.908.200/0001-08;BA;SALVADOR
PANQUECAS DE PÊSSEGO;B2600098600000;30/03/2026;DEFERIDO;ANIMAÇÃO;;BRASILEIRA INDEPENDENTE CONSTITUINTE DE ESPAÇO QUALIFICADO;NÃO SERIADA;14,3;;2026;;SALAS DE EXIBIÇÃO;NÃO;MATHEUS HEINZELMANN SOARES ***********;22.852.204/0001-93;RS;PORTO ALEGRE
PANSPIRITUAL;B2600140200000;29/04/2026;DEFERIDO;FICÇÃO;;BRASILEIRA INDEPENDENTE CONSTITUINTE DE ESPAÇO QUALIFICADO;NÃO SERIADA;90,5;;2026;;NENHUMA DAS OPÇÕES;NÃO;NAESSA MARQUES PEREIRA;PESSOA FÍSICA;MG;ARAGUARI
PANTERA NUA;B2600121800000;17/04/2026;DEFERIDO;VÍDEOMUSICAL;Registro de Eventos;BRASILEIRA INDEPENDENTE CONSTITUINTE DE ESPAÇO QUALIFICADO;NÃO SERIADA;3,1;;2019;;SALAS DE EXIBIÇÃO;NÃO;GUAJUPIA FILMES LTDA;50.205.115/0001-90;RJ;RIO DE JANEIRO
PAPO DE SEGUNDA - 18ª TEMPORADA;B2600112400000;14/04/2026;DEFERIDO;VARIEDADES;;BRASILEIRA CONSTITUINTE DE ESPAÇO QUALIFICADO;SERIADA EM TEMPORADA ÚNICA;2100;30;2026;2026;COMUNICAÇÃO ELETRÔNICA DE MASSA POR ASSINATURA (TV PAGA);NÃO;GLOBO COMUNICACAO E PARTICIPACOES S/A;27.865.757/0001-02;RJ;RIO DE JANEIRO
PARA COM ESSA PARADA;B2600149500000;06/05/2026;DEFERIDO;VÍDEOMUSICAL;Registro de Eventos;BRASILEIRA CONSTITUINTE DE ESPAÇO QUALIFICADO;NÃO SERIADA;3,4;;2026;;COMUNICAÇÃO ELETRÔNICA DE MASSA POR ASSINATURA (TV PAGA);NÃO;CAIO NUNES PARANAGUÁ DE ALMEIDA;PESSOA FÍSICA;RJ;RIO DE JANEIRO
PARA CÉSAR;B2600048200000;20/02/2026;DEFERIDO;FICÇÃO;;BRASILEIRA CONSTITUINTE DE ESPAÇO QUALIFICADO;NÃO SERIADA;14,9;;2026;;NENHUMA DAS OPÇÕES;NÃO;GABRIEL JOSÉ BATISTA LIMA;PESSOA FÍSICA;CE;FORTALEZA
PARA VIGO ME VOY!;B2600235700000;22/07/2026;DEFERIDO;DOCUMENTÁRIO;;BRASILEIRA INDEPENDENTE CONSTITUINTE DE ESPAÇO QUALIFICADO;NÃO SERIADA;97,9;;2026;;SALAS DE EXIBIÇÃO;NÃO;KINOTV LTDA.;02.298.682/0001-96;RJ;RIO DE JANEIRO
PARABOLIC PEOPLE;B2600126600000;24/04/2026;DEFERIDO;VARIEDADES;;BRASILEIRA INDEPENDENTE CONSTITUINTE DE ESPAÇO QUALIFICADO;NÃO SERIADA;3,1;;1991;;NENHUMA DAS OPÇÕES;NÃO;MAROLA PRODUCOES CINEMATOGRAFICAS LTDA;17.121.751/0001-69;RJ;RIO DE JANEIRO
PARAENSE;B2600086200000;20/03/2026;DEFERIDO;VÍDEOMUSICAL;Registro de Eventos;BRASILEIRA INDEPENDENTE CONSTITUINTE DE ESPAÇO QUALIFICADO;NÃO SERIADA;2,5;;2026;;COMUNICAÇÃO ELETRÔNICA DE MASSA POR ASSINATURA (TV PAGA);NÃO;LS GAYA PRODUCOES E EDICOES MUSICAIS LTDA;19.119.703/0001-61;RJ;RIO DE JANEIRO
PARAÍSO DE CADA UM;B2600020000000;22/01/2026;DEFERIDO;FICÇÃO;;BRASILEIRA INDEPENDENTE CONSTITUINTE DE ESPAÇO QUALIFICADO;NÃO SERIADA;46,6;;2026;;OUTROS MERCADOS - AUDIOVISUAL EM CIRCUITO RESTRITO;NÃO;UTOPIA FILMES LTDA;46.343.097/0001-36;ES;SERRA
PARDO É PAPEL;B2600218100000;08/07/2026;DEFERIDO;DOCUMENTÁRIO;;BRASILEIRA INDEPENDENTE CONSTITUINTE DE ESPAÇO QUALIFICADO;NÃO SERIADA;92;;2026;;SALAS DE EXIBIÇÃO;NÃO;AZ PRODUÇÃO LTDA;27.692.810/0001-02;RJ;RIO DE JANEIRO
PARTIU: SÃO JOÃO;B2600145200000;04/05/2026;DEFERIDO;VARIEDADES;;BRASILEIRA CONSTITUINTE DE ESPAÇO QUALIFICADO;NÃO SERIADA;60;;2026;;RADIODIFUSÃO DE SONS E IMAGENS (TV ABERTA);NÃO;GLOBO COMUNICACAO E PARTICIPACOES S/A;27.865.757/0001-02;RJ;RIO DE JANEIRO
PARTY PRINCESS;B2600279700000;22/08/2026;DEFERIDO;FICÇÃO;;BRASILEIRA INDEPENDENTE CONSTITUINTE DE ESPAÇO QUALIFICADO;NÃO SERIADA;15;;2026;;SALAS DE EXIBIÇÃO;SIM;NKLS PRODUCOES LTDA;12.521.386/0001-66;SP;SÃO PAULO
PARÁLIATIVANDO;B2600218400000;08/07/2026;DEFERIDO;VARIEDADES;Vídeoaula;BRASILEIRA CONSTITUINTE DE ESPAÇO QUALIFICADO;SERIADA DE DURAÇÃO INDETERMINADA;117,5;4;2026;2026;OUTROS MERCADOS;NÃO;SIMONE DOS SANTOS ABRAÃO PAMPOLHA;PESSOA FÍSICA;PA;BELÉM
PASSE DE MILHÕES;B2600208500000;26/06/2026;DEFERIDO;VARIEDADES;;BRASILEIRA CONSTITUINTE DE ESPAÇO QUALIFICADO;NÃO SERIADA;40;;2026;;RADIODIFUSÃO DE SONS E IMAGENS (TV ABERTA);NÃO;TVSBT CANAL 4 DE SAO PAULO S/A;45.039.237/0001-14;SP;OSASCO
PASSOU DAS 3;B2600044700000;18/02/2026;DEFERIDO;VÍDEOMUSICAL;;BRASILEIRA CONSTITUINTE DE ESPAÇO QUALIFICADO;NÃO SERIADA;3,2;;2025;;COMUNICAÇÃO ELETRÔNICA DE MASSA POR ASSINATURA (TV PAGA);NÃO;EDUARDO RANGEL DA SILVA;PESSOA FÍSICA;RJ;RIO DE JANEIRO
PASTOR COM CORAÇÃO DE MENINO;B2600032500000;04/02/2026;DEFERIDO;DOCUMENTÁRIO;;BRASILEIRA CONSTITUINTE DE ESPAÇO QUALIFICADO;NÃO SERIADA;54;;2025;;RADIODIFUSÃO DE SONS E IMAGENS (TV ABERTA);NÃO;TELEVISAO CACHOEIRA DO SUL LTDA;89.784.037/0001-61;RS;CACHOEIRA DO SUL
PAU D'ARCO;B2600161100000;18/05/2026;DEFERIDO;DOCUMENTÁRIO;;BRASILEIRA INDEPENDENTE CONSTITUINTE DE ESPAÇO QUALIFICADO;NÃO SERIADA;89,5;;2026;;OUTROS MERCADOS - VÍDEO POR DEMANDA;NÃO;TVA2 PRODUÇÕES LTDA.;09.514.942/0001-62;RJ;RIO DE JANEIRO
PECADORA;B2600141800000;30/04/2026;DEFERIDO;FICÇÃO;;BRASILEIRA INDEPENDENTE CONSTITUINTE DE ESPAÇO QUALIFICADO;NÃO SERIADA;113,1;;2026;;SALAS DE EXIBIÇÃO;NÃO;GALERIA DISTRIBUIDORA AUDIOVISUAL LTDA;32.656.607/0001-10;SP;SÃO PAULO
PEDRA DURA QUE PERDURA OU PORQUE OCUPAR;B2600128700000;24/04/2026;DEFERIDO;DOCUMENTÁRIO;;BRASILEIRA CONSTITUINTE DE ESPAÇO QUALIFICADO;NÃO SERIADA;52,6;;2026;;SALAS DE EXIBIÇÃO;NÃO;ALLAN BRASIL DE FREITAS;PESSOA FÍSICA;SP;SÃO PAULO
PEDRA D’ÁGUA: O REINO DOS ENCANTADOS;B2600256500000;04/08/2026;DEFERIDO;DOCUMENTÁRIO;;BRASILEIRA INDEPENDENTE CONSTITUINTE DE ESPAÇO QUALIFICADO;NÃO SERIADA;52,1;;2026;;RADIODIFUSÃO DE SONS E IMAGENS (TV ABERTA);NÃO;BABA PRODUÇÕES CINEMATOGRÁFICAS E ARTÍSTICAS LTDA;16.713.327/0001-40;PE;RECIFE
PEDRA VERMELHA;B2600074100000;11/03/2026;DEFERIDO;DOCUMENTÁRIO;;BRASILEIRA INDEPENDENTE CONSTITUINTE DE ESPAÇO QUALIFICADO;NÃO SERIADA;97,9;;2026;;OUTROS MERCADOS;NÃO;MARGOT FILMES LTDA;00.198.170/0001-22;SC;CHAPECÓ
PEDRAS E RAÍZES: UMA JORNADA ESPELEOLÓGICA VIRTUAL EM PARIPIRANGA – PARIS DO SERTÃO;B2600255400000;03/08/2026;DEFERIDO;DOCUMENTÁRIO;;BRASILEIRA CONSTITUINTE DE ESPAÇO QUALIFICADO;NÃO SERIADA;15;;2026;;SALAS DE EXIBIÇÃO;NÃO;HERALDO AQUINO DE MENEZES NETO ***********;43.338.195/0001-97;BA;PARIPIRANGA
PEDRO BIENEMANN - ONDAS DE CHOQUE E CALOR AO VIVO;B2600260000000;06/08/2026;DEFERIDO;VÍDEOMUSICAL;;BRASILEIRA INDEPENDENTE CONSTITUINTE DE ESPAÇO QUALIFICADO;NÃO SERIADA;23,8;;2026;;COMUNICAÇÃO ELETRÔNICA DE MASSA POR ASSINATURA (TV PAGA);NÃO;PEDRO HENRIQUE SOARES DE JESUS;PESSOA FÍSICA;SP;SÃO PAULO
PEDRO BIENEMANN - UM SINAL;B2600279900000;23/08/2026;DEFERIDO;VÍDEOMUSICAL;;BRASILEIRA INDEPENDENTE CONSTITUINTE DE ESPAÇO QUALIFICADO;NÃO SERIADA;4,0;;2026;;COMUNICAÇÃO ELETRÔNICA DE MASSA POR ASSINATURA (TV PAGA);NÃO;PEDRO HENRIQUE SOARES DE JESUS;PESSOA FÍSICA;SP;SÃO PAULO
PEDRO MATA PRETO;B2600076200000;12/03/2026;DEFERIDO;FICÇÃO;;BRASILEIRA INDEPENDENTE CONSTITUINTE DE ESPAÇO QUALIFICADO;NÃO SERIADA;24,3;;2026;;SALAS DE EXIBIÇÃO;NÃO;FILMES CAIPIRA LTDA;24.352.230/0001-88;SP;ARARAQUARA
PEDROSA - TE ESPERO;B2600228200000;15/07/2026;DEFERIDO;VÍDEOMUSICAL;Registro de Eventos;BRASILEIRA INDEPENDENTE CONSTITUINTE DE ESPAÇO QUALIFICADO;NÃO SERIADA;2,6;;2022;;COMUNICAÇÃO ELETRÔNICA DE MASSA POR ASSINATURA (TV PAGA);NÃO;DECK PRODUÇÕES ARTÍSTICAS LTDA;30.253.090/0001-93;RJ;RIO DE JANEIRO
PEGUEI AR;B2600052200000;23/02/2026;DEFERIDO;VÍDEOMUSICAL;;BRASILEIRA INDEPENDENTE CONSTITUINTE DE ESPAÇO QUALIFICADO;NÃO SERIADA;3,6;;2025;;COMUNICAÇÃO ELETRÔNICA DE MASSA POR ASSINATURA (TV PAGA);NÃO;DMR - PROMOCOES E EVENTOS LTDA;37.866.237/0001-60;SP;TABOÃO DA SERRA
PEL;B2600222800000;10/07/2026;DEFERIDO;VÍDEOMUSICAL;Registro de Eventos;BRASILEIRA INDEPENDENTE CONSTITUINTE DE ESPAÇO QUALIFICADO;NÃO SERIADA;4,5;;2025;;COMUNICAÇÃO ELETRÔNICA DE MASSA POR ASSINATURA (TV PAGA);NÃO;NATÁLIA MEGGIATO CABRAL LTDA;30.026.612/0001-14;RS;PELOTAS
PEL;B2600222700000;10/07/2026;DEFERIDO;VÍDEOMUSICAL;Registro de Eventos;BRASILEIRA INDEPENDENTE CONSTITUINTE DE ESPAÇO QUALIFICADO;NÃO SERIADA;4,5;;2025;;COMUNICAÇÃO ELETRÔNICA DE MASSA POR ASSINATURA (TV PAGA);NÃO;NATÁLIA MEGGIATO CABRAL LTDA;30.026.612/0001-14;RS;PELOTAS
PELA ÚLTIMA VEZ;B2600093500000;25/03/2026;DEFERIDO;FICÇÃO;;BRASILEIRA INDEPENDENTE CONSTITUINTE DE ESPAÇO QUALIFICADO;NÃO SERIADA;75,9;;2026;;OUTROS MERCADOS - VÍDEO POR DEMANDA;NÃO;PARAISO FILMES LTDA;32.267.625/0001-00;SP;JUNDIAÍ
PELE DE RINOCERONTE;B2600247300000;28/07/2026;DEFERIDO;FICÇÃO;;BRASILEIRA INDEPENDENTE CONSTITUINTE DE ESPAÇO QUALIFICADO;NÃO SERIADA;90,5;;2026;;SALAS DE EXIBIÇÃO;NÃO;REPÚBLICA PUREZA FILMES LTDA.;01.369.211/0001-69;RJ;RIO DE JANEIRO
PELO QUE FOI;B2600161200000;18/05/2026;DEFERIDO;ANIMAÇÃO;;BRASILEIRA CONSTITUINTE DE ESPAÇO QUALIFICADO;NÃO SERIADA;8,4;;2026;;OUTROS MERCADOS - AUDIOVISUAL EM CIRCUITO RESTRITO;NÃO;LUÍS EDUARDO FANZERES VIEIRA;PESSOA FÍSICA;RJ;RIO DE JANEIRO
PENUMBRA;B2600106300000;08/04/2026;DEFERIDO;FICÇÃO;;BRASILEIRA CONSTITUINTE DE ESPAÇO QUALIFICADO;NÃO SERIADA;25,0;;2026;;OUTROS MERCADOS - AUDIOVISUAL EM CIRCUITO RESTRITO;NÃO;GODOYS MEDIA E SERVICOS LTDA;52.513.065/0001-34;SP;SUZANO
PERCEPÇÃO;B2600261500000;07/08/2026;DEFERIDO;VÍDEOMUSICAL;Registro de Eventos;BRASILEIRA INDEPENDENTE CONSTITUINTE DE ESPAÇO QUALIFICADO;NÃO SERIADA;3,9;;2025;;COMUNICAÇÃO ELETRÔNICA DE MASSA POR ASSINATURA (TV PAGA);NÃO;NATÁLIA MEGGIATO CABRAL LTDA;30.026.612/0001-14;RS;PELOTAS
PERCEPÇÃO (ACESSIBILIDADE);B2600261600000;07/08/2026;DEFERIDO;VÍDEOMUSICAL;Registro de Eventos;BRASILEIRA INDEPENDENTE CONSTITUINTE DE ESPAÇO QUALIFICADO;NÃO SERIADA;3,9;;2025;;COMUNICAÇÃO ELETRÔNICA DE MASSA POR ASSINATURA (TV PAGA);NÃO;NATÁLIA MEGGIATO CABRAL LTDA;30.026.612/0001-14;RS;PELOTAS
PERCURSOS;B2600166200000;22/05/2026;DEFERIDO;FICÇÃO;;BRASILEIRA INDEPENDENTE CONSTITUINTE DE ESPAÇO QUALIFICADO;NÃO SERIADA;90;;2026;;SALAS DE EXIBIÇÃO;NÃO;C41 WEB STUDIO FILMAGEM E FOTOGRAFIA LTDA;18.029.624/0001-05;RJ;RIO DE JANEIRO
PERDA;B2600031200000;03/02/2026;DEFERIDO;VÍDEOMUSICAL;;BRASILEIRA INDEPENDENTE CONSTITUINTE DE ESPAÇO QUALIFICADO;NÃO SERIADA;2,7;;2026;;COMUNICAÇÃO ELETRÔNICA DE MASSA POR ASSINATURA (TV PAGA);NÃO;47.707.461 BARBARA DA SILVA FIGUEIREDO;47.707.461/0001-62;SP;SÃO PAULO
PERDOA AÍ;B2600180700000;01/06/2026;DEFERIDO;VÍDEOMUSICAL;Registro de Eventos;BRASILEIRA INDEPENDENTE CONSTITUINTE DE ESPAÇO QUALIFICADO;NÃO SERIADA;2,9;;2025;;RADIODIFUSÃO DE SONS E IMAGENS (TV ABERTA);NÃO;CG AGENCIAMENTO E SERVIÇOS LTDA;30.022.536/0001-79;SP;RIBEIRÃO PRETO
PEREGRINAÇÃO;B2600105100000;07/04/2026;DEFERIDO;FICÇÃO;;BRASILEIRA INDEPENDENTE CONSTITUINTE DE ESPAÇO QUALIFICADO;NÃO SERIADA;78,0;;2026;;OUTROS MERCADOS - AUDIOVISUAL EM TRANSPORTE COLETIVO;NÃO;GRUPO DRAGAOVERDEAMARELO;10.538.275/0001-37;MG;OURO PRETO
PERFIL PODER;B2600238200000;22/07/2026;DEFERIDO;JORNALÍSTICA;;COMUM;SERIADA DE DURAÇÃO INDETERMINADA;2700;60;2026;2026;COMUNICAÇÃO ELETRÔNICA DE MASSA POR ASSINATURA (TV PAGA);NÃO;SPRING PUBLICAÇÕES LTDA.;08.234.482/0001-56;SP;SÃO PAULO
PERGUNTAS DE UMA PROFESSORA;B2600148700000;06/05/2026;DEFERIDO;DOCUMENTÁRIO;;BRASILEIRA INDEPENDENTE CONSTITUINTE DE ESPAÇO QUALIFICADO;NÃO SERIADA;54,5;;2026;;OUTROS MERCADOS - VÍDEO POR DEMANDA;NÃO;CONTRAPONTO MULTIMEIOS LTDA;11.248.548/0001-71;SC;FLORIANÓPOLIS
PERIGOSO;B2600144300000;04/05/2026;DEFERIDO;VÍDEOMUSICAL;;BRASILEIRA CONSTITUINTE DE ESPAÇO QUALIFICADO;NÃO SERIADA;2,8;;2025;;COMUNICAÇÃO ELETRÔNICA DE MASSA POR ASSINATURA (TV PAGA);NÃO;MARCOS VALADAO RIDOLFI - PRODUCOES;17.373.935/0001-16;SP;SÃO PAULO
PERISCÓPIO;B2600165600000;21/05/2026;DEFERIDO;DOCUMENTÁRIO;;BRASILEIRA INDEPENDENTE CONSTITUINTE DE ESPAÇO QUALIFICADO;SERIADA EM MÚLTIPLAS TEMPORADAS;105,3;4;2026;2026;RADIODIFUSÃO DE SONS E IMAGENS (TV ABERTA);NÃO;PERISCOPIO FILM LTDA;29.338.158/0001-58;RJ;RIO DE JANEIRO
PERSONA;B2600073900000;11/03/2026;DEFERIDO;VARIEDADES;;BRASILEIRA CONSTITUINTE DE ESPAÇO QUALIFICADO;SERIADA EM MÚLTIPLAS TEMPORADAS;2367,2;43;2026;2026;RADIODIFUSÃO DE SONS E IMAGENS (TV ABERTA);NÃO;FUND PE ANCHIETA CENTRO PAULISTA RADIO E TV EDUCATIVAS;61.914.891/0001-86;SP;SÃO PAULO
PERSONA - 2025 - COMPLEMENTO;B2600073800000;11/03/2026;DEFERIDO;VARIEDADES;;BRASILEIRA CONSTITUINTE DE ESPAÇO QUALIFICADO;SERIADA EM MÚLTIPLAS TEMPORADAS;169,2;3;2025;2025;RADIODIFUSÃO DE SONS E IMAGENS (TV ABERTA);NÃO;FUND PE ANCHIETA CENTRO PAULISTA RADIO E TV EDUCATIVAS;61.914.891/0001-86;SP;SÃO PAULO
PERTO DO SOL É MAIS CLARO;B2600081400000;18/03/2026;DEFERIDO;FICÇÃO;;BRASILEIRA INDEPENDENTE CONSTITUINTE DE ESPAÇO QUALIFICADO;NÃO SERIADA;107,3;;2026;;SALAS DE EXIBIÇÃO;NÃO;REGINALDO FARIAS PRODUÇÕES ARTÍSTICAS LTDA;39.527.494/0001-00;RJ;RIO DE JANEIRO
PESANDO NA MINHA;B2600007900000;09/01/2026;DEFERIDO;VÍDEOMUSICAL;;BRASILEIRA INDEPENDENTE CONSTITUINTE DE ESPAÇO QUALIFICADO;NÃO SERIADA;2,3;;2026;;COMUNICAÇÃO ELETRÔNICA DE MASSA POR ASSINATURA (TV PAGA);NÃO;47.707.461 BARBARA DA SILVA FIGUEIREDO;47.707.461/0001-62;SP;SÃO PAULO
PETER E SUA ENCARNAÇÃO;B2600078000000;13/03/2026;DEFERIDO;ANIMAÇÃO;;BRASILEIRA INDEPENDENTE CONSTITUINTE DE ESPAÇO QUALIFICADO;NÃO SERIADA;3,7;;2026;;SALAS DE EXIBIÇÃO;NÃO;CAMILO FIGUEIRA MOREIRA;PESSOA FÍSICA;RJ;RIO DE JANEIRO
PEÃO TODO TATUADO;B2600110000000;10/04/2026;DEFERIDO;VÍDEOMUSICAL;Registro de Eventos;BRASILEIRA INDEPENDENTE CONSTITUINTE DE ESPAÇO QUALIFICADO;NÃO SERIADA;2,4;;2026;;COMUNICAÇÃO ELETRÔNICA DE MASSA POR ASSINATURA (TV PAGA);NÃO;JENNER & BRUNA COMPANY LTDA;25.258.170/0001-00;SP;SÃO PAULO
PEÇA FELICIDADE;B2600258600000;05/08/2026;DEFERIDO;VÍDEOMUSICAL;Registro de Eventos;BRASILEIRA INDEPENDENTE CONSTITUINTE DE ESPAÇO QUALIFICADO;NÃO SERIADA;3,1;;2025;;COMUNICAÇÃO ELETRÔNICA DE MASSA POR ASSINATURA (TV PAGA);NÃO;TOPO DO MUNDO EMPREENDIMENTOS ARTISTICOS LTDA;53.712.780/0001-69;RJ;NITERÓI
PICARETAS NÃO VÃO PRO CÉU;B2600078100000;16/03/2026;DEFERIDO;FICÇÃO;;BRASILEIRA INDEPENDENTE CONSTITUINTE DE ESPAÇO QUALIFICADO;NÃO SERIADA;109,9;;2026;;SALAS DE EXIBIÇÃO;NÃO;FORMATA PRODUCOES E CONTEUDO LTDA.;18.082.113/0001-49;SP;SÃO PAULO
PIMENTA NO CLIMA;B2600047200000;19/02/2026;DEFERIDO;DOCUMENTÁRIO;;BRASILEIRA INDEPENDENTE CONSTITUINTE DE ESPAÇO QUALIFICADO;NÃO SERIADA;70;;2025;;SALAS DE EXIBIÇÃO;NÃO;PROSA PRESS PRODUÇÕES LTDA;07.606.096/0001-85;SP;SÃO PAULO
PINÃ COLADA;B2600101700000;01/04/2026;DEFERIDO;VÍDEOMUSICAL;Registro de Eventos;BRASILEIRA CONSTITUINTE DE ESPAÇO QUALIFICADO;NÃO SERIADA;3,4;;2024;;COMUNICAÇÃO ELETRÔNICA DE MASSA POR ASSINATURA (TV PAGA);NÃO;BONDE RECORDS MUSIC LTDA;21.857.777/0001-47;RJ;RIO DE JANEIRO
PINÃ COLADA;B2600097900000;30/03/2026;DEFERIDO;VÍDEOMUSICAL;Registro de Eventos;BRASILEIRA CONSTITUINTE DE ESPAÇO QUALIFICADO;NÃO SERIADA;3,4;;2024;;COMUNICAÇÃO ELETRÔNICA DE MASSA POR ASSINATURA (TV PAGA);NÃO;BONDE RECORDS MUSIC LTDA;21.857.777/0001-47;RJ;RIO DE JANEIRO
PIOINC - PULSA PASSARINHO;B2600252700000;30/07/2026;DEFERIDO;ANIMAÇÃO;;BRASILEIRA INDEPENDENTE CONSTITUINTE DE ESPAÇO QUALIFICADO;NÃO SERIADA;17,2;;2026;;SALAS DE EXIBIÇÃO;NÃO;MAKOTO PRODUCOES CINEMATOGRAFICAS E ENTRETENIMENTO LTDA;37.481.392/0001-68;DF;BRASÍLIA
PIONEIRAS DO CINEMA BRASILEIRO;B2600158400000;14/05/2026;DEFERIDO;DOCUMENTÁRIO;;BRASILEIRA INDEPENDENTE CONSTITUINTE DE ESPAÇO QUALIFICADO;NÃO SERIADA;56,4;;2026;;COMUNICAÇÃO ELETRÔNICA DE MASSA POR ASSINATURA (TV PAGA);NÃO;CAVIDEO PRODUÇÕES COMÉRCIO E LOCAÇÃO DE FILMES LTDA;01.666.326/0001-15;RJ;RIO DE JANEIRO
PIPEBOMB;B2600265800000;12/08/2026;DEFERIDO;FICÇÃO;;BRASILEIRA INDEPENDENTE CONSTITUINTE DE ESPAÇO QUALIFICADO;NÃO SERIADA;16,3;;2026;;SALAS DE EXIBIÇÃO;NÃO;A FLOR E A NAUSEA LTDA;18.584.832/0001-68;SP;SÃO PAULO
PIPO E FIFI;B2600019700000;22/01/2026;DEFERIDO;ANIMAÇÃO;;BRASILEIRA INDEPENDENTE CONSTITUINTE DE ESPAÇO QUALIFICADO;SERIADA EM MÚLTIPLAS TEMPORADAS;75;15;2026;2026;COMUNICAÇÃO ELETRÔNICA DE MASSA POR ASSINATURA (TV PAGA);NÃO;VILAREJO FILMES LTDA ME;19.305.367/0001-41;PE;RECIFE
PIQUE DJAVAN;B2600037000000;08/02/2026;DEFERIDO;VÍDEOMUSICAL;Registro de Eventos;BRASILEIRA CONSTITUINTE DE ESPAÇO QUALIFICADO;NÃO SERIADA;2,8;;2024;;COMUNICAÇÃO ELETRÔNICA DE MASSA POR ASSINATURA (TV PAGA);NÃO;BONDE RECORDS MUSIC LTDA;21.857.777/0001-47;RJ;RIO DE JANEIRO
PIREXIA;B2600163400000;19/05/2026;DEFERIDO;FICÇÃO;;BRASILEIRA CONSTITUINTE DE ESPAÇO QUALIFICADO;NÃO SERIADA;20,2;;2026;;OUTROS MERCADOS - AUDIOVISUAL EM CIRCUITO RESTRITO;NÃO;LÍVIA PEREIRA DA COSTA;PESSOA FÍSICA;CE;FORTALEZA
PIZZAROLLA;B2600044100000;13/02/2026;DEFERIDO;VÍDEOMUSICAL;Registro de Eventos;BRASILEIRA CONSTITUINTE DE ESPAÇO QUALIFICADO;NÃO SERIADA;4;;2025;;OUTROS MERCADOS;NÃO;58.835.853 GUSTAVO SERRATE MAIA;58.835.853/0001-23;DF;BRASÍLIA
PLANOS;B2600235300000;21/07/2026;DEFERIDO;VÍDEOMUSICAL;Registro de Eventos;BRASILEIRA INDEPENDENTE CONSTITUINTE DE ESPAÇO QUALIFICADO;NÃO SERIADA;3,5;;2026;;COMUNICAÇÃO ELETRÔNICA DE MASSA POR ASSINATURA (TV PAGA);NÃO;SALDOCE PRODUCOES ARTISTICAS LTDA;56.971.052/0001-60;RJ;RIO DE JANEIRO
PLANTAR TECNOLOGIA, COLHER SOBERANIA: O SUL GLOBAL E AS MÁQUINAS CHINESAS;B2600246200000;28/07/2026;DEFERIDO;DOCUMENTÁRIO;;BRASILEIRA INDEPENDENTE CONSTITUINTE DE ESPAÇO QUALIFICADO;NÃO SERIADA;33,7;;2026;;OUTROS MERCADOS;NÃO;CENTRO POPULAR DE MIDIAS CPMIDIAS;28.501.361/0001-30;SP;SÃO PAULO
PLAYERS UP;B2600267500000;14/08/2026;DEFERIDO;DOCUMENTÁRIO;;BRASILEIRA INDEPENDENTE CONSTITUINTE DE ESPAÇO QUALIFICADO;SERIADA EM TEMPORADA ÚNICA;95,8;2;2026;2026;COMUNICAÇÃO ELETRÔNICA DE MASSA POR ASSINATURA (TV PAGA);NÃO;CANAL AZUL PRODUÇÕES CULTURAIS LTDA;01.613.170/0001-04;SP;SÃO PAULO
PLAYPOLIS;B2600213100000;01/07/2026;DEFERIDO;ANIMAÇÃO;;BRASILEIRA INDEPENDENTE CONSTITUINTE DE ESPAÇO QUALIFICADO;SERIADA EM TEMPORADA ÚNICA;186,2;13;2026;2026;RADIODIFUSÃO DE SONS E IMAGENS (TV ABERTA);NÃO;MACEDO & SANTOS PRODUCOES ARTISTICAS LTDA;30.357.923/0001-66;SP;SANTO ANDRÉ
PLUMA;B2600197300000;18/06/2026;DEFERIDO;FICÇÃO;;BRASILEIRA INDEPENDENTE CONSTITUINTE DE ESPAÇO QUALIFICADO;NÃO SERIADA;13,3;;2026;;OUTROS MERCADOS - AUDIOVISUAL EM CIRCUITO RESTRITO;NÃO;COMARTE CULTURAL LTDA;22.570.887/0001-96;RN;NATAL
PODE APOSTAR;B2600097500000;28/03/2026;DEFERIDO;VÍDEOMUSICAL;;BRASILEIRA INDEPENDENTE CONSTITUINTE DE ESPAÇO QUALIFICADO;NÃO SERIADA;5,0;;2026;;COMUNICAÇÃO ELETRÔNICA DE MASSA POR ASSINATURA (TV PAGA);NÃO;FELIPE A.SANTOS -PRODUCOES ARTISTICAS;31.635.310/0001-06;SP;SÃO PAULO
POING - 2ª TEMPORADA;B2600265000000;11/08/2026;DEFERIDO;ANIMAÇÃO;;BRASILEIRA INDEPENDENTE CONSTITUINTE DE ESPAÇO QUALIFICADO;SERIADA EM MÚLTIPLAS TEMPORADAS;91;13;2026;2026;COMUNICAÇÃO ELETRÔNICA DE MASSA POR ASSINATURA (TV PAGA);NÃO;TECNOKENA AUDIOVISUAL E MULTIMIDIA EIRELI;02.585.713/0001-90;PR;CURITIBA
PONTA GROSSA, NÃO SEI SE TE AMO;B2600253900000;31/07/2026;DEFERIDO;FICÇÃO;;BRASILEIRA INDEPENDENTE CONSTITUINTE DE ESPAÇO QUALIFICADO;NÃO SERIADA;88,4;;2026;;SALAS DE EXIBIÇÃO;NÃO;FILMES DO HORIZONTE PRODUÇÃO CINEMATOGRÁFICA LTDA;52.906.562/0001-00;PR;CURITIBA
PONTO GEEK;B2600154000000;12/05/2026;DEFERIDO;VÍDEOMUSICAL;;BRASILEIRA CONSTITUINTE DE ESPAÇO QUALIFICADO;SERIADA DE DURAÇÃO INDETERMINADA;3000;100;2026;2026;COMUNICAÇÃO ELETRÔNICA DE MASSA POR ASSINATURA (TV PAGA);NÃO;PLAYTV TELEVISÃO LTDA;07.121.705/0001-06;SP;SÃO PAULO
PONTOS DE FORÇA;B2600172400000;26/05/2026;DEFERIDO;DOCUMENTÁRIO;;BRASILEIRA INDEPENDENTE CONSTITUINTE DE ESPAÇO QUALIFICADO;NÃO SERIADA;77,3;;2026;;SALAS DE EXIBIÇÃO;NÃO;TEM DENDÊ PRODUÇÕES LTDA;15.128.758/0001-87;BA;SALVADOR
POR QUE MINHA MÃE PAROU DE PINTAR?;B2600221000000;09/07/2026;DEFERIDO;DOCUMENTÁRIO;;BRASILEIRA INDEPENDENTE CONSTITUINTE DE ESPAÇO QUALIFICADO;NÃO SERIADA;18,0;;2026;;SALAS DE EXIBIÇÃO;NÃO;VISTA VERDE PRODUCOES CINEMATOGRAFICAS LTDA;21.203.232/0001-17;SP;SÃO PAULO
POR TODOS NÓS;B2600203400000;23/06/2026;DEFERIDO;FICÇÃO;;BRASILEIRA INDEPENDENTE CONSTITUINTE DE ESPAÇO QUALIFICADO;NÃO SERIADA;81,5;;2026;;COMUNICAÇÃO ELETRÔNICA DE MASSA POR ASSINATURA (TV PAGA);NÃO;COLONOS FILMES;61.182.265/0001-42;RS;CAXIAS DO SUL
POR UM SONHO;B2600019400000;22/01/2026;DEFERIDO;DOCUMENTÁRIO;;BRASILEIRA INDEPENDENTE CONSTITUINTE DE ESPAÇO QUALIFICADO;NÃO SERIADA;46,0;;2026;;OUTROS MERCADOS - VÍDEO POR DEMANDA;NÃO;GYPSY PRODUÇÕES ARTÍSTICAS LTDA;15.383.266/0001-38;RJ;RIO DE JANEIRO
POR VOCÊ;B2600266000000;12/08/2026;DEFERIDO;FICÇÃO;;BRASILEIRA CONSTITUINTE DE ESPAÇO QUALIFICADO;SERIADA EM TEMPORADA ÚNICA;7160;179;2026;2026;RADIODIFUSÃO DE SONS E IMAGENS (TV ABERTA);NÃO;GLOBO COMUNICACAO E PARTICIPACOES S/A;27.865.757/0001-02;RJ;RIO DE JANEIRO
PORCOS NÃO OLHAM PARA O CÉU;B2600034400000;05/02/2026;DEFERIDO;VÍDEOMUSICAL;;BRASILEIRA INDEPENDENTE CONSTITUINTE DE ESPAÇO QUALIFICADO;NÃO SERIADA;3,5;;2026;;COMUNICAÇÃO ELETRÔNICA DE MASSA POR ASSINATURA (TV PAGA);NÃO;53.450.239 ANA PAULA BOVI VALLILO;53.450.239/0001-20;SP;SANTANA DE PARNAÍBA
PORONGA;B2600156200000;13/05/2026;DEFERIDO;FICÇÃO;;BRASILEIRA CONSTITUINTE DE ESPAÇO QUALIFICADO;NÃO SERIADA;15,8;;2026;;SALAS DE EXIBIÇÃO;NÃO;CONEXAO NORTE PRODUCOES LTDA;03.746.177/0001-20;RO;PORTO VELHO
PORÃO DO ROCK 2026;B2600108800000;09/04/2026;DEFERIDO;VARIEDADES;;BRASILEIRA CONSTITUINTE DE ESPAÇO QUALIFICADO;NÃO SERIADA;40;;2026;;RADIODIFUSÃO DE SONS E IMAGENS (TV ABERTA);NÃO;GLOBO COMUNICACAO E PARTICIPACOES S/A;27.865.757/0001-02;RJ;RIO DE JANEIRO
PORÃO DO ROCK 2026 - MELHORES MOMENTOS;B2600193500000;16/06/2026;DEFERIDO;VÍDEOMUSICAL;Registro de Eventos;BRASILEIRA CONSTITUINTE DE ESPAÇO QUALIFICADO;NÃO SERIADA;60;;2026;;COMUNICAÇÃO ELETRÔNICA DE MASSA POR ASSINATURA (TV PAGA);NÃO;GLOBO COMUNICACAO E PARTICIPACOES S/A;27.865.757/0001-02;RJ;RIO DE JANEIRO
POTÊNCIAS;B2600021700000;26/01/2026;DEFERIDO;DOCUMENTÁRIO;;BRASILEIRA INDEPENDENTE CONSTITUINTE DE ESPAÇO QUALIFICADO;NÃO SERIADA;40,6;;2026;;RADIODIFUSÃO DE SONS E IMAGENS (TV ABERTA);NÃO;MELANCIA FILMES LTDA;44.008.626/0001-10;RS;GRAMADO
POTÊNCIAS EM FOCO - O AGORA;B2600080800000;17/03/2026;DEFERIDO;DOCUMENTÁRIO;;BRASILEIRA INDEPENDENTE CONSTITUINTE DE ESPAÇO QUALIFICADO;NÃO SERIADA;24,1;;2026;;OUTROS MERCADOS;NÃO;45.605.689 BEATRIZ RUIZ CANDOLO VILAS BOAS DE OLIVEIRA;45.605.689/0001-16;SP;RIBEIRÃO PRETO
PRA MORRER BASTA ESTAR VIVO;B2600069400000;06/03/2026;DEFERIDO;FICÇÃO;;BRASILEIRA INDEPENDENTE CONSTITUINTE DE ESPAÇO QUALIFICADO;NÃO SERIADA;16,1;;2026;;SALAS DE EXIBIÇÃO;NÃO;EXPURGAÇÃO FILMES E PRODUÇÕES ARTÍSTICAS LTDA - ME;15.693.797/0001-27;ES;VITÓRIA
PRA ONDE IR AGORA;B2600211800000;01/07/2026;DEFERIDO;VARIEDADES;;BRASILEIRA INDEPENDENTE CONSTITUINTE DE ESPAÇO QUALIFICADO;SERIADA EM MÚLTIPLAS TEMPORADAS;510;17;2026;2026;COMUNICAÇÃO ELETRÔNICA DE MASSA POR ASSINATURA (TV PAGA);NÃO;EVERTON JOSE DA SILVA;PESSOA FÍSICA;SP;SÃO PAULO
PRECISAMOS FALAR;B2600014600000;16/01/2026;DEFERIDO;FICÇÃO;;BRASILEIRA INDEPENDENTE CONSTITUINTE DE ESPAÇO QUALIFICADO;NÃO SERIADA;101,7;;2026;;SALAS DE EXIBIÇÃO;NÃO;CONSPIRAÇÃO FILMES ENTRETENIMENTO 3º MILÊNIO LTDA.;09.180.984/0001-04;RJ;RIO DE JANEIRO
PRELÚDIO;B2600002800000;05/01/2026;DEFERIDO;PROGRAMA DE AUDITÓRIO ANCORADO POR APRESENTADOR;;COMUM;SERIADA DE DURAÇÃO INDETERMINADA;1995,4;37;2022;2025;RADIODIFUSÃO DE SONS E IMAGENS (TV ABERTA);NÃO;FUND PE ANCHIETA CENTRO PAULISTA RADIO E TV EDUCATIVAS;61.914.891/0001-86;SP;SÃO PAULO
PRESENTE SURPRESA;B2600084500000;19/03/2026;DEFERIDO;FICÇÃO;Erótico/Pornográfica;COMUM;NÃO SERIADA;31;;2026;;COMUNICAÇÃO ELETRÔNICA DE MASSA POR ASSINATURA (TV PAGA);NÃO;DOCE DE LEITE FILMES LTDA;31.381.274/0001-00;SP;SÃO PAULO
PRESÍDIO DE MULHERES VIOLENTADAS;B2600264200000;10/08/2026;DEFERIDO;FICÇÃO;Erótico/Pornográfica;COMUM;NÃO SERIADA;87;;1976;;SALAS DE EXIBIÇÃO;NÃO;GALANTE FILMES LTDA.;06.034.622/0001-17;SC;ITAPEMA
PRETA - EU NÃO ANDO SÓ;B2600215400000;06/07/2026;DEFERIDO;DOCUMENTÁRIO;;BRASILEIRA CONSTITUINTE DE ESPAÇO QUALIFICADO;NÃO SERIADA;98,8;;2026;;RADIODIFUSÃO DE SONS E IMAGENS (TV ABERTA);NÃO;GLOBO COMUNICACAO E PARTICIPACOES S/A;27.865.757/0001-02;RJ;RIO DE JANEIRO
PRETAS - MATRIARCAS DA AMAZÔNIA;B2600208100000;26/06/2026;DEFERIDO;FICÇÃO;;BRASILEIRA INDEPENDENTE CONSTITUINTE DE ESPAÇO QUALIFICADO;SERIADA EM TEMPORADA ÚNICA;130;5;2024;2024;OUTROS MERCADOS - VÍDEO POR DEMANDA;NÃO;J. C. CURSINO DE ABREU NEGRITAR FILMES E PRODUCOES;23.246.132/0001-01;PA;BELÉM
PRETÉRITO PRESENTE;B2600248700000;29/07/2026;DEFERIDO;FICÇÃO;;BRASILEIRA INDEPENDENTE CONSTITUINTE DE ESPAÇO QUALIFICADO;NÃO SERIADA;20,0;;2026;;SALAS DE EXIBIÇÃO;NÃO;MURICOCA MULTIMIDIA E CULTURA LTDA;18.152.664/0001-31;SP;SÃO PAULO
PREÇO DE DESAPEGO;B2600226800000;14/07/2026;DEFERIDO;FICÇÃO;;BRASILEIRA CONSTITUINTE DE ESPAÇO QUALIFICADO;NÃO SERIADA;4,5;;2026;;SALAS DE EXIBIÇÃO;NÃO;MATHEUS HENRIQUE DE CARVALHO CRUZ;PESSOA FÍSICA;PR;MARINGÁ
PRINCIPIO DO PRAZER;B2600187100000;09/06/2026;DEFERIDO;VÍDEOMUSICAL;;BRASILEIRA INDEPENDENTE CONSTITUINTE DE ESPAÇO QUALIFICADO;NÃO SERIADA;3,1;;2026;;COMUNICAÇÃO ELETRÔNICA DE MASSA POR ASSINATURA (TV PAGA);NÃO;LABIDAD PRODUÇÕES ARTÍSTICAS LTDA;30.978.099/0001-61;RJ;RIO DE JANEIRO
PROCURA-SE ATOR;B2600232200000;17/07/2026;DEFERIDO;FICÇÃO;;BRASILEIRA INDEPENDENTE CONSTITUINTE DE ESPAÇO QUALIFICADO;NÃO SERIADA;18,2;;2026;;SALAS DE EXIBIÇÃO;NÃO;LAURA C. LAUTERT;08.798.689/0001-53;RS;TRAMANDAÍ
PROCURA-SE JULIENNE;B2600079300000;16/03/2026;DEFERIDO;FICÇÃO;;BRASILEIRA INDEPENDENTE CONSTITUINTE DE ESPAÇO QUALIFICADO;NÃO SERIADA;12,2;;2026;;COMUNICAÇÃO ELETRÔNICA DE MASSA POR ASSINATURA (TV PAGA);NÃO;ATORES UNIDOS PRODUCOES LTDA;45.841.492/0001-86;SP;CAMPINAS
PROCURA-SE REBECA;B2600243900000;24/07/2026;DEFERIDO;DOCUMENTÁRIO;;BRASILEIRA INDEPENDENTE CONSTITUINTE DE ESPAÇO QUALIFICADO;NÃO SERIADA;73;;2026;;COMUNICAÇÃO ELETRÔNICA DE MASSA POR ASSINATURA (TV PAGA);NÃO;DANIEL CHOMA;PESSOA FÍSICA;SC;FLORIANÓPOLIS
PROGRAMA CHEIRO DE GALPÃO;B2600150900000;07/05/2026;DEFERIDO;VÍDEOMUSICAL;Registro de Eventos;BRASILEIRA CONSTITUINTE DE ESPAÇO QUALIFICADO;SERIADA DE DURAÇÃO INDETERMINADA;3000;50;2026;2026;RADIODIFUSÃO DE SONS E IMAGENS (TV ABERTA);NÃO;ROMIEL LUCAS GRALAK;PESSOA FÍSICA;PR;FRANCISCO BELTRÃO
PROGRAMA LEÃO LOBO;B2600028900000;02/02/2026;DEFERIDO;JORNALÍSTICA;;COMUM;SERIADA DE DURAÇÃO INDETERMINADA;23400;260;2026;2026;COMUNICAÇÃO ELETRÔNICA DE MASSA POR ASSINATURA (TV PAGA);NÃO;DRIADE PRODUCOES AUDIOVISUAIS E COMERCIO LTDA;22.010.468/0001-08;SP;SÃO PAULO
PROGRAMA TÁ MALUCO;B2600164500000;20/05/2026;DEFERIDO;VARIEDADES;;BRASILEIRA INDEPENDENTE CONSTITUINTE DE ESPAÇO QUALIFICADO;NÃO SERIADA;36,3;;2026;;COMUNICAÇÃO ELETRÔNICA DE MASSA POR ASSINATURA (TV PAGA);NÃO;63786215 AYRON DIAS DOS SANTOS;63.786.215/0001-08;RJ;CABO FRIO
PROJETO FÓSSEIS - UMA NOVA AVENTURA;B2600023500000;26/01/2026;DEFERIDO;FICÇÃO;;BRASILEIRA INDEPENDENTE CONSTITUINTE DE ESPAÇO QUALIFICADO;NÃO SERIADA;76,2;;2026;;OUTROS MERCADOS - VÍDEO POR DEMANDA;NÃO;PARAISO FILMES LTDA;32.267.625/0001-00;SP;JUNDIAÍ
PROSTRADO;B2600226700000;14/07/2026;DEFERIDO;FICÇÃO;;BRASILEIRA CONSTITUINTE DE ESPAÇO QUALIFICADO;NÃO SERIADA;17,5;;2026;;SALAS DE EXIBIÇÃO;NÃO;CLARA HELENA SOBIESKI TAFNER;PESSOA FÍSICA;SP;SÃO PAULO
PROTOCOLO DE VELUDO;B2600073600000;10/03/2026;DEFERIDO;FICÇÃO;Erótico/Pornográfica;COMUM;NÃO SERIADA;63,8;;2026;;COMUNICAÇÃO ELETRÔNICA DE MASSA POR ASSINATURA (TV PAGA);NÃO;LUZ VERMELHA FILMES - PRODUTORA DE CINEMA E VÍDEO LTDA;09.152.063/0001-38;SP;SÃO PAULO
PROUST PALIMPSESTO : PASTICHES E MISTURAS;B2600189900000;10/06/2026;DEFERIDO;DOCUMENTÁRIO;;BRASILEIRA CONSTITUINTE DE ESPAÇO QUALIFICADO;NÃO SERIADA;107,5;;2026;;SALAS DE EXIBIÇÃO;NÃO;CARLOS ADRIANO JERONIMO DE ROSA;PESSOA FÍSICA;SP;SÃO PAULO
PRÊMIO SIM À IGUALDADE RACIAL;B2600158200000;14/05/2026;DEFERIDO;VARIEDADES;;BRASILEIRA CONSTITUINTE DE ESPAÇO QUALIFICADO;NÃO SERIADA;45;;2026;;RADIODIFUSÃO DE SONS E IMAGENS (TV ABERTA);NÃO;GLOBO COMUNICACAO E PARTICIPACOES S/A;27.865.757/0001-02;RJ;RIO DE JANEIRO
PULO DO GATO;B2600206200000;24/06/2026;DEFERIDO;VÍDEOMUSICAL;Registro de Eventos;BRASILEIRA INDEPENDENTE CONSTITUINTE DE ESPAÇO QUALIFICADO;NÃO SERIADA;3,6;;2026;;COMUNICAÇÃO ELETRÔNICA DE MASSA POR ASSINATURA (TV PAGA);NÃO;KABINDA PRODUÇÕES ARTÍSTICAS LTDA;32.596.798/0001-72;RJ;RIO DE JANEIRO
PULSATRIX;B2600190300000;11/06/2026;DEFERIDO;FICÇÃO;;BRASILEIRA INDEPENDENTE CONSTITUINTE DE ESPAÇO QUALIFICADO;NÃO SERIADA;20,9;;2026;;OUTROS MERCADOS - AUDIOVISUAL EM CIRCUITO RESTRITO;NÃO;ALCALINAS FILMES E PRODUCOES LTDA;31.570.592/0001-00;PE;GOIANA
PULSAÇÃO;B2600033800000;04/02/2026;DEFERIDO;FICÇÃO;;BRASILEIRA INDEPENDENTE CONSTITUINTE DE ESPAÇO QUALIFICADO;NÃO SERIADA;10,2;;2026;;SALAS DE EXIBIÇÃO;NÃO;NORTH PRODUCOES LTDA;29.630.972/0001-41;SP;SÃO PAULO
PÃO DOCE;B2600242100000;23/07/2026;DEFERIDO;FICÇÃO;;BRASILEIRA INDEPENDENTE CONSTITUINTE DE ESPAÇO QUALIFICADO;NÃO SERIADA;18,0;;2026;;SALAS DE EXIBIÇÃO;NÃO;WESLEY GABRIEL SILVA SANTOS ***********;28.274.639/0001-84;SP;GUARULHOS
PÉ DE GARRAFA;B2600148000000;05/05/2026;DEFERIDO;FICÇÃO;;BRASILEIRA INDEPENDENTE CONSTITUINTE DE ESPAÇO QUALIFICADO;NÃO SERIADA;15;;2026;;SALAS DE EXIBIÇÃO;NÃO;PARALELO 15 FILMES LTDA;30.284.248/0001-92;MT;CUIABÁ
PÉTALAS;B2600257400000;04/08/2026;DEFERIDO;VÍDEOMUSICAL;Registro de Eventos;BRASILEIRA INDEPENDENTE CONSTITUINTE DE ESPAÇO QUALIFICADO;NÃO SERIADA;3,1;;2025;;COMUNICAÇÃO ELETRÔNICA DE MASSA POR ASSINATURA (TV PAGA);NÃO;TOPO DO MUNDO EMPREENDIMENTOS ARTISTICOS LTDA;53.712.780/0001-69;RJ;NITERÓI
PÍLULAS SANGUE LATINO BARRETÃO;B2600236400000;22/07/2026;DEFERIDO;JORNALÍSTICA;;COMUM;SERIADA EM TEMPORADA ÚNICA;17,2;9;2026;2026;COMUNICAÇÃO ELETRÔNICA DE MASSA POR ASSINATURA (TV PAGA);NÃO;CANAL BRAZIL S/A;02.608.224/0001-06;RJ;RIO DE JANEIRO
QQ CE SABE DE MIM - VIDEOCLIPE OFICIAL;B2600207900000;26/06/2026;DEFERIDO;VÍDEOMUSICAL;;BRASILEIRA INDEPENDENTE CONSTITUINTE DE ESPAÇO QUALIFICADO;NÃO SERIADA;2,5;;2026;;COMUNICAÇÃO ELETRÔNICA DE MASSA POR ASSINATURA (TV PAGA);NÃO;CAROLINA BARCELLOS PAVAO;PESSOA FÍSICA;SP;PORTO FERREIRA
QUAIS SÃO AS ETAPAS ANTES DA CIRURGIA DA LAQUEADURA?;B2600045300000;18/02/2026;DEFERIDO;VARIEDADES;Vídeoaula;BRASILEIRA INDEPENDENTE CONSTITUINTE DE ESPAÇO QUALIFICADO;NÃO SERIADA;1,5;;2026;;VIDEO DOMÉSTICO;NÃO;LAUANY SILVA DE MEDEIROS;PESSOA FÍSICA;PA;TUCURUÍ
QUAL O SOM DO DESENHO?;B2600086400000;23/03/2026;DEFERIDO;ANIMAÇÃO;;BRASILEIRA INDEPENDENTE CONSTITUINTE DE ESPAÇO QUALIFICADO;SERIADA DE DURAÇÃO INDETERMINADA;26,7;20;2026;2026;COMUNICAÇÃO ELETRÔNICA DE MASSA POR ASSINATURA (TV PAGA);NÃO;AE PRODUCOES CULTURAIS LTDA;12.355.705/0001-00;SP;CAMPINAS
QUANDO A GENTE VIRA UM - MESTRE AMBRÓSIO;B2600043900000;13/02/2026;DEFERIDO;DOCUMENTÁRIO;;BRASILEIRA CONSTITUINTE DE ESPAÇO QUALIFICADO;NÃO SERIADA;87;;2026;;COMUNICAÇÃO ELETRÔNICA DE MASSA POR ASSINATURA (TV PAGA);NÃO;SERVICO SOCIAL DO COMERCIO - SESC - ADMINISTRACAO REGIONAL NO ESTADO DE SAO PAULO;03.667.884/0001-20;SP;SÃO PAULO
QUANDO CASA MARIA HELENA;B2600160800000;18/05/2026;DEFERIDO;FICÇÃO;;BRASILEIRA CONSTITUINTE DE ESPAÇO QUALIFICADO;NÃO SERIADA;90;;2025;;RADIODIFUSÃO DE SONS E IMAGENS (TV ABERTA);NÃO;GLOBO COMUNICACAO E PARTICIPACOES S/A;27.865.757/0001-02;RJ;RIO DE JANEIRO
QUANDO FORMIGAS ENCONTRAM AS ÁGUAS;B2600244800000;24/07/2026;DEFERIDO;DOCUMENTÁRIO;;BRASILEIRA INDEPENDENTE CONSTITUINTE DE ESPAÇO QUALIFICADO;NÃO SERIADA;29,1;;2026;;SALAS DE EXIBIÇÃO;NÃO;MATA VIRGEM PRODUCOES LTDA;14.593.026/0001-03;RJ;RIO DE JANEIRO
QUANDO MEU DIA CHEGAR;B2600026200000;29/01/2026;DEFERIDO;DOCUMENTÁRIO;;BRASILEIRA INDEPENDENTE CONSTITUINTE DE ESPAÇO QUALIFICADO;NÃO SERIADA;20,7;;2026;;COMUNICAÇÃO ELETRÔNICA DE MASSA POR ASSINATURA (TV PAGA);NÃO;PRIMEIRO CORTE PRODUCOES LTDA;11.452.188/0001-25;RS;PORTO ALEGRE
QUANDO O SOL CHEGAR;B2600060700000;25/02/2026;DEFERIDO;VÍDEOMUSICAL;;BRASILEIRA INDEPENDENTE CONSTITUINTE DE ESPAÇO QUALIFICADO;NÃO SERIADA;231;;2025;;RADIODIFUSÃO DE SONS E IMAGENS (TV ABERTA);NÃO;BRUNO HENRIQUE TORRESAN DE CARVALHO ***********;18.039.791/0001-29;SP;ARAÇATUBA
QUANDO PAREI DE TE CHAMAR DE PAI;B2600249700000;29/07/2026;DEFERIDO;FICÇÃO;;BRASILEIRA INDEPENDENTE CONSTITUINTE DE ESPAÇO QUALIFICADO;NÃO SERIADA;15;;2026;;SALAS DE EXIBIÇÃO;NÃO;CARPE SERVICOS AUDIOVISUAIS E EVENTOS LTDA;35.505.698/0001-81;SP;SÃO PAULO
QUANDO TODO MUNDO FOI EMBORA, DEUS FICOU;B2600201800000;22/06/2026;DEFERIDO;VÍDEOMUSICAL;Registro de Eventos;BRASILEIRA INDEPENDENTE CONSTITUINTE DE ESPAÇO QUALIFICADO;NÃO SERIADA;6,7;;2026;;COMUNICAÇÃO ELETRÔNICA DE MASSA POR ASSINATURA (TV PAGA);NÃO;LABIDAD PRODUÇÕES ARTÍSTICAS LTDA;30.978.099/0001-61;RJ;RIO DE JANEIRO
QUANDO TUDO JOGA CONTRA;B2600077700000;13/03/2026;DEFERIDO;FICÇÃO;;BRASILEIRA INDEPENDENTE CONSTITUINTE DE ESPAÇO QUALIFICADO;NÃO SERIADA;100,4;;2026;;SALAS DE EXIBIÇÃO;NÃO;APOTEÓTICA CINEMATOGRÁFICA LTDA.;15.526.951/0001-76;DF;BRASÍLIA
QUANTA REZA SERÁ PRECISO PARA UM SIMPLES BANHO DE MAR;B2600246400000;28/07/2026;DEFERIDO;DOCUMENTÁRIO;;BRASILEIRA INDEPENDENTE CONSTITUINTE DE ESPAÇO QUALIFICADO;NÃO SERIADA;79,5;;2026;;SALAS DE EXIBIÇÃO;NÃO;TOCA FILMES LTDA;05.913.319/0001-21;BA;SALVADOR
QUAQUARELA NA REGIÃO NORTE;B2600255000000;03/08/2026;DEFERIDO;DOCUMENTÁRIO;;BRASILEIRA INDEPENDENTE CONSTITUINTE DE ESPAÇO QUALIFICADO;NÃO SERIADA;47,9;;2026;;OUTROS MERCADOS;NÃO;VIVIANE ROSA JUGUERO MARTINS;07.506.740/0001-43;RS;PORTO ALEGRE
QUARTETO DE CORDAS DA CIDADE DE SÃO PAULO;B2600088100000;24/03/2026;DEFERIDO;VÍDEOMUSICAL;Registro de Eventos;BRASILEIRA CONSTITUINTE DE ESPAÇO QUALIFICADO;SERIADA DE DURAÇÃO INDETERMINADA;497,7;8;2025;2026;RADIODIFUSÃO DE SONS E IMAGENS (TV ABERTA);NÃO;FUND PE ANCHIETA CENTRO PAULISTA RADIO E TV EDUCATIVAS;61.914.891/0001-86;SP;SÃO PAULO
QUE BICHO É ESSE?;B2600046100000;19/02/2026;DEFERIDO;ANIMAÇÃO;;BRASILEIRA INDEPENDENTE CONSTITUINTE DE ESPAÇO QUALIFICADO;NÃO SERIADA;21,7;;2025;;OUTROS MERCADOS - VÍDEO POR DEMANDA;NÃO;SABIA ASSESSORIA EDUCACIONAL E SOCIOAMBIENTAL LTDA;21.117.570/0001-36;SP;SÃO PAULO
QUE ENERGIA É ESSA?;B2600048500000;20/02/2026;DEFERIDO;VARIEDADES;;BRASILEIRA CONSTITUINTE DE ESPAÇO QUALIFICADO;SERIADA DE DURAÇÃO INDETERMINADA;144;6;2026;2026;COMUNICAÇÃO ELETRÔNICA DE MASSA POR ASSINATURA (TV PAGA);NÃO;UNIVERSO ONLINE S.A.;01.109.184/0001-95;SP;SÃO PAULO
QUE ENERGIA É ESSA? - 2ª TEMPORADA;B2600234200000;21/07/2026;DEFERIDO;VARIEDADES;;BRASILEIRA CONSTITUINTE DE ESPAÇO QUALIFICADO;SERIADA EM MÚLTIPLAS TEMPORADAS;96;4;2026;2026;COMUNICAÇÃO ELETRÔNICA DE MASSA POR ASSINATURA (TV PAGA);NÃO;UNIVERSO ONLINE S.A.;01.109.184/0001-95;SP;SÃO PAULO
QUE HISTÓRIA É ESSA PORCHAT?;B2600084300000;19/03/2026;DEFERIDO;PROGRAMA DE AUDITÓRIO ANCORADO POR APRESENTADOR;;COMUM;SERIADA EM MÚLTIPLAS TEMPORADAS;1800;30;2026;2026;COMUNICAÇÃO ELETRÔNICA DE MASSA POR ASSINATURA (TV PAGA);NÃO;GLOBO COMUNICACAO E PARTICIPACOES S/A;27.865.757/0001-02;RJ;RIO DE JANEIRO
QUE SEJA DOCE - 12ª TEMPORADA;B2600216700000;07/07/2026;DEFERIDO;REALITY-SHOW;;BRASILEIRA CONSTITUINTE DE ESPAÇO QUALIFICADO;SERIADA EM MÚLTIPLAS TEMPORADAS;900;15;2026;2026;COMUNICAÇÃO ELETRÔNICA DE MASSA POR ASSINATURA (TV PAGA);NÃO;GLOBO COMUNICACAO E PARTICIPACOES S/A;27.865.757/0001-02;RJ;RIO DE JANEIRO
QUEBRANDO A REGRA;B2600256100000;04/08/2026;DEFERIDO;VÍDEOMUSICAL;;BRASILEIRA INDEPENDENTE CONSTITUINTE DE ESPAÇO QUALIFICADO;NÃO SERIADA;3,3;;2026;;COMUNICAÇÃO ELETRÔNICA DE MASSA POR ASSINATURA (TV PAGA);NÃO;53.450.239 ANA PAULA BOVI VALLILO;53.450.239/0001-20;SP;SANTANA DE PARNAÍBA
QUEM AMA CUIDA;B2600149800000;07/05/2026;DEFERIDO;FICÇÃO;;BRASILEIRA CONSTITUINTE DE ESPAÇO QUALIFICADO;SERIADA EM TEMPORADA ÚNICA;10750;215;2026;2026;RADIODIFUSÃO DE SONS E IMAGENS (TV ABERTA);NÃO;GLOBO COMUNICACAO E PARTICIPACOES S/A;27.865.757/0001-02;RJ;RIO DE JANEIRO
QUEM ESTÁ BATENDO NA PORTA?;B2600136300000;27/04/2026;DEFERIDO;DOCUMENTÁRIO;;BRASILEIRA INDEPENDENTE CONSTITUINTE DE ESPAÇO QUALIFICADO;NÃO SERIADA;72,4;;2026;;OUTROS MERCADOS;NÃO;OLI PRODUCOES CINEMATOGRAFICAS E CULTURAIS LTDA;58.915.639/0001-87;SP;SANTO ANDRÉ
QUEM FAZ, FAZ AQUI;B2600112500000;14/04/2026;DEFERIDO;VARIEDADES;;BRASILEIRA CONSTITUINTE DE ESPAÇO QUALIFICADO;NÃO SERIADA;40;;2026;;RADIODIFUSÃO DE SONS E IMAGENS (TV ABERTA);NÃO;GLOBO COMUNICACAO E PARTICIPACOES S/A;27.865.757/0001-02;RJ;RIO DE JANEIRO
QUEM VAI ME ACOMPANHAR NO PROCESSO DA CIRURGIA DE LAQUEADURA?;B2600048300000;20/02/2026;DEFERIDO;VARIEDADES;Vídeoaula;BRASILEIRA INDEPENDENTE CONSTITUINTE DE ESPAÇO QUALIFICADO;NÃO SERIADA;1,7;;2026;;VIDEO DOMÉSTICO;NÃO;LAUANY SILVA DE MEDEIROS;PESSOA FÍSICA;PA;TUCURUÍ
QUEM, ONDE, O QUÊ POR CAETANO BEZERRA - EPISÓDIO: ADILSON PASSOS, BONECAS ABAYOMI, SALVADOR-BA;B2600158900000;15/05/2026;DEFERIDO;DOCUMENTÁRIO;;BRASILEIRA CONSTITUINTE DE ESPAÇO QUALIFICADO;SERIADA EM MÚLTIPLAS TEMPORADAS;13;1;2020;2020;RADIODIFUSÃO DE SONS E IMAGENS (TV ABERTA);NÃO;CAETANO BEZERRA MENDES;PESSOA FÍSICA;BA;SALVADOR
QUENTE;B2600245500000;27/07/2026;DEFERIDO;VÍDEOMUSICAL;;BRASILEIRA INDEPENDENTE CONSTITUINTE DE ESPAÇO QUALIFICADO;NÃO SERIADA;147;;2026;;COMUNICAÇÃO ELETRÔNICA DE MASSA POR ASSINATURA (TV PAGA);NÃO;AMANDA CRISTINA LOPES SARMENTO;PESSOA FÍSICA;RJ;RIO DE JANEIRO
QUENTE;B2600245700000;27/07/2026;DEFERIDO;VÍDEOMUSICAL;;BRASILEIRA INDEPENDENTE CONSTITUINTE DE ESPAÇO QUALIFICADO;NÃO SERIADA;2,5;;2026;;COMUNICAÇÃO ELETRÔNICA DE MASSA POR ASSINATURA (TV PAGA);NÃO;AMANDA CRISTINA LOPES SARMENTO;PESSOA FÍSICA;RJ;RIO DE JANEIRO
QUERIDO RIVER PHOENIX;B2600263400000;09/08/2026;DEFERIDO;FICÇÃO;;BRASILEIRA CONSTITUINTE DE ESPAÇO QUALIFICADO;NÃO SERIADA;15;;2026;;OUTROS MERCADOS - AUDIOVISUAL EM CIRCUITO RESTRITO;NÃO;EMANUEL SCHULMAN MUNIZ;PESSOA FÍSICA;SP;SÃO PAULO
QUIMÉRICO;B2600059300000;24/02/2026;DEFERIDO;FICÇÃO;;BRASILEIRA CONSTITUINTE DE ESPAÇO QUALIFICADO;NÃO SERIADA;14,5;;2026;;NENHUMA DAS OPÇÕES;NÃO;GABRIEL JOSÉ BATISTA LIMA;PESSOA FÍSICA;CE;FORTALEZA
QUINTAL DO LUKINHAS - POSTURADA/ POESIA ACÚSTICA 6/ RADAR/ WONDERFUL/ BOM (BLOCO 1);B2600173800000;26/05/2026;DEFERIDO;VÍDEOMUSICAL;Registro de Eventos;BRASILEIRA CONSTITUINTE DE ESPAÇO QUALIFICADO;NÃO SERIADA;8,4;;2025;;COMUNICAÇÃO ELETRÔNICA DE MASSA POR ASSINATURA (TV PAGA);NÃO;FRESH MIND CO PRODUÇÕES CINEMATOGRÁFICAS LTDA;35.787.586/0001-60;RJ;RIO DE JANEIRO
QUINTAL EXPERIMENTAL;B2600268600000;15/08/2026;DEFERIDO;DOCUMENTÁRIO;;BRASILEIRA CONSTITUINTE DE ESPAÇO QUALIFICADO;NÃO SERIADA;70,4;;2026;;OUTROS MERCADOS - VÍDEO POR DEMANDA;NÃO;05.485.038 ROBSON CLERIO SILVA;05.485.038/0001-15;SP;CAMPINAS
QUINZE DIAS;B2600104100000;06/04/2026;DEFERIDO;FICÇÃO;;BRASILEIRA INDEPENDENTE CONSTITUINTE DE ESPAÇO QUALIFICADO;NÃO SERIADA;100,3;;2026;;SALAS DE EXIBIÇÃO;NÃO;CONSPIRAÇÃO FILMES ENTRETENIMENTO 3º MILÊNIO LTDA.;09.180.984/0001-04;RJ;RIO DE JANEIRO
QUÍMICA URBANA, A PRIMEIRA BANDA DE ROCK DE SÃO BENEDITO;B2600136600000;28/04/2026;DEFERIDO;DOCUMENTÁRIO;;BRASILEIRA INDEPENDENTE CONSTITUINTE DE ESPAÇO QUALIFICADO;NÃO SERIADA;89,6;;2026;;SALAS DE EXIBIÇÃO;NÃO;53.683.509 SAMARA LIVIA RODRIGUES MALTA;53.683.509/0001-42;CE;IBIAPINA
RADIOTERAPIA;B2600164700000;21/05/2026;DEFERIDO;DOCUMENTÁRIO;;BRASILEIRA INDEPENDENTE CONSTITUINTE DE ESPAÇO QUALIFICADO;NÃO SERIADA;5;;2026;;OUTROS MERCADOS - AUDIOVISUAL EM CIRCUITO RESTRITO;NÃO;PAULO SERGIO SILVA;14.554.904/0001-73;SP;SÃO PAULO
RAFA, SAI DA JANELA;B2600225600000;13/07/2026;DEFERIDO;FICÇÃO;;BRASILEIRA INDEPENDENTE CONSTITUINTE DE ESPAÇO QUALIFICADO;NÃO SERIADA;13,0;;2026;;OUTROS MERCADOS - AUDIOVISUAL EM CIRCUITO RESTRITO;NÃO;YAN GEMUNDER DE HOLANDA;PESSOA FÍSICA;RJ;RIO DE JANEIRO
RAFAMEIA;B2600241900000;23/07/2026;DEFERIDO;FICÇÃO;;BRASILEIRA INDEPENDENTE CONSTITUINTE DE ESPAÇO QUALIFICADO;NÃO SERIADA;24,4;;2026;;SALAS DE EXIBIÇÃO;NÃO;EVA MARIA FILMES E PRODUCOES LTDA;20.122.923/0001-23;SE;ARACAJU
RAIO X;B2600095500000;26/03/2026;DEFERIDO;VÍDEOMUSICAL;Registro de Eventos;BRASILEIRA CONSTITUINTE DE ESPAÇO QUALIFICADO;NÃO SERIADA;3;;2024;;COMUNICAÇÃO ELETRÔNICA DE MASSA POR ASSINATURA (TV PAGA);NÃO;BONDE RECORDS MUSIC LTDA;21.857.777/0001-47;RJ;RIO DE JANEIRO
RAP NACIONAL;B2600149200000;06/05/2026;DEFERIDO;VÍDEOMUSICAL;;BRASILEIRA INDEPENDENTE CONSTITUINTE DE ESPAÇO QUALIFICADO;NÃO SERIADA;3,2;;2026;;COMUNICAÇÃO ELETRÔNICA DE MASSA POR ASSINATURA (TV PAGA);NÃO;APENAS PRODUÇÕES ARTÍSTICAS E CULTURAIS LTDA ME;21.322.224/0001-90;SP;SÃO PAULO
RAPIDINHAS NA COZINHA;B2600219100000;09/07/2026;DEFERIDO;FICÇÃO;Erótico/Pornográfica;COMUM;NÃO SERIADA;68,6;;2026;;COMUNICAÇÃO ELETRÔNICA DE MASSA POR ASSINATURA (TV PAGA);NÃO;PAULA CRISTINA MANN LTDA;21.942.299/0001-73;SP;SÃO PAULO
RAPUNZEL;B2600235900000;22/07/2026;DEFERIDO;FICÇÃO;;BRASILEIRA CONSTITUINTE DE ESPAÇO QUALIFICADO;NÃO SERIADA;17,5;;2026;;OUTROS MERCADOS - AUDIOVISUAL EM CIRCUITO RESTRITO;NÃO;GLOMC FILMES LTDA;51.816.492/0001-29;SP;JUNDIAÍ
RATARIA NO CABARÉ;B2600128600000;24/04/2026;DEFERIDO;ANIMAÇÃO;;BRASILEIRA INDEPENDENTE CONSTITUINTE DE ESPAÇO QUALIFICADO;NÃO SERIADA;2,1;;2026;;SALAS DE EXIBIÇÃO;NÃO;CAMILO FIGUEIRA MOREIRA;PESSOA FÍSICA;RJ;RIO DE JANEIRO
RAV SANY LIVE SHOW;B2600199200000;19/06/2026;DEFERIDO;VARIEDADES;;BRASILEIRA CONSTITUINTE DE ESPAÇO QUALIFICADO;SERIADA DE DURAÇÃO INDETERMINADA;2808;52;2026;2026;COMUNICAÇÃO ELETRÔNICA DE MASSA POR ASSINATURA (TV PAGA);NÃO;BM&C CONTEUDOS E TREINAMENTOS ON LINE S.A.;37.675.914/0001-62;SP;SÃO PAULO
RAÍZES DA ALMA;B2600062800000;27/02/2026;DEFERIDO;DOCUMENTÁRIO;;BRASILEIRA INDEPENDENTE CONSTITUINTE DE ESPAÇO QUALIFICADO;NÃO SERIADA;52,1;;2026;;RADIODIFUSÃO DE SONS E IMAGENS (TV ABERTA);NÃO;BODE ESPIATÓRIO FILMES LTDA.;10.524.095/0001-04;PE;RECIFE
RAÍZES DE FÉ;B2600059800000;24/02/2026;DEFERIDO;DOCUMENTÁRIO;;BRASILEIRA CONSTITUINTE DE ESPAÇO QUALIFICADO;NÃO SERIADA;31,3;;2026;;OUTROS MERCADOS - VÍDEO POR DEMANDA;NÃO;ADRIANA SANTANA DA SILVA;PESSOA FÍSICA;MG;CLÁUDIO
RAÍZES DE VIAMÃO: MEMÓRIA, TERRA E RESISTÊNCIA;B2600107400000;09/04/2026;DEFERIDO;DOCUMENTÁRIO;;BRASILEIRA CONSTITUINTE DE ESPAÇO QUALIFICADO;NÃO SERIADA;15,5;;2026;;SALAS DE EXIBIÇÃO;NÃO;WAGNER PEDROSO DE ABREU;PESSOA FÍSICA;RS;PORTO ALEGRE
RAÍZES VESTIDAS;B2600246300000;28/07/2026;DEFERIDO;DOCUMENTÁRIO;;BRASILEIRA CONSTITUINTE DE ESPAÇO QUALIFICADO;NÃO SERIADA;15,7;;2026;;SALAS DE EXIBIÇÃO;NÃO;ANA PAULA BEZERRA DE DEUS;PESSOA FÍSICA;BA;SALVADOR
RB CRIA - SÓIS_ (CLIPE OFICIAL) | HITLAB;B2600244000000;24/07/2026;DEFERIDO;VÍDEOMUSICAL;;BRASILEIRA INDEPENDENTE CONSTITUINTE DE ESPAÇO QUALIFICADO;NÃO SERIADA;3,0;;2026;;COMUNICAÇÃO ELETRÔNICA DE MASSA POR ASSINATURA (TV PAGA);NÃO;CALIFORNIA FILMES E PUBLICIDADE LTDA - ME;19.437.976/0001-54;BA;SALVADOR
REAL PROTAGONISTA;B2600064000000;02/03/2026;DEFERIDO;VÍDEOMUSICAL;;BRASILEIRA INDEPENDENTE CONSTITUINTE DE ESPAÇO QUALIFICADO;NÃO SERIADA;2,3;;2024;;COMUNICAÇÃO ELETRÔNICA DE MASSA POR ASSINATURA (TV PAGA);NÃO;EDUARDO ALVES FERREIRA DE CARVALHO;PESSOA FÍSICA;PE;JABOATÃO DOS GUARARAPES
REALIZADORXS;B2600165500000;21/05/2026;DEFERIDO;DOCUMENTÁRIO;;BRASILEIRA INDEPENDENTE CONSTITUINTE DE ESPAÇO QUALIFICADO;SERIADA EM TEMPORADA ÚNICA;182;7;2026;2026;RADIODIFUSÃO DE SONS E IMAGENS (TV ABERTA);NÃO;REC PRODUTORES ASSOCIADOS LTDA;02.669.022/0001-74;PE;RECIFE
REALIZADORXS.DOC;B2600113500000;15/04/2026;DEFERIDO;DOCUMENTÁRIO;;BRASILEIRA INDEPENDENTE CONSTITUINTE DE ESPAÇO QUALIFICADO;SERIADA EM MÚLTIPLAS TEMPORADAS;96;4;2026;2026;RADIODIFUSÃO DE SONS E IMAGENS (TV ABERTA);NÃO;PAPA JACA FILMES LTDA;25.238.748/0001-58;BA;SALVADOR
REAVIVADOS POR SUA PALAVRA;B2600016300000;19/01/2026;DEFERIDO;RELIGIOSA;;COMUM;SERIADA DE DURAÇÃO INDETERMINADA;10920;420;2026;2026;RADIODIFUSÃO DE SONS E IMAGENS (TV ABERTA);NÃO;TELEVISAO CACHOEIRA DO SUL LTDA;89.784.037/0001-61;RS;CACHOEIRA DO SUL
REBOBINANDO MEMÓRIAS - VIDEOLOCADORA CHARADA;B2600150000000;07/05/2026;DEFERIDO;DOCUMENTÁRIO;;BRASILEIRA INDEPENDENTE CONSTITUINTE DE ESPAÇO QUALIFICADO;NÃO SERIADA;92,5;;2026;;SALAS DE EXIBIÇÃO;NÃO;JEFFERSON MENDES GOMES;PESSOA FÍSICA;SP;SÃO CAETANO DO SUL
RECANTO DOS RIBEIROS;B2600024000000;27/01/2026;DEFERIDO;FICÇÃO;;BRASILEIRA INDEPENDENTE CONSTITUINTE DE ESPAÇO QUALIFICADO;NÃO SERIADA;70,1;;2026;;OUTROS MERCADOS - VÍDEO POR DEMANDA;NÃO;PITACO FILMES PRODUCOES AUDIOVISUAIS LTDA;48.537.548/0001-00;SP;PIRACICABA
RECEITAS DE MAINHA;B2600145700000;05/05/2026;DEFERIDO;VARIEDADES;;BRASILEIRA CONSTITUINTE DE ESPAÇO QUALIFICADO;NÃO SERIADA;23,9;;2026;;RADIODIFUSÃO DE SONS E IMAGENS (TV ABERTA);NÃO;GLOBO COMUNICACAO E PARTICIPACOES S/A;27.865.757/0001-02;RJ;RIO DE JANEIRO
RECIFE;B2600071900000;10/03/2026;DEFERIDO;VÍDEOMUSICAL;;BRASILEIRA INDEPENDENTE CONSTITUINTE DE ESPAÇO QUALIFICADO;NÃO SERIADA;3,7;;2025;;OUTROS MERCADOS - VÍDEO POR DEMANDA;NÃO;TOYGER DIGITAL CONTENT LTDA;31.783.299/0001-21;PE;RECIFE
RECLAME ESPECIAL BBB 2026;B2600035100000;05/02/2026;DEFERIDO;VARIEDADES;;BRASILEIRA CONSTITUINTE DE ESPAÇO QUALIFICADO;SERIADA DE DURAÇÃO INDETERMINADA;45;5;2026;2026;COMUNICAÇÃO ELETRÔNICA DE MASSA POR ASSINATURA (TV PAGA);NÃO;GLOBO COMUNICACAO E PARTICIPACOES S/A;27.865.757/0001-02;RJ;RIO DE JANEIRO
RECOLHEITA PARA A VIDA;B2600224600000;13/07/2026;DEFERIDO;ANIMAÇÃO;;BRASILEIRA CONSTITUINTE DE ESPAÇO QUALIFICADO;NÃO SERIADA;42,5;;2026;;VIDEO DOMÉSTICO;NÃO;RICARDO FERNANDES RODRIGUES LTDA;35.594.684/0001-81;SP;JAÚ
RECREIO - AS MELHORES PIADAS;B2600260700000;06/08/2026;DEFERIDO;VARIEDADES;;BRASILEIRA CONSTITUINTE DE ESPAÇO QUALIFICADO;SERIADA EM TEMPORADA ÚNICA;36;12;2026;2026;COMUNICAÇÃO ELETRÔNICA DE MASSA POR ASSINATURA (TV PAGA);NÃO;NIRVANA TECNOLOGIA DIGITAL LTDA;24.815.120/0001-05;SP;SÃO PAULO
RECREIO - MUNDO MELHOR;B2600260600000;06/08/2026;DEFERIDO;VARIEDADES;;BRASILEIRA CONSTITUINTE DE ESPAÇO QUALIFICADO;SERIADA DE DURAÇÃO INDETERMINADA;420;60;2026;2026;COMUNICAÇÃO ELETRÔNICA DE MASSA POR ASSINATURA (TV PAGA);NÃO;NIRVANA TECNOLOGIA DIGITAL LTDA;24.815.120/0001-05;SP;SÃO PAULO
REDESTINA;B2600249300000;29/07/2026;DEFERIDO;FICÇÃO;;BRASILEIRA CONSTITUINTE DE ESPAÇO QUALIFICADO;NÃO SERIADA;14,7;;2026;;VIDEO DOMÉSTICO;NÃO;MAYARA CRISTINA MASCARENHAS;PESSOA FÍSICA;MG;SÃO JOÃO DEL REI
REINALDO - ALLANA MACEDO;B2600060800000;26/02/2026;DEFERIDO;VÍDEOMUSICAL;;BRASILEIRA INDEPENDENTE CONSTITUINTE DE ESPAÇO QUALIFICADO;NÃO SERIADA;3,2;;2026;;COMUNICAÇÃO ELETRÔNICA DE MASSA POR ASSINATURA (TV PAGA);NÃO;53.450.239 ANA PAULA BOVI VALLILO;53.450.239/0001-20;SP;SANTANA DE PARNAÍBA
REINO DA BAHIA;B2600230300000;16/07/2026;DEFERIDO;FICÇÃO;;BRASILEIRA INDEPENDENTE CONSTITUINTE DE ESPAÇO QUALIFICADO;SERIADA EM MÚLTIPLAS TEMPORADAS;101,1;8;2026;2026;COMUNICAÇÃO ELETRÔNICA DE MASSA POR ASSINATURA (TV PAGA);NÃO;CINE ARTS FILMES E PRODUÇÔES EIRELI;16.697.168/0001-38;BA;SALVADOR
REINVENTANDO CLÔ;B2600084200000;19/03/2026;DEFERIDO;REALITY-SHOW;;BRASILEIRA INDEPENDENTE CONSTITUINTE DE ESPAÇO QUALIFICADO;SERIADA EM MÚLTIPLAS TEMPORADAS;293,7;6;2026;2026;COMUNICAÇÃO ELETRÔNICA DE MASSA POR ASSINATURA (TV PAGA);NÃO;LYNXFILM PRODUÇÕES AUDIO-VISUAIS LTDA;61.383.022/0001-72;SP;SÃO PAULO
REIS: A DECADÊNCIA  - TEMPORADA 10;B2600050300000;23/02/2026;DEFERIDO;FICÇÃO;;BRASILEIRA CONSTITUINTE DE ESPAÇO QUALIFICADO;SERIADA EM MÚLTIPLAS TEMPORADAS;945;21;2024;2024;RADIODIFUSÃO DE SONS E IMAGENS (TV ABERTA);NÃO;UNIPRO EDITORA LTDA;30.521.728/0001-20;RJ;RIO DE JANEIRO
REIS: A DIVISÃO - TEMPORADA 11;B2600063900000;02/03/2026;DEFERIDO;FICÇÃO;;BRASILEIRA CONSTITUINTE DE ESPAÇO QUALIFICADO;SERIADA EM MÚLTIPLAS TEMPORADAS;855;19;2024;2024;RADIODIFUSÃO DE SONS E IMAGENS (TV ABERTA);NÃO;UNIPRO EDITORA LTDA;30.521.728/0001-20;RJ;RIO DE JANEIRO
REIS: A EMBOSCADA - TEMPORADA 12;B2600050600000;23/02/2026;DEFERIDO;FICÇÃO;;BRASILEIRA CONSTITUINTE DE ESPAÇO QUALIFICADO;SERIADA EM MÚLTIPLAS TEMPORADAS;1035;23;2024;2024;RADIODIFUSÃO DE SONS E IMAGENS (TV ABERTA);NÃO;UNIPRO EDITORA LTDA;30.521.728/0001-20;RJ;RIO DE JANEIRO
RELAÇÃO (LUAU 1KILO);B2600185300000;08/06/2026;DEFERIDO;VÍDEOMUSICAL;;BRASILEIRA INDEPENDENTE CONSTITUINTE DE ESPAÇO QUALIFICADO;NÃO SERIADA;3,7;;2026;;COMUNICAÇÃO ELETRÔNICA DE MASSA POR ASSINATURA (TV PAGA);NÃO;1 KILO GRAVADORA E EDITORA LTDA;29.318.673/0001-76;RJ;RIO DE JANEIRO
RELICÁRIO;B2600006800000;08/01/2026;DEFERIDO;FICÇÃO;;BRASILEIRA INDEPENDENTE CONSTITUINTE DE ESPAÇO QUALIFICADO;NÃO SERIADA;80,1;;2026;;SALAS DE EXIBIÇÃO;NÃO;GP7 CINEMA LTDA;04.937.797/0001-09;PR;CURITIBA
RELOADED - 2ª TEMPORADA;B2600018600000;21/01/2026;DEFERIDO;DOCUMENTÁRIO;;BRASILEIRA CONSTITUINTE DE ESPAÇO QUALIFICADO;SERIADA EM MÚLTIPLAS TEMPORADAS;78;26;2026;2026;COMUNICAÇÃO ELETRÔNICA DE MASSA POR ASSINATURA (TV PAGA);NÃO;NOVAS MIDIAS DIGITAIS PROGRAMADORA LTDA;07.906.636/0001-46;RJ;RIO DE JANEIRO
REMINISCÊNCIAS;B2600027900000;30/01/2026;DEFERIDO;DOCUMENTÁRIO;;BRASILEIRA CONSTITUINTE DE ESPAÇO QUALIFICADO;NÃO SERIADA;10,5;;2026;;SALAS DE EXIBIÇÃO;NÃO;MARIA NATHALIA CAVALCANTE;PESSOA FÍSICA;PR;ALMIRANTE TAMANDARÉ
RENASCIDOS - NOVO CORAÇÃO;B2600023400000;26/01/2026;DEFERIDO;FICÇÃO;;BRASILEIRA INDEPENDENTE CONSTITUINTE DE ESPAÇO QUALIFICADO;NÃO SERIADA;116,8;;2026;;OUTROS MERCADOS - VÍDEO POR DEMANDA;NÃO;PARAISO FILMES LTDA;32.267.625/0001-00;SP;JUNDIAÍ
REPARAÇÃO;B2600240500000;23/07/2026;DEFERIDO;DOCUMENTÁRIO;;BRASILEIRA INDEPENDENTE CONSTITUINTE DE ESPAÇO QUALIFICADO;NÃO SERIADA;70,3;;2026;;SALAS DE EXIBIÇÃO;NÃO;MARCUS VINICIUS GENTIL CURVELO;18.990.058/0001-95;BA;LAURO DE FREITAS
REPLAY - EXAGERADO;B2600154300000;12/05/2026;DEFERIDO;VARIEDADES;;BRASILEIRA INDEPENDENTE CONSTITUINTE DE ESPAÇO QUALIFICADO;SERIADA EM MÚLTIPLAS TEMPORADAS;285,9;10;2026;2026;COMUNICAÇÃO ELETRÔNICA DE MASSA POR ASSINATURA (TV PAGA);NÃO;JF TAPAJOS DE OLIVEIRA RAMOS PRODUÇÕES;27.324.321/0001-06;SP;SÃO PAULO
REQUIEM;B2600160100000;18/05/2026;DEFERIDO;VÍDEOMUSICAL;;BRASILEIRA INDEPENDENTE CONSTITUINTE DE ESPAÇO QUALIFICADO;NÃO SERIADA;4,5;;2019;;COMUNICAÇÃO ELETRÔNICA DE MASSA POR ASSINATURA (TV PAGA);NÃO;RODRIGO DE SOUZA SALES MONTEIRO;PESSOA FÍSICA;SP;SÃO PAULO
RESENHA NA LAJE;B2600085500000;20/03/2026;DEFERIDO;VÍDEOMUSICAL;;BRASILEIRA INDEPENDENTE CONSTITUINTE DE ESPAÇO QUALIFICADO;NÃO SERIADA;1,7;;2026;;COMUNICAÇÃO ELETRÔNICA DE MASSA POR ASSINATURA (TV PAGA);NÃO;GR6 EVENTOS - PRODUTORA, GRAVADORA E EDITORA LTDA;17.977.383/0001-55;SP;SÃO PAULO
RESISTÊNCIA AO VIVO NO CIRCO VOADOR - BLACK PANTERA;B2600042500000;11/02/2026;DEFERIDO;VÍDEOMUSICAL;Registro de Eventos;BRASILEIRA INDEPENDENTE CONSTITUINTE DE ESPAÇO QUALIFICADO;NÃO SERIADA;77,4;;2026;;COMUNICAÇÃO ELETRÔNICA DE MASSA POR ASSINATURA (TV PAGA);NÃO;DECK PRODUÇÕES ARTÍSTICAS LTDA;30.253.090/0001-93;RJ;RIO DE JANEIRO
RESSONÂNCIAS;B2600053500000;24/02/2026;DEFERIDO;DOCUMENTÁRIO;;BRASILEIRA INDEPENDENTE CONSTITUINTE DE ESPAÇO QUALIFICADO;NÃO SERIADA;25;;2026;;SALAS DE EXIBIÇÃO;NÃO;ANA AMÉLIA ALMADA ARANTES - ME;13.811.800/0001-34;MG;BELO HORIZONTE
RESTAURO;B2600094200000;25/03/2026;DEFERIDO;DOCUMENTÁRIO;;BRASILEIRA INDEPENDENTE CONSTITUINTE DE ESPAÇO QUALIFICADO;NÃO SERIADA;17,3;;2026;;SALAS DE EXIBIÇÃO;NÃO;SEGREDO FILMES LTDA;18.452.175/0001-03;BA;SALVADOR
RESÍDUO;B2600236900000;22/07/2026;DEFERIDO;FICÇÃO;;BRASILEIRA INDEPENDENTE CONSTITUINTE DE ESPAÇO QUALIFICADO;NÃO SERIADA;10,1;;2026;;SALAS DE EXIBIÇÃO;NÃO;RODRIGO AIRTON FERREIRA LOPES DA SILVA ***********;31.029.297/0001-41;MG;JUIZ DE FORA
RETICENTE;B2600210700000;30/06/2026;DEFERIDO;VÍDEOMUSICAL;;BRASILEIRA INDEPENDENTE CONSTITUINTE DE ESPAÇO QUALIFICADO;NÃO SERIADA;3,4;;2026;;COMUNICAÇÃO ELETRÔNICA DE MASSA POR ASSINATURA (TV PAGA);NÃO;DANIELA FARIA PROMOÇÕES ARTÍSTICAS LTDA;36.697.749/0001-87;RJ;RIO DE JANEIRO
RETRATO DE CLASSE - A VIDA, AS PESSOAS E AS COISAS;B2600161400000;19/05/2026;DEFERIDO;DOCUMENTÁRIO;;BRASILEIRA INDEPENDENTE CONSTITUINTE DE ESPAÇO QUALIFICADO;NÃO SERIADA;72,8;;2026;;SALAS DE EXIBIÇÃO;NÃO;CLARIO FILMES LTDA;22.889.475/0001-13;RJ;RIO DE JANEIRO
RETRATOS;B2600072700000;10/03/2026;DEFERIDO;DOCUMENTÁRIO;;BRASILEIRA CONSTITUINTE DE ESPAÇO QUALIFICADO;SERIADA EM MÚLTIPLAS TEMPORADAS;600;24;2026;2026;RADIODIFUSÃO DE SONS E IMAGENS (TV ABERTA);NÃO;TELEVISAO CACHOEIRA DO SUL LTDA;89.784.037/0001-61;RS;CACHOEIRA DO SUL
RETRATOS BRASILEIROS - ROSEMBERG CARIRY;B2600188000000;10/06/2026;DEFERIDO;DOCUMENTÁRIO;;BRASILEIRA CONSTITUINTE DE ESPAÇO QUALIFICADO;NÃO SERIADA;30;;2010;;COMUNICAÇÃO ELETRÔNICA DE MASSA POR ASSINATURA (TV PAGA);NÃO;CANAL BRAZIL S/A;02.608.224/0001-06;RJ;RIO DE JANEIRO
REUNIÃO FAMILIAR E PLANEJAMENTO ANTECIPADO DE CUIDADOS PALIATIVOS: SIMULAÇÃO REALÍSTICA EDUCACIONAL;B2600229200000;15/07/2026;DEFERIDO;VARIEDADES;Vídeoaula;BRASILEIRA CONSTITUINTE DE ESPAÇO QUALIFICADO;NÃO SERIADA;34,0;;2026;;OUTROS MERCADOS;NÃO;SIMONE DOS SANTOS ABRAÃO PAMPOLHA;PESSOA FÍSICA;PA;BELÉM
REVELACION;B2600128200000;24/04/2026;DEFERIDO;FICÇÃO;;BRASILEIRA INDEPENDENTE CONSTITUINTE DE ESPAÇO QUALIFICADO;NÃO SERIADA;4,1;;2026;;OUTROS MERCADOS;NÃO;MARCIA BEATRIZ SILVEIRA GRANERO;PESSOA FÍSICA;SP;SÃO PAULO
REVELAÇÃO;B2600049600000;23/02/2026;DEFERIDO;FICÇÃO;;BRASILEIRA INDEPENDENTE CONSTITUINTE DE ESPAÇO QUALIFICADO;NÃO SERIADA;17,7;;2026;;SALAS DE EXIBIÇÃO;SIM;POR EXTENSO AUDIOVISUAIS LTDA;33.337.641/0001-95;RJ;RIO DE JANEIRO
REVISITANDO VERSOS;B2600277800000;20/08/2026;DEFERIDO;DOCUMENTÁRIO;;BRASILEIRA INDEPENDENTE CONSTITUINTE DE ESPAÇO QUALIFICADO;SERIADA EM TEMPORADA ÚNICA;84;3;2026;2026;COMUNICAÇÃO ELETRÔNICA DE MASSA POR ASSINATURA (TV PAGA);NÃO;MAREA PRODUCOES LTDA;04.069.379/0001-47;SC;FLORIANÓPOLIS
REVISTA NOVO TEMPO;B2600011100000;13/01/2026;DEFERIDO;JORNALÍSTICA;;COMUM;SERIADA DE DURAÇÃO INDETERMINADA;5500;220;2026;2026;RADIODIFUSÃO DE SONS E IMAGENS (TV ABERTA);NÃO;TELEVISAO CACHOEIRA DO SUL LTDA;89.784.037/0001-61;RS;CACHOEIRA DO SUL
REVISTA NOVO TEMPO - ESPECIAL;B2600010800000;13/01/2026;DEFERIDO;JORNALÍSTICA;;COMUM;SERIADA DE DURAÇÃO INDETERMINADA;5520;60;2026;2026;RADIODIFUSÃO DE SONS E IMAGENS (TV ABERTA);NÃO;TELEVISAO CACHOEIRA DO SUL LTDA;89.784.037/0001-61;RS;CACHOEIRA DO SUL
REVOLUÇÃO VEGANA - ALIMENTANDO O FUTURO;B2600114000000;15/04/2026;DEFERIDO;DOCUMENTÁRIO;;BRASILEIRA INDEPENDENTE CONSTITUINTE DE ESPAÇO QUALIFICADO;NÃO SERIADA;39,8;;2026;;RADIODIFUSÃO DE SONS E IMAGENS (TV ABERTA);NÃO;ROGENER PAVINSKI BARBOSA LTDA;45.456.880/0001-43;SP;RIBEIRÃO PRETO
RICARDO BACELAR - NADA SERÁ COMO ANTES;B2600221800000;10/07/2026;DEFERIDO;VÍDEOMUSICAL;Registro de Eventos;BRASILEIRA INDEPENDENTE CONSTITUINTE DE ESPAÇO QUALIFICADO;NÃO SERIADA;6,1;;2018;;COMUNICAÇÃO ELETRÔNICA DE MASSA POR ASSINATURA (TV PAGA);NÃO;RICARDO BACELAR PAIVA;PESSOA FÍSICA;CE;FORTALEZA
RICARDO BACELAR - PARTIDO ALTO;B2600225000000;13/07/2026;DEFERIDO;VÍDEOMUSICAL;Registro de Eventos;BRASILEIRA INDEPENDENTE CONSTITUINTE DE ESPAÇO QUALIFICADO;NÃO SERIADA;4,8;;2018;;COMUNICAÇÃO ELETRÔNICA DE MASSA POR ASSINATURA (TV PAGA);NÃO;RICARDO BACELAR PAIVA;PESSOA FÍSICA;CE;FORTALEZA
RICARDO BACELAR - TODA MENINA BAIANA PRAIA;B2600222300000;10/07/2026;DEFERIDO;VÍDEOMUSICAL;;BRASILEIRA INDEPENDENTE CONSTITUINTE DE ESPAÇO QUALIFICADO;NÃO SERIADA;4,7;;2018;;COMUNICAÇÃO ELETRÔNICA DE MASSA POR ASSINATURA (TV PAGA);NÃO;RICARDO BACELAR PAIVA;PESSOA FÍSICA;CE;FORTALEZA
RICARDO BACELAR - VOLTA DA ASA BRANCA;B2600224800000;13/07/2026;DEFERIDO;VÍDEOMUSICAL;;BRASILEIRA INDEPENDENTE CONSTITUINTE DE ESPAÇO QUALIFICADO;NÃO SERIADA;4,9;;2018;;COMUNICAÇÃO ELETRÔNICA DE MASSA POR ASSINATURA (TV PAGA);NÃO;RICARDO BACELAR PAIVA;PESSOA FÍSICA;CE;FORTALEZA
RICARDO BACELAR - VÍCIO ELEGANTE;B2600225100000;13/07/2026;DEFERIDO;VÍDEOMUSICAL;;BRASILEIRA INDEPENDENTE CONSTITUINTE DE ESPAÇO QUALIFICADO;NÃO SERIADA;5,6;;2018;;COMUNICAÇÃO ELETRÔNICA DE MASSA POR ASSINATURA (TV PAGA);NÃO;RICARDO BACELAR PAIVA;PESSOA FÍSICA;CE;FORTALEZA
RICARDO BACELAR - ÁGUA DE BEBER;B2600220800000;09/07/2026;DEFERIDO;VÍDEOMUSICAL;Registro de Eventos;BRASILEIRA INDEPENDENTE CONSTITUINTE DE ESPAÇO QUALIFICADO;NÃO SERIADA;4,3;;2018;;COMUNICAÇÃO ELETRÔNICA DE MASSA POR ASSINATURA (TV PAGA);NÃO;RICARDO BACELAR PAIVA;PESSOA FÍSICA;CE;FORTALEZA
RICARDO BACELAR – OH MANA DEIXA EU IR;B2600222000000;10/07/2026;DEFERIDO;VÍDEOMUSICAL;;BRASILEIRA INDEPENDENTE CONSTITUINTE DE ESPAÇO QUALIFICADO;NÃO SERIADA;5,1;;2018;;COMUNICAÇÃO ELETRÔNICA DE MASSA POR ASSINATURA (TV PAGA);NÃO;RICARDO BACELAR PAIVA;PESSOA FÍSICA;CE;FORTALEZA
RICARDO BACELAR – SOMEWHERE IN THE HILLS;B2600222400000;10/07/2026;DEFERIDO;VÍDEOMUSICAL;;BRASILEIRA INDEPENDENTE CONSTITUINTE DE ESPAÇO QUALIFICADO;NÃO SERIADA;4,5;;2018;;COMUNICAÇÃO ELETRÔNICA DE MASSA POR ASSINATURA (TV PAGA);NÃO;RICARDO BACELAR PAIVA;PESSOA FÍSICA;CE;FORTALEZA
RIO DE CLARICE;B2600083800000;18/03/2026;DEFERIDO;FICÇÃO;;BRASILEIRA INDEPENDENTE CONSTITUINTE DE ESPAÇO QUALIFICADO;NÃO SERIADA;81,3;;2026;;SALAS DE EXIBIÇÃO;NÃO;ABOIM PRODUÇÕES E ARTES LTDA;28.957.140/0001-71;RJ;TERESÓPOLIS
RIO DE SANGUE;B2600026500000;29/01/2026;DEFERIDO;FICÇÃO;;BRASILEIRA INDEPENDENTE CONSTITUINTE DE ESPAÇO QUALIFICADO;NÃO SERIADA;106,1;;2026;;SALAS DE EXIBIÇÃO;NÃO;INTRO PICTURES PRODUÇÕES CINEMATOGRÁFICAS LTDA;05.832.663/0001-96;SP;SÃO PAULO
RIO, DO SAMBA AO CINE - O FILME;B2600033300000;04/02/2026;DEFERIDO;DOCUMENTÁRIO;;BRASILEIRA INDEPENDENTE CONSTITUINTE DE ESPAÇO QUALIFICADO;NÃO SERIADA;74,0;;2026;;SALAS DE EXIBIÇÃO;NÃO;DI MAURO CULTURA E ARTE PRODUÇÕES ARTÍSTICAS LTDA;00.061.412/0001-31;RJ;RIO DE JANEIRO
RIPIEI;B2600005900000;08/01/2026;DEFERIDO;VÍDEOMUSICAL;Registro de Eventos;BRASILEIRA CONSTITUINTE DE ESPAÇO QUALIFICADO;NÃO SERIADA;3,1;;2025;;COMUNICAÇÃO ELETRÔNICA DE MASSA POR ASSINATURA (TV PAGA);NÃO;ATABAQUE ENTRETENIMENTO LTDA;42.314.670/0001-22;SP;SÃO PAULO
RITMOS E CORES: A DIVERSIDADE NOS ELEMENTOS DA CULTURA HIP-HOP;B2600060100000;25/02/2026;DEFERIDO;DOCUMENTÁRIO;;BRASILEIRA CONSTITUINTE DE ESPAÇO QUALIFICADO;SERIADA EM TEMPORADA ÚNICA;113,5;7;2026;2026;NENHUMA DAS OPÇÕES;NÃO;LUAN ALVES GONDIM;PESSOA FÍSICA;RN;MOSSORÓ
RITUAL DA ALTA MAGIA;B2600118800000;16/04/2026;DEFERIDO;VÍDEOMUSICAL;Registro de Eventos;BRASILEIRA INDEPENDENTE CONSTITUINTE DE ESPAÇO QUALIFICADO;NÃO SERIADA;3,1;;2019;;SALAS DE EXIBIÇÃO;NÃO;GUAJUPIA FILMES LTDA;50.205.115/0001-90;RJ;RIO DE JANEIRO
RIVELLINO 80;B2600027300000;29/01/2026;DEFERIDO;DOCUMENTÁRIO;;BRASILEIRA CONSTITUINTE DE ESPAÇO QUALIFICADO;NÃO SERIADA;56,8;;2025;;RADIODIFUSÃO DE SONS E IMAGENS (TV ABERTA);NÃO;FUND PE ANCHIETA CENTRO PAULISTA RADIO E TV EDUCATIVAS;61.914.891/0001-86;SP;SÃO PAULO
RJ DO POVO;B2600075100000;12/03/2026;DEFERIDO;JORNALÍSTICA;;COMUM;SERIADA DE DURAÇÃO INDETERMINADA;6270;209;2026;2026;RADIODIFUSÃO DE SONS E IMAGENS (TV ABERTA);NÃO;TV OMEGA LTDA.;02.131.538/0001-60;SP;OSASCO
ROBERTO RIBEIRO, EU TAMBÉM JÁ FUI REI;B2600096100000;26/03/2026;DEFERIDO;DOCUMENTÁRIO;;BRASILEIRA INDEPENDENTE CONSTITUINTE DE ESPAÇO QUALIFICADO;NÃO SERIADA;72;;2026;;COMUNICAÇÃO ELETRÔNICA DE MASSA POR ASSINATURA (TV PAGA);NÃO;C C B GALLO PRODUÇÕES ARTISTICAS;28.931.903/0001-05;RJ;RIO DE JANEIRO
ROBIN;B2600096200000;26/03/2026;DEFERIDO;FICÇÃO;;BRASILEIRA INDEPENDENTE CONSTITUINTE DE ESPAÇO QUALIFICADO;NÃO SERIADA;9,9;;2026;;OUTROS MERCADOS;NÃO;OFICINA PROJETOS E PRODUCOES LTDA;08.582.586/0001-51;SC;JOINVILLE
ROCHA: SUBSTANTIVO FEMININO;B2600068700000;05/03/2026;DEFERIDO;DOCUMENTÁRIO;;BRASILEIRA INDEPENDENTE CONSTITUINTE DE ESPAÇO QUALIFICADO;NÃO SERIADA;25;;2026;;SALAS DE EXIBIÇÃO;NÃO;COLETIVO ROCHA;55.840.133/0001-68;DF;BRASÍLIA
RODA GIGANTE;B2600257500000;05/08/2026;DEFERIDO;VÍDEOMUSICAL;Registro de Eventos;BRASILEIRA INDEPENDENTE CONSTITUINTE DE ESPAÇO QUALIFICADO;NÃO SERIADA;3,2;;2025;;COMUNICAÇÃO ELETRÔNICA DE MASSA POR ASSINATURA (TV PAGA);NÃO;TOPO DO MUNDO EMPREENDIMENTOS ARTISTICOS LTDA;53.712.780/0001-69;RJ;NITERÓI
ROGER RICCO: UMA HISTÓRIA DE CONQUISTAS E SUPERAÇÃO;B2600206300000;25/06/2026;DEFERIDO;DOCUMENTÁRIO;;BRASILEIRA INDEPENDENTE CONSTITUINTE DE ESPAÇO QUALIFICADO;NÃO SERIADA;15;;2026;;NENHUMA DAS OPÇÕES;NÃO;ROGERIO PEREIRA DA SILVA ***********;32.193.572/0001-20;PE;OLINDA
ROLÊ ALEATÓRIO;B2600015600000;16/01/2026;DEFERIDO;VÍDEOMUSICAL;Registro de Eventos;BRASILEIRA CONSTITUINTE DE ESPAÇO QUALIFICADO;NÃO SERIADA;3,3;;2026;;COMUNICAÇÃO ELETRÔNICA DE MASSA POR ASSINATURA (TV PAGA);NÃO;AKT EDICOES MUSICAIS LTDA;41.210.417/0001-66;MG;BELO HORIZONTE
ROLÊ BOM;B2600012400000;14/01/2026;DEFERIDO;VÍDEOMUSICAL;Registro de Eventos;BRASILEIRA CONSTITUINTE DE ESPAÇO QUALIFICADO;NÃO SERIADA;3,9;;2025;;COMUNICAÇÃO ELETRÔNICA DE MASSA POR ASSINATURA (TV PAGA);NÃO;MARIANA LAVIAGUERRE PORTO;PESSOA FÍSICA;SP;SÃO PAULO
ROSA NEGRA - IVONE FERREIRA CAETANO;B2600137000000;28/04/2026;DEFERIDO;DOCUMENTÁRIO;;BRASILEIRA INDEPENDENTE CONSTITUINTE DE ESPAÇO QUALIFICADO;NÃO SERIADA;55,6;;2026;;SALAS DE EXIBIÇÃO;NÃO;ALEXANDRE PENA PRODUCOES LTDA;13.291.157/0001-65;RJ;RIO DE JANEIRO
ROSAS;B2600069900000;06/03/2026;DEFERIDO;FICÇÃO;;BRASILEIRA INDEPENDENTE CONSTITUINTE DE ESPAÇO QUALIFICADO;NÃO SERIADA;16,4;;2026;;OUTROS MERCADOS - VÍDEO POR DEMANDA;NÃO;CMEIRELLES PSICOLOGIA E PRODUÇÕES ARTÍSTICAS LTDA;04.113.919/0001-42;RJ;RIO DE JANEIRO
ROTA 32;B2600061300000;26/02/2026;DEFERIDO;VARIEDADES;;BRASILEIRA CONSTITUINTE DE ESPAÇO QUALIFICADO;SERIADA DE DURAÇÃO INDETERMINADA;80,5;7;2026;2026;COMUNICAÇÃO ELETRÔNICA DE MASSA POR ASSINATURA (TV PAGA);NÃO;FRESH MIND CO PRODUÇÕES CINEMATOGRÁFICAS LTDA;35.787.586/0001-60;RJ;RIO DE JANEIRO
ROTA FÁCIL;B2600064100000;02/03/2026;DEFERIDO;JORNALÍSTICA;;COMUM;SERIADA EM MÚLTIPLAS TEMPORADAS;240;8;2026;2026;COMUNICAÇÃO ELETRÔNICA DE MASSA POR ASSINATURA (TV PAGA);NÃO;BM&C CONTEUDOS E TREINAMENTOS ON LINE S.A.;37.675.914/0001-62;SP;SÃO PAULO
ROUTE 66 - O SONHO AMERICANO;B2600182500000;02/06/2026;DEFERIDO;VARIEDADES;;BRASILEIRA CONSTITUINTE DE ESPAÇO QUALIFICADO;SERIADA EM TEMPORADA ÚNICA;159,5;11;2026;2026;COMUNICAÇÃO ELETRÔNICA DE MASSA POR ASSINATURA (TV PAGA);NÃO;ADRILAINE CRISTINA AIALA;PESSOA FÍSICA;PR;TOLEDO
ROÇA REMOTA;B2600248800000;29/07/2026;DEFERIDO;DOCUMENTÁRIO;;BRASILEIRA INDEPENDENTE CONSTITUINTE DE ESPAÇO QUALIFICADO;NÃO SERIADA;19,8;;2026;;NENHUMA DAS OPÇÕES;NÃO;55.439.664 ALEX DA SILVA ROCHA;55.439.664/0001-43;TO;PALMAS
RUAS MUNDO AFORA - 6ª TEMPORADA;B2600034100000;04/02/2026;DEFERIDO;VARIEDADES;;BRASILEIRA INDEPENDENTE CONSTITUINTE DE ESPAÇO QUALIFICADO;SERIADA EM MÚLTIPLAS TEMPORADAS;405;15;2026;2026;COMUNICAÇÃO ELETRÔNICA DE MASSA POR ASSINATURA (TV PAGA);NÃO;RM RUAS PRODUÇÕES ARTÍSTICAS LTDA-ME;15.836.857/0001-13;SP;SÃO PAULO
RÁDIO LOVE NACIONAL - DETONAUTAS;B2600074400000;11/03/2026;DEFERIDO;VÍDEOMUSICAL;Registro de Eventos;BRASILEIRA INDEPENDENTE CONSTITUINTE DE ESPAÇO QUALIFICADO;NÃO SERIADA;3,3;;2026;;COMUNICAÇÃO ELETRÔNICA DE MASSA POR ASSINATURA (TV PAGA);NÃO;DECK PRODUÇÕES ARTÍSTICAS LTDA;30.253.090/0001-93;RJ;RIO DE JANEIRO
SABE NADA (LUAU 1KILO);B2600185200000;08/06/2026;DEFERIDO;VÍDEOMUSICAL;;BRASILEIRA INDEPENDENTE CONSTITUINTE DE ESPAÇO QUALIFICADO;NÃO SERIADA;3,5;;2026;;COMUNICAÇÃO ELETRÔNICA DE MASSA POR ASSINATURA (TV PAGA);NÃO;1 KILO GRAVADORA E EDITORA LTDA;29.318.673/0001-76;RJ;RIO DE JANEIRO
SABES DE MIM, AGORA ESQUEÇA;B2600080600000;17/03/2026;DEFERIDO;FICÇÃO;;BRASILEIRA INDEPENDENTE CONSTITUINTE DE ESPAÇO QUALIFICADO;NÃO SERIADA;95,9;;2026;;SALAS DE EXIBIÇÃO;NÃO;CORRIOLA - PRODUCAO DE SERVICOS AUDIOVISUAIS LTDA;21.702.596/0001-41;DF;BRASÍLIA
SABOREIA;B2600113300000;15/04/2026;DEFERIDO;FICÇÃO;;BRASILEIRA CONSTITUINTE DE ESPAÇO QUALIFICADO;NÃO SERIADA;12,7;;2026;;NENHUMA DAS OPÇÕES;NÃO;FERNANDO LUIS DE ARRUDA MARQUES;PESSOA FÍSICA;PE;OLINDA
SABORES DO DF 2026;B2600220300000;09/07/2026;DEFERIDO;VARIEDADES;;BRASILEIRA CONSTITUINTE DE ESPAÇO QUALIFICADO;SERIADA EM MÚLTIPLAS TEMPORADAS;120;3;2026;2026;RADIODIFUSÃO DE SONS E IMAGENS (TV ABERTA);NÃO;GLOBO COMUNICACAO E PARTICIPACOES S/A;27.865.757/0001-02;RJ;RIO DE JANEIRO
SACAS DE AREIA;B2600249000000;29/07/2026;DEFERIDO;FICÇÃO;;BRASILEIRA INDEPENDENTE CONSTITUINTE DE ESPAÇO QUALIFICADO;NÃO SERIADA;15,1;;2026;;SALAS DE EXIBIÇÃO;NÃO;PARALELO 15 FILMES LTDA;30.284.248/0001-92;MT;CUIABÁ
SAIA JUSTA;B2600124700000;22/04/2026;DEFERIDO;VARIEDADES;;BRASILEIRA CONSTITUINTE DE ESPAÇO QUALIFICADO;SERIADA EM MÚLTIPLAS TEMPORADAS;1800;30;2026;2026;COMUNICAÇÃO ELETRÔNICA DE MASSA POR ASSINATURA (TV PAGA);NÃO;GLOBO COMUNICACAO E PARTICIPACOES S/A;27.865.757/0001-02;RJ;RIO DE JANEIRO
SAL & SOMBRA;B2600225900000;13/07/2026;DEFERIDO;VÍDEOMUSICAL;;BRASILEIRA INDEPENDENTE CONSTITUINTE DE ESPAÇO QUALIFICADO;NÃO SERIADA;3,5;;2026;;COMUNICAÇÃO ELETRÔNICA DE MASSA POR ASSINATURA (TV PAGA);NÃO;STUDIO ECHO LTDA;65.595.679/0001-54;SP;SÃO PAULO
SALAS DE SONHOS;B2600252000000;29/07/2026;DEFERIDO;DOCUMENTÁRIO;;BRASILEIRA INDEPENDENTE CONSTITUINTE DE ESPAÇO QUALIFICADO;NÃO SERIADA;6;;2026;;NENHUMA DAS OPÇÕES;NÃO;SONHARES FILMES LTDA;40.379.956/0001-60;MS;CAMPO GRANDE
SALGA - UMA EXPEDIÇÃO ALIMENTAR LITORÂNEA;B2600052700000;23/02/2026;DEFERIDO;DOCUMENTÁRIO;;BRASILEIRA INDEPENDENTE CONSTITUINTE DE ESPAÇO QUALIFICADO;NÃO SERIADA;36,0;;2026;;RADIODIFUSÃO DE SONS E IMAGENS (TV ABERTA);NÃO;CIBELE APPES DE SOUSA COELHO;33.865.357/0001-91;SP;SÃO PAULO
SALMO 23;B2600038800000;09/02/2026;DEFERIDO;DOCUMENTÁRIO;;BRASILEIRA INDEPENDENTE CONSTITUINTE DE ESPAÇO QUALIFICADO;NÃO SERIADA;12,3;;2026;;RADIODIFUSÃO DE SONS E IMAGENS (TV ABERTA);NÃO;DMITRIK FILMES LTDA - ME;20.629.221/0001-30;SP;SÃO PAULO
SAM;B2600008400000;12/01/2026;DEFERIDO;DOCUMENTÁRIO;;BRASILEIRA INDEPENDENTE CONSTITUINTE DE ESPAÇO QUALIFICADO;NÃO SERIADA;71,4;;2026;;SALAS DE EXIBIÇÃO;NÃO;GMB PRODUTORA DE CINEMA E VIDEO LTDA;09.011.546/0001-12;BA;SALVADOR
SAMARICITY;B2600067500000;04/03/2026;DEFERIDO;DOCUMENTÁRIO;;BRASILEIRA INDEPENDENTE CONSTITUINTE DE ESPAÇO QUALIFICADO;NÃO SERIADA;12,9;;2026;;OUTROS MERCADOS;NÃO;INSTITUTO QUERO;10.227.433/0001-38;SP;SANTOS
SAMBA DE VAQUEJADA;B2600158500000;14/05/2026;DEFERIDO;VÍDEOMUSICAL;Registro de Eventos;BRASILEIRA CONSTITUINTE DE ESPAÇO QUALIFICADO;NÃO SERIADA;3,0;;2026;;COMUNICAÇÃO ELETRÔNICA DE MASSA POR ASSINATURA (TV PAGA);NÃO;FRED SOARES GOMES;23.786.209/0001-28;BA;SALVADOR
SAMBA NO QUINTAL;B2600028800000;02/02/2026;DEFERIDO;VARIEDADES;;BRASILEIRA INDEPENDENTE CONSTITUINTE DE ESPAÇO QUALIFICADO;SERIADA EM MÚLTIPLAS TEMPORADAS;156,5;6;2026;2026;COMUNICAÇÃO ELETRÔNICA DE MASSA POR ASSINATURA (TV PAGA);NÃO;JACQUELINE FILMES LTDA;09.064.138/0001-29;RJ;RIO DE JANEIRO
SAMBADORES;B2600212100000;01/07/2026;DEFERIDO;DOCUMENTÁRIO;;BRASILEIRA INDEPENDENTE CONSTITUINTE DE ESPAÇO QUALIFICADO;NÃO SERIADA;71,3;;2026;;SALAS DE EXIBIÇÃO;NÃO;TEM DENDÊ PRODUÇÕES LTDA;15.128.758/0001-87;BA;SALVADOR
SAMPAIENNE;B2600071200000;09/03/2026;DEFERIDO;DOCUMENTÁRIO;;BRASILEIRA CONSTITUINTE DE ESPAÇO QUALIFICADO;NÃO SERIADA;15,5;;2025;;COMUNICAÇÃO ELETRÔNICA DE MASSA POR ASSINATURA (TV PAGA);NÃO;SERVICO SOCIAL DO COMERCIO - SESC - ADMINISTRACAO REGIONAL NO ESTADO DE SAO PAULO;03.667.884/0001-20;SP;SÃO PAULO
SAMUEL WAINER;B2600005100000;07/01/2026;DEFERIDO;DOCUMENTÁRIO;;BRASILEIRA INDEPENDENTE CONSTITUINTE DE ESPAÇO QUALIFICADO;NÃO SERIADA;71,2;;2026;;COMUNICAÇÃO ELETRÔNICA DE MASSA POR ASSINATURA (TV PAGA);NÃO;FINA FLOR PRODUTORA DE FILMES LTDA.;10.358.078/0001-36;RJ;RIO DE JANEIRO
SANGRIA;B2600221400000;10/07/2026;DEFERIDO;FICÇÃO;;BRASILEIRA INDEPENDENTE CONSTITUINTE DE ESPAÇO QUALIFICADO;NÃO SERIADA;13,8;;2026;;VIDEO DOMÉSTICO;NÃO;DISCROMA PRODUCOES CINEMATOGRAFICAS LTDA;45.769.421/0001-10;SC;FLORIANÓPOLIS
SANGUE DE GROSELHA;B2600222900000;10/07/2026;DEFERIDO;FICÇÃO;;BRASILEIRA INDEPENDENTE CONSTITUINTE DE ESPAÇO QUALIFICADO;NÃO SERIADA;94,8;;2026;;SALAS DE EXIBIÇÃO;NÃO;VINIL FILMES PRODUCOES LTDA;11.752.503/0001-30;SC;FLORIANÓPOLIS
SANGUE NO OLHO-OBTUS;B2600099100000;30/03/2026;DEFERIDO;VÍDEOMUSICAL;Registro de Eventos;BRASILEIRA INDEPENDENTE CONSTITUINTE DE ESPAÇO QUALIFICADO;NÃO SERIADA;4,6;;2001;;RADIODIFUSÃO DE SONS E IMAGENS (TV ABERTA);NÃO;MADRE FILMES PRODUÇÕES AUDIOVISUAIS LTDA.;12.803.014/0001-22;PI;TERESINA
SANTO SANTO;B2600227000000;14/07/2026;DEFERIDO;VÍDEOMUSICAL;Registro de Eventos;BRASILEIRA INDEPENDENTE CONSTITUINTE DE ESPAÇO QUALIFICADO;NÃO SERIADA;4,5;;2022;;COMUNICAÇÃO ELETRÔNICA DE MASSA POR ASSINATURA (TV PAGA);NÃO;A P N SERVICOS LTDA;03.098.601/0001-77;MG;UBERLÂNDIA
SATERÉ-MAWÉ: FRONTEIRAS DA RESISTÊNCIA;B2600104700000;06/04/2026;DEFERIDO;DOCUMENTÁRIO;;BRASILEIRA INDEPENDENTE CONSTITUINTE DE ESPAÇO QUALIFICADO;NÃO SERIADA;22,5;;2026;;OUTROS MERCADOS - AUDIOVISUAL EM CIRCUITO RESTRITO;NÃO;JULIA TELES DA SILVA;PESSOA FÍSICA;RJ;RIO DE JANEIRO
SAUDADE;B2600033400000;04/02/2026;DEFERIDO;FICÇÃO;;BRASILEIRA CONSTITUINTE DE ESPAÇO QUALIFICADO;NÃO SERIADA;17,4;;2026;;SALAS DE EXIBIÇÃO;NÃO;59.892.186 RAFAEL BARROS DA SILVA PEDREIRA;59.892.186/0001-83;BA;SALVADOR
SAUDADE BATEU;B2600151800000;07/05/2026;DEFERIDO;VÍDEOMUSICAL;;BRASILEIRA INDEPENDENTE CONSTITUINTE DE ESPAÇO QUALIFICADO;NÃO SERIADA;2,7;;2026;;COMUNICAÇÃO ELETRÔNICA DE MASSA POR ASSINATURA (TV PAGA);NÃO;BEST PRODUCOES ARTISTICAS LTDA;24.809.258/0001-00;GO;FORMOSA
SAUDADE DA GENTE;B2600088900000;24/03/2026;DEFERIDO;VÍDEOMUSICAL;Registro de Eventos;BRASILEIRA CONSTITUINTE DE ESPAÇO QUALIFICADO;NÃO SERIADA;3,1;;2024;;COMUNICAÇÃO ELETRÔNICA DE MASSA POR ASSINATURA (TV PAGA);NÃO;BONDE RECORDS MUSIC LTDA;21.857.777/0001-47;RJ;RIO DE JANEIRO
SAUDADE SUSSURROU;B2600258700000;05/08/2026;DEFERIDO;VÍDEOMUSICAL;Registro de Eventos;BRASILEIRA INDEPENDENTE CONSTITUINTE DE ESPAÇO QUALIFICADO;NÃO SERIADA;3,0;;2025;;COMUNICAÇÃO ELETRÔNICA DE MASSA POR ASSINATURA (TV PAGA);NÃO;TOPO DO MUNDO EMPREENDIMENTOS ARTISTICOS LTDA;53.712.780/0001-69;RJ;NITERÓI
SAÚDE E BEM-ESTAR;B2600085300000;20/03/2026;DEFERIDO;DOCUMENTÁRIO;;BRASILEIRA INDEPENDENTE CONSTITUINTE DE ESPAÇO QUALIFICADO;SERIADA EM TEMPORADA ÚNICA;81,0;3;2026;2026;COMUNICAÇÃO ELETRÔNICA DE MASSA POR ASSINATURA (TV PAGA);NÃO;PRODUTORA BRASILEIRA DE ARTE E CULTURA LTDA.;13.483.286/0001-55;SP;SÃO PAULO
SBT FOLIA 2026;B2600035400000;05/02/2026;DEFERIDO;VARIEDADES;;BRASILEIRA CONSTITUINTE DE ESPAÇO QUALIFICADO;NÃO SERIADA;50;;2026;;RADIODIFUSÃO DE SONS E IMAGENS (TV ABERTA);NÃO;TVSBT CANAL 4 DE SAO PAULO S/A;45.039.237/0001-14;SP;OSASCO
SE EU FOSSE VIVO...VIVIA;B2600004700000;07/01/2026;DEFERIDO;FICÇÃO;;BRASILEIRA INDEPENDENTE CONSTITUINTE DE ESPAÇO QUALIFICADO;NÃO SERIADA;97,5;;2026;;SALAS DE EXIBIÇÃO;NÃO;FILMES DE PLASTICO PRODUCOES AUDIOVISUAIS LTDA;17.456.554/0001-09;MG;BELO HORIZONTE
SE ISSO TE FAZ FELIZ;B2600007400000;09/01/2026;DEFERIDO;VÍDEOMUSICAL;;BRASILEIRA INDEPENDENTE CONSTITUINTE DE ESPAÇO QUALIFICADO;NÃO SERIADA;6,3;;2025;;COMUNICAÇÃO ELETRÔNICA DE MASSA POR ASSINATURA (TV PAGA);NÃO;VEGAS CULTURAL LTDA;52.743.723/0001-84;SP;AMERICANA
SE NÃO CHORAR COM PAGODE;B2600082400000;18/03/2026;DEFERIDO;VÍDEOMUSICAL;Registro de Eventos;BRASILEIRA CONSTITUINTE DE ESPAÇO QUALIFICADO;NÃO SERIADA;2,9;;2024;;COMUNICAÇÃO ELETRÔNICA DE MASSA POR ASSINATURA (TV PAGA);NÃO;BONDE RECORDS MUSIC LTDA;21.857.777/0001-47;RJ;RIO DE JANEIRO
SE OS ASTROS FALASSEM, O TEMPO VOLTASSE E A SOLIDÃO FINDASSE;B2600128000000;24/04/2026;DEFERIDO;FICÇÃO;;BRASILEIRA INDEPENDENTE CONSTITUINTE DE ESPAÇO QUALIFICADO;NÃO SERIADA;26,0;;2026;;SALAS DE EXIBIÇÃO;NÃO;ERIC ALEXANDRE RODRIGUES SILVA;PESSOA FÍSICA;CE;FORTALEZA
SEDIÇÃO;B2600089300000;24/03/2026;DEFERIDO;FICÇÃO;;BRASILEIRA INDEPENDENTE CONSTITUINTE DE ESPAÇO QUALIFICADO;NÃO SERIADA;18,7;;2026;;SALAS DE EXIBIÇÃO;NÃO;47.598.411 TOMAS CASSEMIRO AZEVEDO;47.598.411/0001-94;SP;SÃO PAULO
SEDUÇÃO;B2600155100000;12/05/2026;DEFERIDO;FICÇÃO;;BRASILEIRA INDEPENDENTE CONSTITUINTE DE ESPAÇO QUALIFICADO;NÃO SERIADA;84,8;;2026;;SALAS DE EXIBIÇÃO;NÃO;MAPA FILMES DO BRASIL LTDA.;33.139.692/0001-02;RJ;RIO DE JANEIRO
SEGREDOS - CLARA RIBEIRO & CHEDIAK;B2600042300000;11/02/2026;DEFERIDO;VÍDEOMUSICAL;Registro de Eventos;BRASILEIRA INDEPENDENTE CONSTITUINTE DE ESPAÇO QUALIFICADO;NÃO SERIADA;3,0;;2025;;COMUNICAÇÃO ELETRÔNICA DE MASSA POR ASSINATURA (TV PAGA);NÃO;DECK PRODUÇÕES ARTÍSTICAS LTDA;30.253.090/0001-93;RJ;RIO DE JANEIRO
SEGREDOS DO JACUÍ;B2600121400000;17/04/2026;DEFERIDO;FICÇÃO;;BRASILEIRA INDEPENDENTE CONSTITUINTE DE ESPAÇO QUALIFICADO;NÃO SERIADA;94,3;;2026;;OUTROS MERCADOS - VÍDEO POR DEMANDA;NÃO;AR FILMES LTDA;36.223.234/0001-45;RS;SOBRADINHO
SEGURA TEU BOY;B2600213900000;03/07/2026;DEFERIDO;VÍDEOMUSICAL;;BRASILEIRA INDEPENDENTE CONSTITUINTE DE ESPAÇO QUALIFICADO;NÃO SERIADA;3;;2026;;COMUNICAÇÃO ELETRÔNICA DE MASSA POR ASSINATURA (TV PAGA);NÃO;53.450.239 ANA PAULA BOVI VALLILO;53.450.239/0001-20;SP;SANTANA DE PARNAÍBA
SEGURANÇA NO TRÂNSITO;B2600100500000;31/03/2026;DEFERIDO;DOCUMENTÁRIO;;BRASILEIRA INDEPENDENTE CONSTITUINTE DE ESPAÇO QUALIFICADO;NÃO SERIADA;60,6;;2026;;COMUNICAÇÃO ELETRÔNICA DE MASSA POR ASSINATURA (TV PAGA);NÃO;PRODUTORA BRASILEIRA DE ARTE E CULTURA LTDA.;13.483.286/0001-55;SP;SÃO PAULO
SEGURANÇA NO TRÂNSITO 2 -  O BRASIL EM MOVIMENTO;B2600103000000;02/04/2026;DEFERIDO;DOCUMENTÁRIO;;BRASILEIRA INDEPENDENTE CONSTITUINTE DE ESPAÇO QUALIFICADO;NÃO SERIADA;53,4;;2026;;COMUNICAÇÃO ELETRÔNICA DE MASSA POR ASSINATURA (TV PAGA);NÃO;PRODUTORA BRASILEIRA DE ARTE E CULTURA LTDA.;13.483.286/0001-55;SP;SÃO PAULO
SEIS CARTÕES DE NATAL;B2600125200000;22/04/2026;DEFERIDO;DOCUMENTÁRIO;;BRASILEIRA INDEPENDENTE CONSTITUINTE DE ESPAÇO QUALIFICADO;NÃO SERIADA;8,6;;2026;;OUTROS MERCADOS - VÍDEO POR DEMANDA;NÃO;RIZOMA PRODUÇÃO AUDIOVISUAL LTDA;10.499.966/0001-79;AM;MANAUS
SEJA VOCÊ;B2600152200000;08/05/2026;DEFERIDO;VÍDEOMUSICAL;;BRASILEIRA CONSTITUINTE DE ESPAÇO QUALIFICADO;NÃO SERIADA;4,2;;2026;;RADIODIFUSÃO DE SONS E IMAGENS (TV ABERTA);NÃO;49.044.579 ALEXIA GOMES FRANCA;49.044.579/0001-83;SP;TATUÍ
SELEÇÃO BBB;B2600000900000;02/01/2026;DEFERIDO;VARIEDADES;;BRASILEIRA CONSTITUINTE DE ESPAÇO QUALIFICADO;SERIADA EM TEMPORADA ÚNICA;90;3;2026;2026;RADIODIFUSÃO DE SONS E IMAGENS (TV ABERTA);NÃO;GLOBO COMUNICACAO E PARTICIPACOES S/A;27.865.757/0001-02;RJ;RIO DE JANEIRO
SELIBERATION #3;B2600076500000;12/03/2026;DEFERIDO;DOCUMENTÁRIO;;BRASILEIRA INDEPENDENTE CONSTITUINTE DE ESPAÇO QUALIFICADO;NÃO SERIADA;5,8;;2026;;OUTROS MERCADOS - AUDIOVISUAL EM CIRCUITO RESTRITO;NÃO;M.E.G LAPPONI PRODUÇÕES ME;19.081.334/0001-65;SP;SÃO PAULO
SEM FILTRO;B2600093600000;25/03/2026;DEFERIDO;DOCUMENTÁRIO;;BRASILEIRA INDEPENDENTE CONSTITUINTE DE ESPAÇO QUALIFICADO;SERIADA EM MÚLTIPLAS TEMPORADAS;300;10;2026;2026;COMUNICAÇÃO ELETRÔNICA DE MASSA POR ASSINATURA (TV PAGA);NÃO;AWS ENTRETENIMENTO BRASIL LTDA;35.218.538/0001-51;SP;SÃO PAULO
SEM HORA PRA ACABAR;B2600145300000;04/05/2026;DEFERIDO;VÍDEOMUSICAL;;BRASILEIRA CONSTITUINTE DE ESPAÇO QUALIFICADO;NÃO SERIADA;4;;2026;;RADIODIFUSÃO DE SONS E IMAGENS (TV ABERTA);NÃO;DANIEL MOREIRA DA SILVA ***********;31.102.699/0001-24;PR;CURITIBA
SEM HORA PRA ACABAR (LUCAS MONTEIRO REMIX);B2600145400000;04/05/2026;DEFERIDO;VÍDEOMUSICAL;;BRASILEIRA CONSTITUINTE DE ESPAÇO QUALIFICADO;NÃO SERIADA;4;;2025;;RADIODIFUSÃO DE SONS E IMAGENS (TV ABERTA);NÃO;DANIEL MOREIRA DA SILVA ***********;31.102.699/0001-24;PR;CURITIBA
SEM MASSAGEM;B2600218500000;08/07/2026;DEFERIDO;VÍDEOMUSICAL;;BRASILEIRA CONSTITUINTE DE ESPAÇO QUALIFICADO;NÃO SERIADA;18;;2026;;OUTROS MERCADOS - VÍDEO POR DEMANDA;NÃO;RAYLANDER OLIVEIRA DOS SANTOS;PESSOA FÍSICA;MG;BELO HORIZONTE
SEM TRÉGUA;B2600278400000;20/08/2026;DEFERIDO;DOCUMENTÁRIO;;BRASILEIRA CONSTITUINTE DE ESPAÇO QUALIFICADO;NÃO SERIADA;66;;2026;;COMUNICAÇÃO ELETRÔNICA DE MASSA POR ASSINATURA (TV PAGA);NÃO;GLOBO COMUNICACAO E PARTICIPACOES S/A;27.865.757/0001-02;RJ;RIO DE JANEIRO
SEMENTES MIGRANTES;B2600207400000;26/06/2026;DEFERIDO;DOCUMENTÁRIO;;BRASILEIRA INDEPENDENTE CONSTITUINTE DE ESPAÇO QUALIFICADO;NÃO SERIADA;81;;2026;;SALAS DE EXIBIÇÃO;NÃO;RENDER BRASIL PRODUCOES LTDA;07.642.548/0001-84;MS;CAMPO GRANDE
SEMÁFORO;B2600023000000;26/01/2026;DEFERIDO;VÍDEOMUSICAL;Registro de Eventos;BRASILEIRA CONSTITUINTE DE ESPAÇO QUALIFICADO;NÃO SERIADA;3,0;;2025;;COMUNICAÇÃO ELETRÔNICA DE MASSA POR ASSINATURA (TV PAGA);NÃO;FRED SOARES GOMES;23.786.209/0001-28;BA;SALVADOR
SENSACIONAL - SOBRE VELHAS TÁBUAS DE MADEIRA;B2600175400000;27/05/2026;DEFERIDO;DOCUMENTÁRIO;;BRASILEIRA INDEPENDENTE CONSTITUINTE DE ESPAÇO QUALIFICADO;SERIADA EM TEMPORADA ÚNICA;220;5;2026;2026;COMUNICAÇÃO ELETRÔNICA DE MASSA POR ASSINATURA (TV PAGA);NÃO;CASE FILMES LTDA;09.558.964/0001-24;RJ;RIO DE JANEIRO
SENSUALIZA;B2600220600000;09/07/2026;DEFERIDO;VÍDEOMUSICAL;;BRASILEIRA INDEPENDENTE CONSTITUINTE DE ESPAÇO QUALIFICADO;NÃO SERIADA;3,5;;2026;;COMUNICAÇÃO ELETRÔNICA DE MASSA POR ASSINATURA (TV PAGA);NÃO;PRODUTO MARGINAL LTDA;39.987.606/0001-06;MG;CONTAGEM
SENTA A PUA! - A MINISSÉRIE;B2600197700000;18/06/2026;DEFERIDO;DOCUMENTÁRIO;;BRASILEIRA INDEPENDENTE CONSTITUINTE DE ESPAÇO QUALIFICADO;SERIADA EM TEMPORADA ÚNICA;208;8;2026;2026;COMUNICAÇÃO ELETRÔNICA DE MASSA POR ASSINATURA (TV PAGA);NÃO;BSB CINEMA PRODUCOES LTDA;00.817.115/0001-73;DF;BRASÍLIA
SENTINDO ARTE;B2600217700000;07/07/2026;DEFERIDO;DOCUMENTÁRIO;;BRASILEIRA CONSTITUINTE DE ESPAÇO QUALIFICADO;NÃO SERIADA;75;;2025;;COMUNICAÇÃO ELETRÔNICA DE MASSA POR ASSINATURA (TV PAGA);NÃO;FRANCO PRODUCOES LTDA;16.994.062/0001-04;SP;JUNDIAÍ
SEO CHICO TODA VIDA;B2600062700000;27/02/2026;DEFERIDO;DOCUMENTÁRIO;;BRASILEIRA INDEPENDENTE CONSTITUINTE DE ESPAÇO QUALIFICADO;SERIADA EM TEMPORADA ÚNICA;270;5;2026;2026;RADIODIFUSÃO DE SONS E IMAGENS (TV ABERTA);NÃO;ATALAIA PRODUÇÃO E DISTRIBUIÇÃO ARTÍSTICA S/C LTDA ME.;01.387.311/0001-18;SC;FLORIANÓPOLIS
SEREIS UMA SÓ CARNE;B2600155300000;13/05/2026;DEFERIDO;FICÇÃO;;BRASILEIRA INDEPENDENTE CONSTITUINTE DE ESPAÇO QUALIFICADO;NÃO SERIADA;88,5;;2026;;SALAS DE EXIBIÇÃO;NÃO;TABEBUIA AUDIOVISUAL LTDA;24.360.807/0001-01;PR;CURITIBA
SERGIPANIDADES;B2600191400000;11/06/2026;DEFERIDO;DOCUMENTÁRIO;;BRASILEIRA INDEPENDENTE CONSTITUINTE DE ESPAÇO QUALIFICADO;SERIADA EM TEMPORADA ÚNICA;300;10;2026;2026;VIDEO DOMÉSTICO;NÃO;W.G. PRODUÇÕES E PUBLICIDADE LTDA;02.577.651/0001-74;SE;ARACAJU
SERTÃO DO ASFALTO;B2600207600000;26/06/2026;DEFERIDO;VÍDEOMUSICAL;;BRASILEIRA INDEPENDENTE CONSTITUINTE DE ESPAÇO QUALIFICADO;NÃO SERIADA;6,8;;2026;;COMUNICAÇÃO ELETRÔNICA DE MASSA POR ASSINATURA (TV PAGA);NÃO;LAB 3 TV COMUNICACAO DIGITAL LTDA;09.379.100/0001-45;SP;SÃO PAULO
SERTÃO: ALGUMA COISA AINDA SE VÊ;B2600086600000;23/03/2026;DEFERIDO;DOCUMENTÁRIO;;BRASILEIRA INDEPENDENTE CONSTITUINTE DE ESPAÇO QUALIFICADO;NÃO SERIADA;15,5;;2026;;OUTROS MERCADOS - VÍDEO POR DEMANDA;NÃO;LOPES ATIVIDADES DE PRODUCAO CINEMATOGRAFICA LTDA;46.390.206/0001-76;MG;BELO HORIZONTE
SESC JAZZ 2025;B2600104000000;06/04/2026;DEFERIDO;VÍDEOMUSICAL;;BRASILEIRA CONSTITUINTE DE ESPAÇO QUALIFICADO;SERIADA EM TEMPORADA ÚNICA;360;4;2025;2025;COMUNICAÇÃO ELETRÔNICA DE MASSA POR ASSINATURA (TV PAGA);NÃO;SERVICO SOCIAL DO COMERCIO - SESC - ADMINISTRACAO REGIONAL NO ESTADO DE SAO PAULO;03.667.884/0001-20;SP;SÃO PAULO
SESSÃO +SBT;B2600229000000;15/07/2026;DEFERIDO;VARIEDADES;;BRASILEIRA CONSTITUINTE DE ESPAÇO QUALIFICADO;SERIADA EM TEMPORADA ÚNICA;840;21;2026;2026;RADIODIFUSÃO DE SONS E IMAGENS (TV ABERTA);NÃO;TVSBT CANAL 4 DE SAO PAULO S/A;45.039.237/0001-14;SP;OSASCO
SESSÃO DA TARDE;B2600233700000;20/07/2026;DEFERIDO;VÍDEOMUSICAL;;BRASILEIRA INDEPENDENTE CONSTITUINTE DE ESPAÇO QUALIFICADO;NÃO SERIADA;3,1;;2026;;COMUNICAÇÃO ELETRÔNICA DE MASSA POR ASSINATURA (TV PAGA);NÃO;DIOGO CEZAR FERRAZ DA COSTA;PESSOA FÍSICA;PR;CURITIBA
SETH - O PIONEIRISMO MACAENSE NO CINEMA ANIMADO BRASILEIRO;B2600208200000;26/06/2026;DEFERIDO;DOCUMENTÁRIO;;BRASILEIRA INDEPENDENTE CONSTITUINTE DE ESPAÇO QUALIFICADO;NÃO SERIADA;29,7;;2025;;OUTROS MERCADOS - AUDIOVISUAL EM CIRCUITO RESTRITO;NÃO;OUTRAR PRODUÇÃO ARTÍSTICA LTDA;41.102.390/0001-98;RJ;MACAÉ
SEU E SÓ;B2600189300000;10/06/2026;DEFERIDO;VÍDEOMUSICAL;Registro de Eventos;BRASILEIRA INDEPENDENTE CONSTITUINTE DE ESPAÇO QUALIFICADO;NÃO SERIADA;2,7;;2026;;COMUNICAÇÃO ELETRÔNICA DE MASSA POR ASSINATURA (TV PAGA);NÃO;LAGUM PRODUCAO MUSICAL LTDA;31.133.282/0001-29;MG;BELO HORIZONTE
SEU TELEFONE - MAUI;B2600072400000;10/03/2026;DEFERIDO;VÍDEOMUSICAL;Registro de Eventos;BRASILEIRA INDEPENDENTE CONSTITUINTE DE ESPAÇO QUALIFICADO;NÃO SERIADA;3,1;;2026;;COMUNICAÇÃO ELETRÔNICA DE MASSA POR ASSINATURA (TV PAGA);NÃO;DECK PRODUÇÕES ARTÍSTICAS LTDA;30.253.090/0001-93;RJ;RIO DE JANEIRO
SEXO E DESTINO;B2600107500000;09/04/2026;DEFERIDO;FICÇÃO;;BRASILEIRA INDEPENDENTE CONSTITUINTE DE ESPAÇO QUALIFICADO;NÃO SERIADA;110,5;;2026;;SALAS DE EXIBIÇÃO;NÃO;LUZ PRODUÇÕES CINEMATOGRÁFICAS LTDA.;00.975.333/0001-36;CE;FORTALEZA
SEXO LOUCO COM A TRANS DELÍCIA;B2600146100000;05/05/2026;DEFERIDO;FICÇÃO;Erótico/Pornográfica;COMUM;NÃO SERIADA;61;;2026;;COMUNICAÇÃO ELETRÔNICA DE MASSA POR ASSINATURA (TV PAGA);NÃO;LUZ VERMELHA FILMES - PRODUTORA DE CINEMA E VÍDEO LTDA;09.152.063/0001-38;SP;SÃO PAULO
SEXO SEM COMPROMISSO;B2600120700000;17/04/2026;DEFERIDO;FICÇÃO;Erótico/Pornográfica;COMUM;NÃO SERIADA;61,1;;2026;;COMUNICAÇÃO ELETRÔNICA DE MASSA POR ASSINATURA (TV PAGA);NÃO;PAULA CRISTINA MANN LTDA;21.942.299/0001-73;SP;SÃO PAULO
SEXTOU;B2600017000000;20/01/2026;DEFERIDO;VÍDEOMUSICAL;;BRASILEIRA CONSTITUINTE DE ESPAÇO QUALIFICADO;NÃO SERIADA;3,2;;2026;;OUTROS MERCADOS - VÍDEO POR DEMANDA;NÃO;DANIEL MOREIRA DA SILVA ***********;31.102.699/0001-24;PR;CURITIBA
SHAKING THE BAR - 2ª TEMPORADA;B2600199000000;19/06/2026;DEFERIDO;REALITY-SHOW;;BRASILEIRA INDEPENDENTE CONSTITUINTE DE ESPAÇO QUALIFICADO;SERIADA EM MÚLTIPLAS TEMPORADAS;451,9;10;2026;2026;COMUNICAÇÃO ELETRÔNICA DE MASSA POR ASSINATURA (TV PAGA);NÃO;SAVE THE QUEEN PRODUÇÕES AUDIOVISUAIS LTDA;23.414.252/0001-62;SP;SÃO PAULO
SHOW DOMINGUINHO;B2600149900000;07/05/2026;DEFERIDO;VÍDEOMUSICAL;Registro de Eventos;BRASILEIRA CONSTITUINTE DE ESPAÇO QUALIFICADO;NÃO SERIADA;45;;2026;;RADIODIFUSÃO DE SONS E IMAGENS (TV ABERTA);NÃO;GLOBO COMUNICACAO E PARTICIPACOES S/A;27.865.757/0001-02;RJ;RIO DE JANEIRO
SHOW PARTICULAR - VERSÃO ACÚSTICA;B2600142800000;01/05/2026;DEFERIDO;VÍDEOMUSICAL;;BRASILEIRA CONSTITUINTE DE ESPAÇO QUALIFICADO;NÃO SERIADA;3,6;;2026;;COMUNICAÇÃO ELETRÔNICA DE MASSA POR ASSINATURA (TV PAGA);NÃO;VITORIA CAROLINA KRUEGER;PESSOA FÍSICA;PR;CASCAVEL
SHOW TRÊS GRAÇAS;B2600127100000;24/04/2026;DEFERIDO;VÍDEOMUSICAL;Registro de Eventos;BRASILEIRA CONSTITUINTE DE ESPAÇO QUALIFICADO;NÃO SERIADA;50;;2026;;RADIODIFUSÃO DE SONS E IMAGENS (TV ABERTA);NÃO;GLOBO COMUNICACAO E PARTICIPACOES S/A;27.865.757/0001-02;RJ;RIO DE JANEIRO
SILENCIO;B2600084800000;19/03/2026;DEFERIDO;FICÇÃO;;BRASILEIRA INDEPENDENTE CONSTITUINTE DE ESPAÇO QUALIFICADO;NÃO SERIADA;120,5;;2026;;OUTROS MERCADOS - VÍDEO POR DEMANDA;NÃO;COSTA MARTINS FILMES LTDA;33.959.157/0001-06;RJ;RIO DE JANEIRO
SILENT MARCH;B2600144000000;04/05/2026;DEFERIDO;VÍDEOMUSICAL;;BRASILEIRA INDEPENDENTE CONSTITUINTE DE ESPAÇO QUALIFICADO;NÃO SERIADA;3,7;;2026;;COMUNICAÇÃO ELETRÔNICA DE MASSA POR ASSINATURA (TV PAGA);NÃO;ALAN WALLACE BELLO FERREIRA;PESSOA FÍSICA;MG;BELO HORIZONTE
SILVIO MODESTO, CONFIDÊNCIAS DE UM SAMBISTA;B2600185700000;08/06/2026;DEFERIDO;DOCUMENTÁRIO;;BRASILEIRA INDEPENDENTE CONSTITUINTE DE ESPAÇO QUALIFICADO;NÃO SERIADA;20;;2026;;RADIODIFUSÃO DE SONS E IMAGENS (TV ABERTA);NÃO;PROSPERIDADE COMUNICAÇÃO E FILMES LTDA;17.545.702/0001-53;SP;SÃO PAULO
SILÊNCIO;B2600031300000;03/02/2026;DEFERIDO;VÍDEOMUSICAL;;BRASILEIRA INDEPENDENTE CONSTITUINTE DE ESPAÇO QUALIFICADO;NÃO SERIADA;2,3;;2026;;COMUNICAÇÃO ELETRÔNICA DE MASSA POR ASSINATURA (TV PAGA);NÃO;47.707.461 BARBARA DA SILVA FIGUEIREDO;47.707.461/0001-62;SP;SÃO PAULO
SILÊNCIO PÚBLICO;B2600186700000;09/06/2026;DEFERIDO;FICÇÃO;;BRASILEIRA INDEPENDENTE CONSTITUINTE DE ESPAÇO QUALIFICADO;NÃO SERIADA;22,2;;2026;;OUTROS MERCADOS - AUDIOVISUAL EM CIRCUITO RESTRITO;NÃO;BLACK ANGEL PRODUCOES LTDA;36.269.351/0001-40;RJ;SÃO GONÇALO
SIM OU NÃO;B2600095400000;26/03/2026;DEFERIDO;VÍDEOMUSICAL;Registro de Eventos;BRASILEIRA CONSTITUINTE DE ESPAÇO QUALIFICADO;NÃO SERIADA;3,2;;2024;;COMUNICAÇÃO ELETRÔNICA DE MASSA POR ASSINATURA (TV PAGA);NÃO;BONDE RECORDS MUSIC LTDA;21.857.777/0001-47;RJ;RIO DE JANEIRO
SIMININO: TEATRO NA PLANÍCIE;B2600085800000;20/03/2026;DEFERIDO;DOCUMENTÁRIO;;BRASILEIRA INDEPENDENTE CONSTITUINTE DE ESPAÇO QUALIFICADO;NÃO SERIADA;29,0;;2026;;OUTROS MERCADOS - AUDIOVISUAL EM CIRCUITO RESTRITO;NÃO;52.984.871 QUELEN DO ESPIRITO SANTO SILVA;52.984.871/0001-90;RJ;CAMPOS DOS GOITACAZES
SINFONIA REVIRADA DA ALVORADA;B2600049000000;22/02/2026;DEFERIDO;DOCUMENTÁRIO;;BRASILEIRA INDEPENDENTE CONSTITUINTE DE ESPAÇO QUALIFICADO;NÃO SERIADA;7,8;;2026;;NENHUMA DAS OPÇÕES;NÃO;CAIO CESAR CLIMACO VIEIRA;PESSOA FÍSICA;DF;BRASÍLIA
SINO PEREGRINO - O SOM DA ESPERANÇA;B2600228500000;15/07/2026;DEFERIDO;DOCUMENTÁRIO;;BRASILEIRA CONSTITUINTE DE ESPAÇO QUALIFICADO;SERIADA EM TEMPORADA ÚNICA;157,6;5;2026;2026;OUTROS MERCADOS - VÍDEO POR DEMANDA;NÃO;TAVEIRA COMUNICACAO E PRODUCOES LTDA;33.674.559/0001-56;GO;GOIÂNIA
SLATE;B2600211500000;01/07/2026;DEFERIDO;FICÇÃO;;BRASILEIRA INDEPENDENTE CONSTITUINTE DE ESPAÇO QUALIFICADO;NÃO SERIADA;15,0;;2026;;OUTROS MERCADOS - VÍDEO POR DEMANDA;NÃO;DI ESTUDIO PRODUCAO AUDIOVISUAL E MARKETING DIGITAL LTDA;57.459.189/0001-00;TO;PALMAS
SMART CITIES - AS CIDADES DO FUTURO;B2600004600000;07/01/2026;DEFERIDO;DOCUMENTÁRIO;;BRASILEIRA INDEPENDENTE CONSTITUINTE DE ESPAÇO QUALIFICADO;NÃO SERIADA;86,2;;2026;;SALAS DE EXIBIÇÃO;NÃO;DNS COMUNICAÇÃO LTDA;03.043.912/0001-39;SP;SÃO PAULO
SOB O CÉU DE NORONHA;B2600152600000;08/05/2026;DEFERIDO;FICÇÃO;;BRASILEIRA INDEPENDENTE CONSTITUINTE DE ESPAÇO QUALIFICADO;NÃO SERIADA;41,3;;2026;;RADIODIFUSÃO DE SONS E IMAGENS (TV ABERTA);NÃO;VIU CINE COMUNICACAO LTDA;18.274.744/0001-60;PE;RECIFE
SOB O RALO DA ROTINA;B2600047800000;19/02/2026;DEFERIDO;FICÇÃO;;BRASILEIRA INDEPENDENTE CONSTITUINTE DE ESPAÇO QUALIFICADO;NÃO SERIADA;16,6;;2026;;OUTROS MERCADOS - AUDIOVISUAL EM CIRCUITO RESTRITO;NÃO;FERNANDA YUMI SHIMIZU TANAKA;PESSOA FÍSICA;SP;SALTO
SOCIEDADE DA VIRTUDE - 1ª TEMPORADA;B2600043100000;12/02/2026;DEFERIDO;ANIMAÇÃO;;BRASILEIRA INDEPENDENTE CONSTITUINTE DE ESPAÇO QUALIFICADO;SERIADA EM MÚLTIPLAS TEMPORADAS;144,8;10;2026;2026;COMUNICAÇÃO ELETRÔNICA DE MASSA POR ASSINATURA (TV PAGA);NÃO;NEEBLA PRODUCOES ARTISTICAS LTDA;23.936.929/0001-22;RJ;RIO DE JANEIRO
SOCORRO! MINHA BABÁ TIROU FÉRIAS!;B2600195900000;17/06/2026;DEFERIDO;FICÇÃO;;BRASILEIRA CONSTITUINTE DE ESPAÇO QUALIFICADO;NÃO SERIADA;90;;2025;;COMUNICAÇÃO ELETRÔNICA DE MASSA POR ASSINATURA (TV PAGA);NÃO;GLOBO COMUNICACAO E PARTICIPACOES S/A;27.865.757/0001-02;RJ;RIO DE JANEIRO
SOFISALMA;B2600199800000;22/06/2026;DEFERIDO;VÍDEOMUSICAL;;BRASILEIRA INDEPENDENTE CONSTITUINTE DE ESPAÇO QUALIFICADO;NÃO SERIADA;3,0;;2026;;COMUNICAÇÃO ELETRÔNICA DE MASSA POR ASSINATURA (TV PAGA);NÃO;HENRIQUE GARCIA RONCOLETTA;PESSOA FÍSICA;SP;JUNDIAÍ
SOLEDADE;B2600145100000;04/05/2026;DEFERIDO;DOCUMENTÁRIO;;BRASILEIRA INDEPENDENTE CONSTITUINTE DE ESPAÇO QUALIFICADO;NÃO SERIADA;84,0;;2026;;SALAS DE EXIBIÇÃO;NÃO;INDIO FILMES AUDIOVISUAL LTDA;56.480.511/0001-02;RJ;RIO DE JANEIRO
SOLTA PELO MUNDO;B2600182100000;02/06/2026;DEFERIDO;VÍDEOMUSICAL;Registro de Eventos;BRASILEIRA INDEPENDENTE CONSTITUINTE DE ESPAÇO QUALIFICADO;SERIADA EM MÚLTIPLAS TEMPORADAS;37,2;12;2026;2026;COMUNICAÇÃO ELETRÔNICA DE MASSA POR ASSINATURA (TV PAGA);NÃO;REAL FILMES & PRODUCOES LTDA;10.368.669/0001-94;SP;ITAPEVI
SOM BRASIL APRESENTA: ANITTA;B2600123000000;20/04/2026;DEFERIDO;VARIEDADES;;BRASILEIRA CONSTITUINTE DE ESPAÇO QUALIFICADO;NÃO SERIADA;45;;2026;;RADIODIFUSÃO DE SONS E IMAGENS (TV ABERTA);NÃO;GLOBO COMUNICACAO E PARTICIPACOES S/A;27.865.757/0001-02;RJ;RIO DE JANEIRO
SOM DO SÃO JOÃO GERAÇÕES 2026;B2600241200000;23/07/2026;DEFERIDO;VARIEDADES;;BRASILEIRA CONSTITUINTE DE ESPAÇO QUALIFICADO;NÃO SERIADA;37,1;;2026;;RADIODIFUSÃO DE SONS E IMAGENS (TV ABERTA);NÃO;GLOBO COMUNICACAO E PARTICIPACOES S/A;27.865.757/0001-02;RJ;RIO DE JANEIRO
SOM DOS OCEANOS;B2600002600000;05/01/2026;DEFERIDO;VARIEDADES;;BRASILEIRA INDEPENDENTE CONSTITUINTE DE ESPAÇO QUALIFICADO;SERIADA EM MÚLTIPLAS TEMPORADAS;2704;52;2025;2025;RADIODIFUSÃO DE SONS E IMAGENS (TV ABERTA);NÃO;TV EBEC LTDA;62.614.447/0001-08;SP;SÃO PAULO
SOMOS MUSEUS;B2600081600000;18/03/2026;DEFERIDO;DOCUMENTÁRIO;;BRASILEIRA INDEPENDENTE CONSTITUINTE DE ESPAÇO QUALIFICADO;SERIADA EM TEMPORADA ÚNICA;338;13;2026;2026;COMUNICAÇÃO ELETRÔNICA DE MASSA POR ASSINATURA (TV PAGA);NÃO;HUNGRY MAN BRASIL PRODUÇÕES LTDA.;07.630.900/0001-61;RJ;RIO DE JANEIRO
SONASTÉRIO ILUMINA - 3ª TEMPORADA;B2600260400000;06/08/2026;DEFERIDO;DOCUMENTÁRIO;;BRASILEIRA INDEPENDENTE CONSTITUINTE DE ESPAÇO QUALIFICADO;SERIADA EM MÚLTIPLAS TEMPORADAS;532,2;12;2026;2026;OUTROS MERCADOS;NÃO;SONASTERIO PRODUTORA MUSICAL LTDA;27.011.453/0001-70;MG;NOVA LIMA
SONHO SER IMAGEM;B2600254000000;31/07/2026;DEFERIDO;FICÇÃO;;BRASILEIRA INDEPENDENTE CONSTITUINTE DE ESPAÇO QUALIFICADO;NÃO SERIADA;16,8;;2026;;SALAS DE EXIBIÇÃO;NÃO;FILMES DO HORIZONTE PRODUÇÃO CINEMATOGRÁFICA LTDA;52.906.562/0001-00;PR;CURITIBA
SONHOS;B2600217200000;07/07/2026;DEFERIDO;FICÇÃO;;BRASILEIRA CONSTITUINTE DE ESPAÇO QUALIFICADO;NÃO SERIADA;13,9;;2026;;SALAS DE EXIBIÇÃO;NÃO;PAULO FRANCO DE CAMARGO;PESSOA FÍSICA;SP;SÃO PAULO
SONHOS DE UMA NOITE DE SÃO JOÃO;B2600231700000;17/07/2026;DEFERIDO;VARIEDADES;;BRASILEIRA CONSTITUINTE DE ESPAÇO QUALIFICADO;NÃO SERIADA;40;;2026;;RADIODIFUSÃO DE SONS E IMAGENS (TV ABERTA);NÃO;GLOBO COMUNICACAO E PARTICIPACOES S/A;27.865.757/0001-02;RJ;RIO DE JANEIRO
SONHOS DESTRUÍDOS;B2600101200000;01/04/2026;DEFERIDO;VÍDEOMUSICAL;;BRASILEIRA CONSTITUINTE DE ESPAÇO QUALIFICADO;NÃO SERIADA;3,5;;2026;;COMUNICAÇÃO ELETRÔNICA DE MASSA POR ASSINATURA (TV PAGA);NÃO;BRUNO FELIX PASCHOAL;PESSOA FÍSICA;SP;SÃO PAULO
SONHOS NÃO MORREM;B2600147300000;05/05/2026;DEFERIDO;FICÇÃO;;BRASILEIRA INDEPENDENTE CONSTITUINTE DE ESPAÇO QUALIFICADO;NÃO SERIADA;15,2;;2026;;OUTROS MERCADOS - AUDIOVISUAL EM CIRCUITO RESTRITO;NÃO;CEBOLA SOLUCOES ARTISTICAS LTDA;51.103.014/0001-71;DF;BRASÍLIA
SONHOS VERTICAIS;B2600143800000;04/05/2026;DEFERIDO;DOCUMENTÁRIO;;BRASILEIRA CONSTITUINTE DE ESPAÇO QUALIFICADO;SERIADA EM TEMPORADA ÚNICA;50;2;2026;2026;COMUNICAÇÃO ELETRÔNICA DE MASSA POR ASSINATURA (TV PAGA);NÃO;GLOBO COMUNICACAO E PARTICIPACOES S/A;27.865.757/0001-02;RJ;RIO DE JANEIRO
SOS MINAS GERAIS;B2600066800000;04/03/2026;DEFERIDO;JORNALÍSTICA;;COMUM;NÃO SERIADA;60;;2026;;RADIODIFUSÃO DE SONS E IMAGENS (TV ABERTA);NÃO;TELEVISAO CACHOEIRA DO SUL LTDA;89.784.037/0001-61;RS;CACHOEIRA DO SUL
SOU BRASILEIRO;B2600257600000;05/08/2026;DEFERIDO;VÍDEOMUSICAL;Registro de Eventos;BRASILEIRA INDEPENDENTE CONSTITUINTE DE ESPAÇO QUALIFICADO;NÃO SERIADA;3,6;;2025;;COMUNICAÇÃO ELETRÔNICA DE MASSA POR ASSINATURA (TV PAGA);NÃO;TOPO DO MUNDO EMPREENDIMENTOS ARTISTICOS LTDA;53.712.780/0001-69;RJ;NITERÓI
SOU DO GOIÁS;B2600179900000;01/06/2026;DEFERIDO;VÍDEOMUSICAL;;BRASILEIRA INDEPENDENTE CONSTITUINTE DE ESPAÇO QUALIFICADO;NÃO SERIADA;3,2;;2026;;COMUNICAÇÃO ELETRÔNICA DE MASSA POR ASSINATURA (TV PAGA);NÃO;BEST PRODUCOES ARTISTICAS LTDA;24.809.258/0001-00;GO;FORMOSA
SOU MAR REMIX;B2600265600000;11/08/2026;DEFERIDO;VÍDEOMUSICAL;Registro de Eventos;BRASILEIRA INDEPENDENTE CONSTITUINTE DE ESPAÇO QUALIFICADO;NÃO SERIADA;3,1;;2026;;COMUNICAÇÃO ELETRÔNICA DE MASSA POR ASSINATURA (TV PAGA);NÃO;JOAO EDUARDO ALVES COSTA;PESSOA FÍSICA;SP;SÃO PAULO
SOU MARIA CHUTEIRA;B2600187700000;09/06/2026;DEFERIDO;VÍDEOMUSICAL;;BRASILEIRA CONSTITUINTE DE ESPAÇO QUALIFICADO;NÃO SERIADA;3,0;;2026;;RADIODIFUSÃO DE SONS E IMAGENS (TV ABERTA);NÃO;EDUARDO HENRIQUE RODRIGUES PESSOA;PESSOA FÍSICA;SP;SOROCABA
SOU TUA – MC MARI E MC KEVINHO;B2600082600000;18/03/2026;DEFERIDO;VÍDEOMUSICAL;;BRASILEIRA INDEPENDENTE CONSTITUINTE DE ESPAÇO QUALIFICADO;NÃO SERIADA;2,7;;2026;;COMUNICAÇÃO ELETRÔNICA DE MASSA POR ASSINATURA (TV PAGA);NÃO;GR6 EVENTOS - PRODUTORA, GRAVADORA E EDITORA LTDA;17.977.383/0001-55;SP;SÃO PAULO
SP ECONOMIA CIRCULAR EM AÇÃO;B2600006700000;08/01/2026;DEFERIDO;DOCUMENTÁRIO;;BRASILEIRA INDEPENDENTE CONSTITUINTE DE ESPAÇO QUALIFICADO;NÃO SERIADA;29;;2026;;RADIODIFUSÃO DE SONS E IMAGENS (TV ABERTA);NÃO;NEXO FILMES LTDA;30.223.224/0001-23;SP;SÃO PAULO
SPLASH SHOW COM FERNANDA SOARES - TEMPORADA 2026;B2600073700000;11/03/2026;DEFERIDO;VARIEDADES;;BRASILEIRA CONSTITUINTE DE ESPAÇO QUALIFICADO;SERIADA DE DURAÇÃO INDETERMINADA;11340;210;2026;2026;COMUNICAÇÃO ELETRÔNICA DE MASSA POR ASSINATURA (TV PAGA);NÃO;UNIVERSO ONLINE S.A.;01.109.184/0001-95;SP;SÃO PAULO
START THE GAME - BLACK PANTERA;B2600222500000;10/07/2026;DEFERIDO;VÍDEOMUSICAL;Registro de Eventos;BRASILEIRA INDEPENDENTE CONSTITUINTE DE ESPAÇO QUALIFICADO;NÃO SERIADA;3,0;;2026;;COMUNICAÇÃO ELETRÔNICA DE MASSA POR ASSINATURA (TV PAGA);NÃO;DECK PRODUÇÕES ARTÍSTICAS LTDA;30.253.090/0001-93;RJ;RIO DE JANEIRO
STEFANIE - DESCONFORTO;B2600238100000;22/07/2026;DEFERIDO;VÍDEOMUSICAL;;BRASILEIRA INDEPENDENTE CONSTITUINTE DE ESPAÇO QUALIFICADO;NÃO SERIADA;3,9;;2025;;OUTROS MERCADOS - VÍDEO POR DEMANDA;NÃO;JAMBOX LTDA;29.158.697/0001-05;SP;SÃO PAULO
STICKERMATION;B2600206700000;25/06/2026;DEFERIDO;ANIMAÇÃO;;BRASILEIRA INDEPENDENTE CONSTITUINTE DE ESPAÇO QUALIFICADO;NÃO SERIADA;1,4;;2026;;SALAS DE EXIBIÇÃO;NÃO;CASSIUS GAIO GOMES DE SENNA;PESSOA FÍSICA;RJ;RIO DE JANEIRO
STORIES DA MANSÃO - 2º TEMPORADA;B2600155700000;13/05/2026;DEFERIDO;REALITY-SHOW;;BRASILEIRA INDEPENDENTE CONSTITUINTE DE ESPAÇO QUALIFICADO;SERIADA EM MÚLTIPLAS TEMPORADAS;205,4;8;2026;2026;COMUNICAÇÃO ELETRÔNICA DE MASSA POR ASSINATURA (TV PAGA);NÃO;NON STOP PRODUÇÕES S/A;23.497.344/0001-53;MG;JUIZ DE FORA
STORY.TELLING: CAPÍTULO 2;B2600194600000;17/06/2026;DEFERIDO;FICÇÃO;;BRASILEIRA INDEPENDENTE CONSTITUINTE DE ESPAÇO QUALIFICADO;NÃO SERIADA;34,9;;2026;;OUTROS MERCADOS - AUDIOVISUAL EM CIRCUITO RESTRITO;NÃO;FABIO BRANDAO MOURA;PESSOA FÍSICA;RJ;RIO DE JANEIRO
SUCO GÁSTRICO;B2600023300000;26/01/2026;DEFERIDO;FICÇÃO;;BRASILEIRA INDEPENDENTE CONSTITUINTE DE ESPAÇO QUALIFICADO;NÃO SERIADA;10,8;;2026;;SALAS DE EXIBIÇÃO;NÃO;MARCIO LUIZ COUTINHO ***********;41.135.768/0001-50;RJ;RIO DE JANEIRO
SUCURI: A RAINHA DOS RIOS;B2600268900000;17/08/2026;DEFERIDO;DOCUMENTÁRIO;;BRASILEIRA INDEPENDENTE CONSTITUINTE DE ESPAÇO QUALIFICADO;NÃO SERIADA;52,0;;2026;;RADIODIFUSÃO DE SONS E IMAGENS (TV ABERTA);NÃO;DUO2.TV LTDA;07.929.498/0001-10;SP;SÃO PAULO
SUPER CALADA;B2600028600000;01/02/2026;DEFERIDO;VÍDEOMUSICAL;;BRASILEIRA INDEPENDENTE CONSTITUINTE DE ESPAÇO QUALIFICADO;NÃO SERIADA;3,2;;2025;;COMUNICAÇÃO ELETRÔNICA DE MASSA POR ASSINATURA (TV PAGA);NÃO;DONA LOBA MUSIC & ARTS LTDA;51.128.958/0001-01;RJ;RIO DE JANEIRO
SUPER LUPA;B2600060500000;25/02/2026;DEFERIDO;VARIEDADES;;BRASILEIRA CONSTITUINTE DE ESPAÇO QUALIFICADO;SERIADA DE DURAÇÃO INDETERMINADA;3450;150;2026;2026;RADIODIFUSÃO DE SONS E IMAGENS (TV ABERTA);NÃO;TELEVISAO CACHOEIRA DO SUL LTDA;89.784.037/0001-61;RS;CACHOEIRA DO SUL
SUPERNOVA;B2600222600000;10/07/2026;DEFERIDO;VÍDEOMUSICAL;;BRASILEIRA CONSTITUINTE DE ESPAÇO QUALIFICADO;NÃO SERIADA;3,2;;2026;;COMUNICAÇÃO ELETRÔNICA DE MASSA POR ASSINATURA (TV PAGA);NÃO;HIRAN FERNANDES SANTOS;PESSOA FÍSICA;BA;SALVADOR
SURF REACT;B2600018200000;21/01/2026;DEFERIDO;VARIEDADES;;BRASILEIRA CONSTITUINTE DE ESPAÇO QUALIFICADO;SERIADA DE DURAÇÃO INDETERMINADA;338;26;2026;2026;COMUNICAÇÃO ELETRÔNICA DE MASSA POR ASSINATURA (TV PAGA);NÃO;NOVAS MIDIAS DIGITAIS PROGRAMADORA LTDA;07.906.636/0001-46;RJ;RIO DE JANEIRO
SURPRESA;B2600147200000;05/05/2026;DEFERIDO;FICÇÃO;;BRASILEIRA CONSTITUINTE DE ESPAÇO QUALIFICADO;NÃO SERIADA;86,4;;2026;;SALAS DE EXIBIÇÃO;NÃO;PAULO FRANCO DE CAMARGO;PESSOA FÍSICA;SP;SÃO PAULO
SUS/PIROU;B2600152900000;11/05/2026;DEFERIDO;FICÇÃO;;BRASILEIRA CONSTITUINTE DE ESPAÇO QUALIFICADO;NÃO SERIADA;16,7;;2026;;OUTROS MERCADOS - VÍDEO POR DEMANDA;NÃO;ALISSON ALVES RESENDE SOUSA;PESSOA FÍSICA;MG;DIVINÓPOLIS
SUSSURROS NA ÁGUA;B2600180400000;01/06/2026;DEFERIDO;DOCUMENTÁRIO;;BRASILEIRA INDEPENDENTE CONSTITUINTE DE ESPAÇO QUALIFICADO;NÃO SERIADA;11;;2026;;SALAS DE EXIBIÇÃO;NÃO;36.059.417 OTAVIO MIGUEL CHAVES DE SOUSA;36.059.417/0001-77;RO;JI-PARANÁ
SUÍTE PARIS;B2600251200000;29/07/2026;DEFERIDO;FICÇÃO;;BRASILEIRA INDEPENDENTE CONSTITUINTE DE ESPAÇO QUALIFICADO;NÃO SERIADA;20;;2026;;SALAS DE EXIBIÇÃO;NÃO;BUTIKIN FILMES LTDA;27.816.623/0001-93;SP;SÃO PAULO
SÁ BIQUINHA A LENDA;B2600016500000;19/01/2026;DEFERIDO;DOCUMENTÁRIO;;BRASILEIRA CONSTITUINTE DE ESPAÇO QUALIFICADO;NÃO SERIADA;10,0;;2026;;SALAS DE EXIBIÇÃO;NÃO;VANDER CRISTIANO RAFAEL DAS GRAÇAS NASCIMENTO;PESSOA FÍSICA;MG;OLIVEIRA
SÃO JOÃO DE CAMPINA GRANDE 2026;B2600203200000;23/06/2026;DEFERIDO;VÍDEOMUSICAL;Registro de Eventos;BRASILEIRA CONSTITUINTE DE ESPAÇO QUALIFICADO;SERIADA EM TEMPORADA ÚNICA;400;4;2026;2026;COMUNICAÇÃO ELETRÔNICA DE MASSA POR ASSINATURA (TV PAGA);NÃO;GLOBO COMUNICACAO E PARTICIPACOES S/A;27.865.757/0001-02;RJ;RIO DE JANEIRO
SÃO JOÃO NA MESA 2026;B2600241500000;23/07/2026;DEFERIDO;VARIEDADES;;BRASILEIRA CONSTITUINTE DE ESPAÇO QUALIFICADO;SERIADA EM TEMPORADA ÚNICA;104;4;2026;2026;RADIODIFUSÃO DE SONS E IMAGENS (TV ABERTA);NÃO;GLOBO COMUNICACAO E PARTICIPACOES S/A;27.865.757/0001-02;RJ;RIO DE JANEIRO
SÃO MANOEL CAMINHO DA UNIÃO;B2600067600000;04/03/2026;DEFERIDO;DOCUMENTÁRIO;;BRASILEIRA INDEPENDENTE CONSTITUINTE DE ESPAÇO QUALIFICADO;NÃO SERIADA;17,2;;2026;;OUTROS MERCADOS;NÃO;INSTITUTO QUERO;10.227.433/0001-38;SP;SANTOS
SÉRIE - MINUTO ESTUDANTES;B2600177800000;28/05/2026;DEFERIDO;FICÇÃO;;BRASILEIRA INDEPENDENTE CONSTITUINTE DE ESPAÇO QUALIFICADO;SERIADA EM TEMPORADA ÚNICA;5;5;2025;2025;RADIODIFUSÃO DE SONS E IMAGENS (TV ABERTA);NÃO;UM MINUTO PRODUCOES CULTURAIS LTDA.;66.708.900/0001-04;SP;SÃO PAULO
SÉRIE DIASPÓRICAS - 3ª TEMPORADA;B2600234100000;21/07/2026;DEFERIDO;VARIEDADES;;BRASILEIRA INDEPENDENTE CONSTITUINTE DE ESPAÇO QUALIFICADO;SERIADA DE DURAÇÃO INDETERMINADA;84,3;5;2026;2026;RADIODIFUSÃO DE SONS E IMAGENS (TV ABERTA);NÃO;ANA C GOMES COSTA PRODUCOES;45.961.872/0001-54;GO;GOIÂNIA
SÉRIE MEMÓRIA 80 ANOS;B2600144400000;04/05/2026;DEFERIDO;DOCUMENTÁRIO;;BRASILEIRA CONSTITUINTE DE ESPAÇO QUALIFICADO;SERIADA EM TEMPORADA ÚNICA;49;21;2026;2026;COMUNICAÇÃO ELETRÔNICA DE MASSA POR ASSINATURA (TV PAGA);NÃO;SERVICO SOCIAL DO COMERCIO - SESC - ADMINISTRACAO REGIONAL NO ESTADO DE SAO PAULO;03.667.884/0001-20;SP;SÃO PAULO
SÍNCOPE;B2600172600000;26/05/2026;DEFERIDO;FICÇÃO;;BRASILEIRA CONSTITUINTE DE ESPAÇO QUALIFICADO;NÃO SERIADA;10,0;;2026;;SALAS DE EXIBIÇÃO;NÃO;KARLA EMANUELLY ANDRADE CUNHA;PESSOA FÍSICA;SE;ARACAJU
SÍTIO DE MEMÓRIAS;B2600165200000;21/05/2026;DEFERIDO;DOCUMENTÁRIO;;BRASILEIRA CONSTITUINTE DE ESPAÇO QUALIFICADO;NÃO SERIADA;20,0;;2026;;SALAS DE EXIBIÇÃO;NÃO;DANIEL NEVES DE ANDRADE;PESSOA FÍSICA;SP;GUARULHOS
SÓ COM ELA;B2600197900000;18/06/2026;DEFERIDO;VÍDEOMUSICAL;Registro de Eventos;BRASILEIRA INDEPENDENTE CONSTITUINTE DE ESPAÇO QUALIFICADO;NÃO SERIADA;2,9;;2026;;COMUNICAÇÃO ELETRÔNICA DE MASSA POR ASSINATURA (TV PAGA);NÃO;GONZALLEZ PRODUCOES ARTISTICAS EIRELI;24.818.665/0001-75;GO;GOIÂNIA
SÓ ELAS 2026;B2600241400000;23/07/2026;DEFERIDO;VARIEDADES;;BRASILEIRA CONSTITUINTE DE ESPAÇO QUALIFICADO;NÃO SERIADA;60;;2026;;RADIODIFUSÃO DE SONS E IMAGENS (TV ABERTA);NÃO;GLOBO COMUNICACAO E PARTICIPACOES S/A;27.865.757/0001-02;RJ;RIO DE JANEIRO
SÓ NÃO POSSO DIZER O NOME;B2600102200000;02/04/2026;DEFERIDO;FICÇÃO;;BRASILEIRA INDEPENDENTE CONSTITUINTE DE ESPAÇO QUALIFICADO;NÃO SERIADA;93,7;;2026;;SALAS DE EXIBIÇÃO;NÃO;QUIMERA FILMES LTDA;22.331.409/0001-23;MG;BELO HORIZONTE
SÓ PENSANDO EM VOCÊ/ESPUMAS AO VENTO/LEMBRANÇA DE UM BEIJO;B2600211400000;30/06/2026;DEFERIDO;VÍDEOMUSICAL;Registro de Eventos;BRASILEIRA INDEPENDENTE CONSTITUINTE DE ESPAÇO QUALIFICADO;NÃO SERIADA;4,2;;2026;;COMUNICAÇÃO ELETRÔNICA DE MASSA POR ASSINATURA (TV PAGA);NÃO;LS GAYA PRODUCOES E EDICOES MUSICAIS LTDA;19.119.703/0001-61;RJ;RIO DE JANEIRO
SÓ PENSO EM VOCÊ;B2600179100000;28/05/2026;DEFERIDO;VÍDEOMUSICAL;;BRASILEIRA INDEPENDENTE CONSTITUINTE DE ESPAÇO QUALIFICADO;NÃO SERIADA;1,5;;2026;;COMUNICAÇÃO ELETRÔNICA DE MASSA POR ASSINATURA (TV PAGA);NÃO;MATHEUS TAVARES DA SILVA;PESSOA FÍSICA;MG;VISCONDE DO RIO BRANCO
TADAIMA;B2600212600000;01/07/2026;DEFERIDO;FICÇÃO;;BRASILEIRA INDEPENDENTE CONSTITUINTE DE ESPAÇO QUALIFICADO;NÃO SERIADA;22,4;;2026;;SALAS DE EXIBIÇÃO;NÃO;ISABELLY SCHIMIDT MARTINS;PESSOA FÍSICA;SP;LIMEIRA
TALISMÃ;B2600267700000;14/08/2026;DEFERIDO;FICÇÃO;;BRASILEIRA INDEPENDENTE CONSTITUINTE DE ESPAÇO QUALIFICADO;NÃO SERIADA;81,7;;2026;;SALAS DE EXIBIÇÃO;NÃO;VULCANA CINEMA LTDA;08.112.710/0001-15;RS;PORTO ALEGRE
TANGRAM;B2600238400000;23/07/2026;DEFERIDO;ANIMAÇÃO;;BRASILEIRA INDEPENDENTE CONSTITUINTE DE ESPAÇO QUALIFICADO;NÃO SERIADA;6,0;;2026;;SALAS DE EXIBIÇÃO;NÃO;ARTIFÍCIO CINEMATOGRÁFICO E PRODUÇÕES LTDA.;74.165.200/0001-30;RJ;RIO DE JANEIRO
TANTO PRA DIZER;B2600072600000;10/03/2026;DEFERIDO;VÍDEOMUSICAL;;BRASILEIRA INDEPENDENTE CONSTITUINTE DE ESPAÇO QUALIFICADO;NÃO SERIADA;3,8;;2026;;COMUNICAÇÃO ELETRÔNICA DE MASSA POR ASSINATURA (TV PAGA);NÃO;FABRICA ESTUDIOS LTDA;03.767.725/0001-06;PE;RECIFE
TAP TIMES;B2600188500000;10/06/2026;DEFERIDO;VÍDEOMUSICAL;;BRASILEIRA CONSTITUINTE DE ESPAÇO QUALIFICADO;NÃO SERIADA;2,9;;2026;;COMUNICAÇÃO ELETRÔNICA DE MASSA POR ASSINATURA (TV PAGA);NÃO;LUIZ ALFREDO VERNIERI LOPES;PESSOA FÍSICA;RJ;RIO DE JANEIRO
TAPA TAPA;B2600024800000;27/01/2026;DEFERIDO;VÍDEOMUSICAL;;BRASILEIRA CONSTITUINTE DE ESPAÇO QUALIFICADO;NÃO SERIADA;2,1;;2026;;COMUNICAÇÃO ELETRÔNICA DE MASSA POR ASSINATURA (TV PAGA);NÃO;HAUS MEDIA LTDA;28.034.046/0001-40;BA;SALVADOR
TARDE DENTRO DA TARDE;B2600023700000;27/01/2026;DEFERIDO;FICÇÃO;;BRASILEIRA INDEPENDENTE CONSTITUINTE DE ESPAÇO QUALIFICADO;NÃO SERIADA;16,0;;2026;;OUTROS MERCADOS - AUDIOVISUAL EM CIRCUITO RESTRITO;NÃO;BALSA AMARELA LTDA;41.842.009/0001-27;AM;MANAUS
TAS;B2600114400000;15/04/2026;DEFERIDO;FICÇÃO;;BRASILEIRA INDEPENDENTE CONSTITUINTE DE ESPAÇO QUALIFICADO;NÃO SERIADA;71,2;;2026;;SALAS DE EXIBIÇÃO;NÃO;ABNER SARON DE SOUZA CUNHA PEREIRA;PESSOA FÍSICA;SP;SÃO PAULO
TAÍSA MACHADO — EM ESTADO DE ENCONTRO;B2600129400000;25/04/2026;DEFERIDO;DOCUMENTÁRIO;;BRASILEIRA INDEPENDENTE CONSTITUINTE DE ESPAÇO QUALIFICADO;NÃO SERIADA;18,8;;2026;;OUTROS MERCADOS;NÃO;TIMONEIRA PRODUCOES ARTISTICAS LTDA;14.446.838/0001-18;RJ;RIO DE JANEIRO
TE SUPEREI - ALLANA MACEDO & SOLANGE ALMEIDA;B2600043600000;12/02/2026;DEFERIDO;VÍDEOMUSICAL;;BRASILEIRA INDEPENDENTE CONSTITUINTE DE ESPAÇO QUALIFICADO;NÃO SERIADA;3,8;;2026;;COMUNICAÇÃO ELETRÔNICA DE MASSA POR ASSINATURA (TV PAGA);NÃO;53.450.239 ANA PAULA BOVI VALLILO;53.450.239/0001-20;SP;SANTANA DE PARNAÍBA
TE VEJO LÁ;B2600230100000;16/07/2026;DEFERIDO;ANIMAÇÃO;;BRASILEIRA CONSTITUINTE DE ESPAÇO QUALIFICADO;NÃO SERIADA;3;;2026;;SALAS DE EXIBIÇÃO;NÃO;GIOVANNI BRUNO DE SOUZA;PESSOA FÍSICA;MG;BELO HORIZONTE
TEKO PORÃ: RETRATO ATUAL DA VIDA COTIDIANA NA ALDEIA GUARANI RIO SILVEIRA;B2600130100000;27/04/2026;DEFERIDO;DOCUMENTÁRIO;;BRASILEIRA INDEPENDENTE CONSTITUINTE DE ESPAÇO QUALIFICADO;NÃO SERIADA;80,2;;2026;;SALAS DE EXIBIÇÃO;NÃO;L. M. S. ALVES COMUNICA;38.100.048/0001-44;SP;SÃO PAULO
TEM MOLHO;B2600181100000;01/06/2026;DEFERIDO;VÍDEOMUSICAL;Registro de Eventos;BRASILEIRA INDEPENDENTE CONSTITUINTE DE ESPAÇO QUALIFICADO;NÃO SERIADA;3,0;;2025;;RADIODIFUSÃO DE SONS E IMAGENS (TV ABERTA);NÃO;CG AGENCIAMENTO E SERVIÇOS LTDA;30.022.536/0001-79;SP;RIBEIRÃO PRETO
TEMPO DESCOBRE TEMPO;B2600163500000;19/05/2026;DEFERIDO;DOCUMENTÁRIO;;BRASILEIRA INDEPENDENTE CONSTITUINTE DE ESPAÇO QUALIFICADO;NÃO SERIADA;16,9;;2026;;SALAS DE EXIBIÇÃO;NÃO;ERIKO RENAN ARAUJO DE MORAES;28.198.052/0001-33;PE;GARANHUNS
TEMPO PARA AMAR;B2600143700000;04/05/2026;DEFERIDO;VARIEDADES;;BRASILEIRA CONSTITUINTE DE ESPAÇO QUALIFICADO;SERIADA EM TEMPORADA ÚNICA;120;4;2026;2026;COMUNICAÇÃO ELETRÔNICA DE MASSA POR ASSINATURA (TV PAGA);NÃO;GLOBO COMUNICACAO E PARTICIPACOES S/A;27.865.757/0001-02;RJ;RIO DE JANEIRO
TEMPORAL;B2600232000000;17/07/2026;DEFERIDO;FICÇÃO;;BRASILEIRA INDEPENDENTE CONSTITUINTE DE ESPAÇO QUALIFICADO;NÃO SERIADA;21,0;;2026;;NENHUMA DAS OPÇÕES;NÃO;GENIVALDO NOGUEIRA PRODUCOES LTDA;58.018.526/0001-89;PI;RIO GRANDE DO PIAUÍ
TEMPOS DE CRIANÇA;B2600157500000;14/05/2026;DEFERIDO;FICÇÃO;;BRASILEIRA CONSTITUINTE DE ESPAÇO QUALIFICADO;NÃO SERIADA;51,1;;2026;;COMUNICAÇÃO ELETRÔNICA DE MASSA POR ASSINATURA (TV PAGA);NÃO;CAVIDEO PRODUÇÕES COMÉRCIO E LOCAÇÃO DE FILMES LTDA;01.666.326/0001-15;RJ;RIO DE JANEIRO
TEMPOS DE INOCÊNCIA;B2600227500000;14/07/2026;DEFERIDO;DOCUMENTÁRIO;;BRASILEIRA INDEPENDENTE CONSTITUINTE DE ESPAÇO QUALIFICADO;NÃO SERIADA;23,2;;2026;;NENHUMA DAS OPÇÕES;NÃO;BALTAZAR PRODUCAO & CONTEUDO LTDA;23.130.051/0001-33;RJ;RIO DE JANEIRO
TENHO TANTO PARA FALAR | SEU JAYRO;B2600039800000;10/02/2026;DEFERIDO;DOCUMENTÁRIO;;BRASILEIRA INDEPENDENTE CONSTITUINTE DE ESPAÇO QUALIFICADO;NÃO SERIADA;10,0;;2026;;SALAS DE EXIBIÇÃO;NÃO;RAFAEL SCUCUGLIA DE SOUZA RODRIGUES;19.502.943/0001-40;SP;CAMPINAS
TENTA ME ENTENDER;B2600108900000;09/04/2026;DEFERIDO;VÍDEOMUSICAL;;BRASILEIRA INDEPENDENTE CONSTITUINTE DE ESPAÇO QUALIFICADO;NÃO SERIADA;3,3;;2026;;COMUNICAÇÃO ELETRÔNICA DE MASSA POR ASSINATURA (TV PAGA);NÃO;GR6 EVENTOS - PRODUTORA, GRAVADORA E EDITORA LTDA;17.977.383/0001-55;SP;SÃO PAULO
TERRA VISTA;B2600180600000;01/06/2026;DEFERIDO;DOCUMENTÁRIO;;BRASILEIRA INDEPENDENTE CONSTITUINTE DE ESPAÇO QUALIFICADO;NÃO SERIADA;19,2;;2026;;OUTROS MERCADOS;NÃO;CENTRO POPULAR DE MIDIAS CPMIDIAS;28.501.361/0001-30;SP;SÃO PAULO
TERRACINHO DO SIBC;B2600123200000;20/04/2026;DEFERIDO;VÍDEOMUSICAL;Registro de Eventos;BRASILEIRA INDEPENDENTE CONSTITUINTE DE ESPAÇO QUALIFICADO;NÃO SERIADA;49;;2026;;COMUNICAÇÃO ELETRÔNICA DE MASSA POR ASSINATURA (TV PAGA);NÃO;DIVERTICIDADE EVENTOS LTDA;31.688.667/0001-52;RJ;RIO DE JANEIRO
TERRACINHO DO SIBC (EDITADA);B2600123300000;20/04/2026;DEFERIDO;VÍDEOMUSICAL;Registro de Eventos;BRASILEIRA INDEPENDENTE CONSTITUINTE DE ESPAÇO QUALIFICADO;NÃO SERIADA;22;;2026;;COMUNICAÇÃO ELETRÔNICA DE MASSA POR ASSINATURA (TV PAGA);NÃO;DIVERTICIDADE EVENTOS LTDA;31.688.667/0001-52;RJ;RIO DE JANEIRO
TERREIROS URBANOS EM SÃO PAULO;B2600248500000;28/07/2026;DEFERIDO;DOCUMENTÁRIO;;BRASILEIRA INDEPENDENTE CONSTITUINTE DE ESPAÇO QUALIFICADO;SERIADA EM TEMPORADA ÚNICA;55,5;5;2026;2026;NENHUMA DAS OPÇÕES;NÃO;CENTRO POPULAR DE MIDIAS CPMIDIAS;28.501.361/0001-30;SP;SÃO PAULO
TERRENO BALDIO;B2600114900000;16/04/2026;DEFERIDO;FICÇÃO;;BRASILEIRA INDEPENDENTE CONSTITUINTE DE ESPAÇO QUALIFICADO;NÃO SERIADA;13;;2026;;SALAS DE EXIBIÇÃO;NÃO;MIRABOLICA FILMES LTDA;48.651.932/0001-20;ES;VITÓRIA
TERRITÓRIO DE CURA;B2600150200000;07/05/2026;DEFERIDO;DOCUMENTÁRIO;;BRASILEIRA INDEPENDENTE CONSTITUINTE DE ESPAÇO QUALIFICADO;NÃO SERIADA;20,3;;2026;;SALAS DE EXIBIÇÃO;NÃO;ERIKO RENAN ARAUJO DE MORAES;28.198.052/0001-33;PE;GARANHUNS
TERRITÓRIO DO CRIME;B2600263900000;10/08/2026;DEFERIDO;FICÇÃO;;BRASILEIRA INDEPENDENTE CONSTITUINTE DE ESPAÇO QUALIFICADO;NÃO SERIADA;96,8;;2026;;COMUNICAÇÃO ELETRÔNICA DE MASSA POR ASSINATURA (TV PAGA);NÃO;INTRO PICTURES PRODUÇÕES CINEMATOGRÁFICAS LTDA;05.832.663/0001-96;SP;SÃO PAULO
TERRUÁ PARÁ;B2600187800000;10/06/2026;DEFERIDO;DOCUMENTÁRIO;;BRASILEIRA INDEPENDENTE CONSTITUINTE DE ESPAÇO QUALIFICADO;NÃO SERIADA;100,1;;2026;;COMUNICAÇÃO ELETRÔNICA DE MASSA POR ASSINATURA (TV PAGA);NÃO;CABOCLA FILMES LTDA;23.278.315/0001-09;PA;BELÉM
TERRUÁ PARÁ - VERSÃO 70 MINUTOS;B2600209400000;29/06/2026;DEFERIDO;DOCUMENTÁRIO;;BRASILEIRA INDEPENDENTE CONSTITUINTE DE ESPAÇO QUALIFICADO;NÃO SERIADA;69,6;;2026;;COMUNICAÇÃO ELETRÔNICA DE MASSA POR ASSINATURA (TV PAGA);NÃO;CABOCLA FILMES LTDA;23.278.315/0001-09;PA;BELÉM
TEST DRIVE - QUARTA TEMPORADA;B2600233400000;20/07/2026;DEFERIDO;DOCUMENTÁRIO;;BRASILEIRA INDEPENDENTE CONSTITUINTE DE ESPAÇO QUALIFICADO;SERIADA EM MÚLTIPLAS TEMPORADAS;480;16;2026;2026;VIDEO DOMÉSTICO;NÃO;MEDIALAND PRODUÇÃO E COMUNICAÇÃO LTDA;08.346.159/0001-74;SP;SÃO PAULO
TESTE PARA CARDÍACO;B2600046800000;19/02/2026;DEFERIDO;FICÇÃO;;BRASILEIRA CONSTITUINTE DE ESPAÇO QUALIFICADO;NÃO SERIADA;50;;2026;;RADIODIFUSÃO DE SONS E IMAGENS (TV ABERTA);NÃO;GLOBO COMUNICACAO E PARTICIPACOES S/A;27.865.757/0001-02;RJ;RIO DE JANEIRO
TESÃO IRRESISTÍVEL;B2600192100000;12/06/2026;DEFERIDO;FICÇÃO;Erótico/Pornográfica;COMUM;NÃO SERIADA;31;;2026;;COMUNICAÇÃO ELETRÔNICA DE MASSA POR ASSINATURA (TV PAGA);NÃO;J3 PRODUCOES LTDA;20.520.327/0001-00;SP;SÃO PAULO
THAYARA;B2600229800000;15/07/2026;DEFERIDO;DOCUMENTÁRIO;;BRASILEIRA INDEPENDENTE CONSTITUINTE DE ESPAÇO QUALIFICADO;NÃO SERIADA;15,3;;2026;;COMUNICAÇÃO ELETRÔNICA DE MASSA POR ASSINATURA (TV PAGA);NÃO;IMAGÍSTICA FILMES LTDA;21.277.034/0001-06;PR;CURITIBA
THE BOMBERS - NOITE ALUCINANTE 30 ANOS AO VIVO;B2600105700000;07/04/2026;DEFERIDO;VÍDEOMUSICAL;Registro de Eventos;BRASILEIRA INDEPENDENTE CONSTITUINTE DE ESPAÇO QUALIFICADO;NÃO SERIADA;72,4;;2026;;COMUNICAÇÃO ELETRÔNICA DE MASSA POR ASSINATURA (TV PAGA);NÃO;GABRIELA RICCIARDI CASERTA;42.271.245/0001-01;SP;SÃO PAULO
THE DREAMINESS;B2600226900000;14/07/2026;DEFERIDO;FICÇÃO;;BRASILEIRA CONSTITUINTE DE ESPAÇO QUALIFICADO;NÃO SERIADA;21,7;;2026;;OUTROS MERCADOS - VÍDEO POR DEMANDA;NÃO;36.780.865 RENATA SIQUEIRA GUIMARAES DE LIMA;36.780.865/0001-65;RJ;RIO DE JANEIRO
THE GROOVE UNDER THE GROOVE, OS SONS DE PAULINHO DA COSTA;B2600076100000;12/03/2026;DEFERIDO;DOCUMENTÁRIO;;BRASILEIRA INDEPENDENTE CONSTITUINTE DE ESPAÇO QUALIFICADO;NÃO SERIADA;89,6;;2026;;OUTROS MERCADOS - VÍDEO POR DEMANDA;NÃO;NUCLEAR AUDIOVISUAIS LTDA;07.903.837/0001-90;SP;SÃO PAULO
TIAGO MARTINS FEAT. NOGO NORONHA - MORENA;B2600097800000;30/03/2026;DEFERIDO;VÍDEOMUSICAL;Registro de Eventos;BRASILEIRA INDEPENDENTE CONSTITUINTE DE ESPAÇO QUALIFICADO;NÃO SERIADA;2,5;;2025;;COMUNICAÇÃO ELETRÔNICA DE MASSA POR ASSINATURA (TV PAGA);NÃO;MALLUPY ENTRETENIMENTO LTDA;23.375.424/0001-36;SC;FLORIANÓPOLIS
TIC E O TIGRE;B2600089600000;24/03/2026;DEFERIDO;ANIMAÇÃO;;BRASILEIRA INDEPENDENTE CONSTITUINTE DE ESPAÇO QUALIFICADO;NÃO SERIADA;7,9;;2026;;OUTROS MERCADOS - AUDIOVISUAL EM CIRCUITO RESTRITO;NÃO;PÓLEN ESTÚDIO DE ANIMAÇÃO LTDA-EPP;13.167.621/0001-06;MG;BELO HORIZONTE
TIRADENTES: JOIA DO BARROCO MINEIRO;B2600186500000;09/06/2026;DEFERIDO;DOCUMENTÁRIO;;BRASILEIRA INDEPENDENTE CONSTITUINTE DE ESPAÇO QUALIFICADO;NÃO SERIADA;70,0;;2026;;OUTROS MERCADOS;NÃO;ASSOCIAÇÃO TURÍSTICA, CULTURAL, ECOLÓGICA E ESPORTIVA MINAS GERAIS - FORROBOL;08.751.516/0001-80;MG;BELO HORIZONTE
TIROS NA NOITE-OBTUS;B2600099200000;30/03/2026;DEFERIDO;VÍDEOMUSICAL;Registro de Eventos;BRASILEIRA INDEPENDENTE CONSTITUINTE DE ESPAÇO QUALIFICADO;NÃO SERIADA;5,5;;2004;;RADIODIFUSÃO DE SONS E IMAGENS (TV ABERTA);NÃO;MADRE FILMES PRODUÇÕES AUDIOVISUAIS LTDA.;12.803.014/0001-22;PI;TERESINA
TIÃO PERSONAL DANCER;B2600013100000;15/01/2026;DEFERIDO;FICÇÃO;;BRASILEIRA INDEPENDENTE CONSTITUINTE DE ESPAÇO QUALIFICADO;NÃO SERIADA;23,5;;2026;;SALAS DE EXIBIÇÃO;NÃO;DAFUQ FILMES LTDA;19.153.140/0001-28;GO;GOIÂNIA
TODA NATURAL;B2600029300000;02/02/2026;DEFERIDO;VÍDEOMUSICAL;;BRASILEIRA INDEPENDENTE CONSTITUINTE DE ESPAÇO QUALIFICADO;NÃO SERIADA;2,5;;2026;;COMUNICAÇÃO ELETRÔNICA DE MASSA POR ASSINATURA (TV PAGA);NÃO;BEST PRODUCOES ARTISTICAS LTDA;24.809.258/0001-00;GO;FORMOSA
TODAS AS MEMÓRIAS QUE VOCÊ FEZ PARA MIM;B2600093900000;25/03/2026;DEFERIDO;FICÇÃO;;BRASILEIRA INDEPENDENTE CONSTITUINTE DE ESPAÇO QUALIFICADO;NÃO SERIADA;18,7;;2026;;SALAS DE EXIBIÇÃO;NÃO;NOIZE AUDIOVISUAL LTDA.;43.808.739/0001-37;PE;BEZERROS
TODAS ELAS EM UMA;B2600107000000;08/04/2026;DEFERIDO;VÍDEOMUSICAL;Registro de Eventos;BRASILEIRA CONSTITUINTE DE ESPAÇO QUALIFICADO;NÃO SERIADA;83;;2026;;SALAS DE EXIBIÇÃO;NÃO;KOLBE FILMES LTDA;60.922.058/0001-14;SP;LOUVEIRA
TODO CASTIGO PRA CORNO É POUCO;B2600148300000;05/05/2026;DEFERIDO;FICÇÃO;Erótico/Pornográfica;COMUM;NÃO SERIADA;62,3;;2026;;COMUNICAÇÃO ELETRÔNICA DE MASSA POR ASSINATURA (TV PAGA);NÃO;LUZ VERMELHA FILMES - PRODUTORA DE CINEMA E VÍDEO LTDA;09.152.063/0001-38;SP;SÃO PAULO
TODO MUNDO NO RIO - SHAKIRA NO RIO;B2600136100000;27/04/2026;DEFERIDO;VÍDEOMUSICAL;Registro de Eventos;BRASILEIRA CONSTITUINTE DE ESPAÇO QUALIFICADO;NÃO SERIADA;180;;2026;;COMUNICAÇÃO ELETRÔNICA DE MASSA POR ASSINATURA (TV PAGA);NÃO;GLOBO COMUNICACAO E PARTICIPACOES S/A;27.865.757/0001-02;RJ;RIO DE JANEIRO
TODO MUNDO NO RIO: SHAKIRA;B2600139200000;29/04/2026;DEFERIDO;VÍDEOMUSICAL;Registro de Eventos;BRASILEIRA CONSTITUINTE DE ESPAÇO QUALIFICADO;NÃO SERIADA;120;;2026;;RADIODIFUSÃO DE SONS E IMAGENS (TV ABERTA);NÃO;GLOBO COMUNICACAO E PARTICIPACOES S/A;27.865.757/0001-02;RJ;RIO DE JANEIRO
TODO O SENTIMENTO;B2600246600000;28/07/2026;DEFERIDO;FICÇÃO;;BRASILEIRA INDEPENDENTE CONSTITUINTE DE ESPAÇO QUALIFICADO;NÃO SERIADA;86,7;;2026;;SALAS DE EXIBIÇÃO;NÃO;ROSZA FILMES PRODUÇÕES LTDA ME;13.650.474/0001-20;BA;MURITIBA
TODOS ESSES DIAS EM QUE SOU ESTRANGEIRO;B2600215800000;07/07/2026;DEFERIDO;FICÇÃO;;BRASILEIRA INDEPENDENTE CONSTITUINTE DE ESPAÇO QUALIFICADO;NÃO SERIADA;114,6;;2026;;SALAS DE EXIBIÇÃO;NÃO;ALEXANDRE A DA SILVA;14.656.638/0001-90;PE;TAQUARITINGA DO NORTE
TODOS QUEREM SER FELIZES - ALMA LIVRE;B2600017400000;20/01/2026;DEFERIDO;VÍDEOMUSICAL;Registro de Eventos;BRASILEIRA INDEPENDENTE CONSTITUINTE DE ESPAÇO QUALIFICADO;NÃO SERIADA;4,3;;2026;;COMUNICAÇÃO ELETRÔNICA DE MASSA POR ASSINATURA (TV PAGA);NÃO;AGNALDO ALVES DOS SANTOS;PESSOA FÍSICA;SP;CAIEIRAS
TOKUMBÓ;B2600264900000;11/08/2026;DEFERIDO;DOCUMENTÁRIO;;BRASILEIRA INDEPENDENTE CONSTITUINTE DE ESPAÇO QUALIFICADO;NÃO SERIADA;74,8;;2026;;COMUNICAÇÃO ELETRÔNICA DE MASSA POR ASSINATURA (TV PAGA);NÃO;ORI IMAGEM E SOM PRODUÇÃO CINEMATOGRÁFICA LTDA;14.785.375/0001-19;BA;SALVADOR
TOM-TOM DENTE DE LEÃO;B2600267200000;14/08/2026;DEFERIDO;ANIMAÇÃO;;BRASILEIRA INDEPENDENTE CONSTITUINTE DE ESPAÇO QUALIFICADO;NÃO SERIADA;2,6;;2026;;NENHUMA DAS OPÇÕES;NÃO;ARIEDHINE CARVALHO ***********;40.148.001/0001-00;SP;SÃO PAULO
TOP TVZ 2026;B2600000400000;02/01/2026;DEFERIDO;VÍDEOMUSICAL;Registro de Eventos;BRASILEIRA CONSTITUINTE DE ESPAÇO QUALIFICADO;SERIADA EM MÚLTIPLAS TEMPORADAS;1590;53;2026;2026;COMUNICAÇÃO ELETRÔNICA DE MASSA POR ASSINATURA (TV PAGA);NÃO;GLOBO COMUNICACAO E PARTICIPACOES S/A;27.865.757/0001-02;RJ;RIO DE JANEIRO
TORCIDA SBT;B2600157000000;14/05/2026;DEFERIDO;VARIEDADES;;BRASILEIRA CONSTITUINTE DE ESPAÇO QUALIFICADO;NÃO SERIADA;60;;2026;;RADIODIFUSÃO DE SONS E IMAGENS (TV ABERTA);NÃO;TVSBT CANAL 4 DE SAO PAULO S/A;45.039.237/0001-14;SP;OSASCO
TORRE;B2600179200000;28/05/2026;DEFERIDO;VÍDEOMUSICAL;;BRASILEIRA INDEPENDENTE CONSTITUINTE DE ESPAÇO QUALIFICADO;NÃO SERIADA;5,4;;2026;;COMUNICAÇÃO ELETRÔNICA DE MASSA POR ASSINATURA (TV PAGA);NÃO;62.727.877 MARINA CAMPOS BARRETO;62.727.877/0001-36;SP;SÃO PAULO
TOY RECORDS: COLLECTOR’S SERIES;B2600059500000;24/02/2026;DEFERIDO;DOCUMENTÁRIO;;BRASILEIRA INDEPENDENTE CONSTITUINTE DE ESPAÇO QUALIFICADO;SERIADA EM TEMPORADA ÚNICA;24,8;3;2025;2025;OUTROS MERCADOS - VÍDEO POR DEMANDA;NÃO;TOY RECORDS LTDA;47.612.558/0001-91;PE;RECIFE
TRABALHADORES FODENDO O CU DA GORDELÍCIA;B2600223600000;10/07/2026;DEFERIDO;FICÇÃO;Erótico/Pornográfica;COMUM;NÃO SERIADA;61,9;;2026;;COMUNICAÇÃO ELETRÔNICA DE MASSA POR ASSINATURA (TV PAGA);NÃO;LUZ VERMELHA FILMES - PRODUTORA DE CINEMA E VÍDEO LTDA;09.152.063/0001-38;SP;SÃO PAULO
TRAGO SEU AMOR;B2600078900000;16/03/2026;DEFERIDO;FICÇÃO;;BRASILEIRA INDEPENDENTE CONSTITUINTE DE ESPAÇO QUALIFICADO;NÃO SERIADA;77,9;;2026;;SALAS DE EXIBIÇÃO;NÃO;TV ZERO CINEMA LTDA;03.360.320/0001-40;RJ;RIO DE JANEIRO
TRAPO E A LOJA DE PANOS DE PRATO;B2600069600000;06/03/2026;DEFERIDO;FICÇÃO;;BRASILEIRA CONSTITUINTE DE ESPAÇO QUALIFICADO;NÃO SERIADA;24,8;;2026;;SALAS DE EXIBIÇÃO;NÃO;MIQUEIAS SEBRENSKI ALE;PESSOA FÍSICA;PR;CURITIBA
TRAVA HORROR PICTURE SHOW;B2600187900000;10/06/2026;DEFERIDO;VÍDEOMUSICAL;;BRASILEIRA INDEPENDENTE CONSTITUINTE DE ESPAÇO QUALIFICADO;NÃO SERIADA;4,7;;2026;;COMUNICAÇÃO ELETRÔNICA DE MASSA POR ASSINATURA (TV PAGA);NÃO;RODRIGO DE SOUZA SALES MONTEIRO;PESSOA FÍSICA;SP;SÃO PAULO
TRAVESSIA;B2600159100000;15/05/2026;DEFERIDO;DOCUMENTÁRIO;;BRASILEIRA CONSTITUINTE DE ESPAÇO QUALIFICADO;NÃO SERIADA;20;;2026;;OUTROS MERCADOS - AUDIOVISUAL EM CIRCUITO RESTRITO;NÃO;ANA CRISTINA DE LIMA E SOUZA;PESSOA FÍSICA;DF;BRASÍLIA
TREM, CAFÉ E ROTA IMPERIAL;B2600247700000;28/07/2026;DEFERIDO;DOCUMENTÁRIO;;BRASILEIRA INDEPENDENTE CONSTITUINTE DE ESPAÇO QUALIFICADO;NÃO SERIADA;36,1;;2025;;OUTROS MERCADOS;NÃO;DANILO F GOMES PINTO;24.526.994/0001-42;MG;EXTREMA
TREME TERRA;B2600001800000;05/01/2026;DEFERIDO;FICÇÃO;;BRASILEIRA INDEPENDENTE CONSTITUINTE DE ESPAÇO QUALIFICADO;NÃO SERIADA;144,9;;2025;;SALAS DE EXIBIÇÃO;NÃO;NÚCLEO ZERO LTDA;05.760.527/0001-38;AL;MACEIÓ
TRENZINHO;B2600043200000;12/02/2026;DEFERIDO;VÍDEOMUSICAL;;BRASILEIRA INDEPENDENTE CONSTITUINTE DE ESPAÇO QUALIFICADO;NÃO SERIADA;3,5;;2026;;COMUNICAÇÃO ELETRÔNICA DE MASSA POR ASSINATURA (TV PAGA);NÃO;GR6 EVENTOS - PRODUTORA, GRAVADORA E EDITORA LTDA;17.977.383/0001-55;SP;SÃO PAULO
TREVOR;B2600191500000;11/06/2026;DEFERIDO;FICÇÃO;;BRASILEIRA INDEPENDENTE CONSTITUINTE DE ESPAÇO QUALIFICADO;NÃO SERIADA;126;;2026;;OUTROS MERCADOS - VÍDEO POR DEMANDA;NÃO;EDITORIAL PORTAL LTDA;29.092.828/0001-07;MG;BELO HORIZONTE
TRIBUNAL;B2600154100000;12/05/2026;DEFERIDO;FICÇÃO;;BRASILEIRA INDEPENDENTE CONSTITUINTE DE ESPAÇO QUALIFICADO;NÃO SERIADA;4,9;;2026;;OUTROS MERCADOS;NÃO;35.886.844 VINICIUS GONCALVES DOS SANTOS;35.886.844/0001-66;SP;SÃO PAULO
TRILHAS DE RESISTÊNCIA - O HIP HOP NA REGIÃO DA LEOPOLDINA;B2600231600000;17/07/2026;DEFERIDO;DOCUMENTÁRIO;;BRASILEIRA INDEPENDENTE CONSTITUINTE DE ESPAÇO QUALIFICADO;NÃO SERIADA;20,3;;2026;;OUTROS MERCADOS;NÃO;14.759.882 ANA PAULA MARTINS GUALBERTO;14.759.882/0001-88;RJ;RIO DE JANEIRO
TRIVAKRA;B2600129100000;25/04/2026;DEFERIDO;FICÇÃO;;BRASILEIRA INDEPENDENTE CONSTITUINTE DE ESPAÇO QUALIFICADO;NÃO SERIADA;10,1;;2026;;OUTROS MERCADOS;NÃO;EXC PRODUCOES ARTISTICAS LTDA;22.727.839/0001-69;RJ;RIO DE JANEIRO
TROCA DE PRESENTES E ESPOSAS;B2600006200000;08/01/2026;DEFERIDO;FICÇÃO;Erótico/Pornográfica;COMUM;NÃO SERIADA;66,2;;2026;;COMUNICAÇÃO ELETRÔNICA DE MASSA POR ASSINATURA (TV PAGA);NÃO;BM SERVICOS DE INTERNET LTDA;18.998.725/0001-86;RJ;RIO DE JANEIRO
TRÂNSITO;B2600039000000;09/02/2026;DEFERIDO;FICÇÃO;;BRASILEIRA INDEPENDENTE CONSTITUINTE DE ESPAÇO QUALIFICADO;NÃO SERIADA;74,1;;2026;;SALAS DE EXIBIÇÃO;NÃO;FO PRODUCAO E DISTRIBUICAO CINEMATOGRAFICA LTDA;28.999.713/0001-20;RJ;RIO DE JANEIRO
TRÊS;B2600021300000;24/01/2026;DEFERIDO;FICÇÃO;;BRASILEIRA INDEPENDENTE CONSTITUINTE DE ESPAÇO QUALIFICADO;NÃO SERIADA;21,6;;2026;;SALAS DE EXIBIÇÃO;NÃO;CASA DE LAVA PRODUCAO CINEMATOGRAFICA E SERVICOS LTDA;10.524.559/0001-74;SP;SÃO PAULO
TU ME OLHA;B2600259100000;05/08/2026;DEFERIDO;VÍDEOMUSICAL;Registro de Eventos;BRASILEIRA INDEPENDENTE CONSTITUINTE DE ESPAÇO QUALIFICADO;NÃO SERIADA;2,9;;2025;;COMUNICAÇÃO ELETRÔNICA DE MASSA POR ASSINATURA (TV PAGA);NÃO;TOPO DO MUNDO EMPREENDIMENTOS ARTISTICOS LTDA;53.712.780/0001-69;RJ;NITERÓI
TUDO QUE JÁ FOI LUZ;B2600106800000;08/04/2026;DEFERIDO;FICÇÃO;;BRASILEIRA CONSTITUINTE DE ESPAÇO QUALIFICADO;NÃO SERIADA;19,8;;2026;;OUTROS MERCADOS - AUDIOVISUAL EM CIRCUITO RESTRITO;NÃO;DAVI RODRIGUES BORGES;PESSOA FÍSICA;RS;NOVO HAMBURGO
TUDO É TEMPO;B2600224200000;13/07/2026;DEFERIDO;DOCUMENTÁRIO;;BRASILEIRA INDEPENDENTE CONSTITUINTE DE ESPAÇO QUALIFICADO;NÃO SERIADA;85,6;;2026;;COMUNICAÇÃO ELETRÔNICA DE MASSA POR ASSINATURA (TV PAGA);NÃO;SOLAR FILMES LTDA - ME;03.766.122/0001-81;RJ;RIO DE JANEIRO
TUIA 25 ANOS CLÁSSICOS DO ROCK RURAL;B2600212200000;01/07/2026;DEFERIDO;VÍDEOMUSICAL;Registro de Eventos;BRASILEIRA CONSTITUINTE DE ESPAÇO QUALIFICADO;NÃO SERIADA;3,8;;2026;;RADIODIFUSÃO DE SONS E IMAGENS (TV ABERTA);NÃO;LUIS GUSTAVO LENCIONI PEREIRA;PESSOA FÍSICA;SP;SÃO JOSÉ DOS CAMPOS
TURNÊ CORAÇÃO ACELERADO;B2600229700000;15/07/2026;DEFERIDO;VÍDEOMUSICAL;Registro de Eventos;BRASILEIRA CONSTITUINTE DE ESPAÇO QUALIFICADO;NÃO SERIADA;40;;2026;;RADIODIFUSÃO DE SONS E IMAGENS (TV ABERTA);NÃO;GLOBO COMUNICACAO E PARTICIPACOES S/A;27.865.757/0001-02;RJ;RIO DE JANEIRO
TV ENTREABERTA;B2600227100000;14/07/2026;DEFERIDO;ANIMAÇÃO;;BRASILEIRA INDEPENDENTE CONSTITUINTE DE ESPAÇO QUALIFICADO;NÃO SERIADA;8,5;;2026;;SALAS DE EXIBIÇÃO;NÃO;MATEUS HENRIQUE FERREIRA COMPART ***********;41.047.638/0001-65;MG;BELO HORIZONTE
TVZ 2026;B2600000500000;02/01/2026;DEFERIDO;VÍDEOMUSICAL;Registro de Eventos;BRASILEIRA CONSTITUINTE DE ESPAÇO QUALIFICADO;SERIADA EM MÚLTIPLAS TEMPORADAS;4350;145;2026;2026;COMUNICAÇÃO ELETRÔNICA DE MASSA POR ASSINATURA (TV PAGA);NÃO;GLOBO COMUNICACAO E PARTICIPACOES S/A;27.865.757/0001-02;RJ;RIO DE JANEIRO
TVZ EXPERIMENTE 2026;B2600000300000;02/01/2026;DEFERIDO;VÍDEOMUSICAL;Registro de Eventos;BRASILEIRA CONSTITUINTE DE ESPAÇO QUALIFICADO;SERIADA EM MÚLTIPLAS TEMPORADAS;1560;52;2026;2026;COMUNICAÇÃO ELETRÔNICA DE MASSA POR ASSINATURA (TV PAGA);NÃO;GLOBO COMUNICACAO E PARTICIPACOES S/A;27.865.757/0001-02;RJ;RIO DE JANEIRO
TÁ SOLTEIRA;B2600180000000;01/06/2026;DEFERIDO;VÍDEOMUSICAL;;BRASILEIRA INDEPENDENTE CONSTITUINTE DE ESPAÇO QUALIFICADO;NÃO SERIADA;2,8;;2026;;COMUNICAÇÃO ELETRÔNICA DE MASSA POR ASSINATURA (TV PAGA);NÃO;BEST PRODUCOES ARTISTICAS LTDA;24.809.258/0001-00;GO;FORMOSA
TÔ AFIM;B2600126100000;23/04/2026;DEFERIDO;VÍDEOMUSICAL;Registro de Eventos;BRASILEIRA INDEPENDENTE CONSTITUINTE DE ESPAÇO QUALIFICADO;NÃO SERIADA;3,3;;2024;;SALAS DE EXIBIÇÃO;NÃO;JÁDER LOURES DE BRITO;PESSOA FÍSICA;MG;PONTE NOVA
TÔ DE GRAÇA - 8ª TEMPORADA;B2600111100000;13/04/2026;DEFERIDO;FICÇÃO;;BRASILEIRA CONSTITUINTE DE ESPAÇO QUALIFICADO;SERIADA EM MÚLTIPLAS TEMPORADAS;750;30;2026;2026;COMUNICAÇÃO ELETRÔNICA DE MASSA POR ASSINATURA (TV PAGA);NÃO;GLOBO COMUNICACAO E PARTICIPACOES S/A;27.865.757/0001-02;RJ;RIO DE JANEIRO
UATANA;B2600261300000;07/08/2026;DEFERIDO;FICÇÃO;;BRASILEIRA INDEPENDENTE CONSTITUINTE DE ESPAÇO QUALIFICADO;NÃO SERIADA;104,0;;2026;;SALAS DE EXIBIÇÃO;NÃO;COISA DE CINEMA - CINEMA E VÍDEO LTDA ME;00.845.658/0001-02;BA;SALVADOR
ULTREÏA;B2600218200000;08/07/2026;DEFERIDO;DOCUMENTÁRIO;;BRASILEIRA INDEPENDENTE CONSTITUINTE DE ESPAÇO QUALIFICADO;NÃO SERIADA;80,1;;2026;;SALAS DE EXIBIÇÃO;NÃO;ATAMA FILMES PRODUTORA AUDIOVISUAL LTDA ME;12.667.775/0001-02;RS;PORTO ALEGRE
UM * FILME DE BR *;B2600250100000;29/07/2026;DEFERIDO;DOCUMENTÁRIO;;BRASILEIRA INDEPENDENTE CONSTITUINTE DE ESPAÇO QUALIFICADO;NÃO SERIADA;25,0;;2026;;SALAS DE EXIBIÇÃO;NÃO;44.243.362 WENDER ZANON;44.243.362/0001-89;RS;CANOAS
UM AMOR;B2600194800000;17/06/2026;DEFERIDO;FICÇÃO;;BRASILEIRA INDEPENDENTE CONSTITUINTE DE ESPAÇO QUALIFICADO;NÃO SERIADA;26,0;;2026;;SALAS DE EXIBIÇÃO;NÃO;SG FILMES LTDA;11.326.389/0001-86;SP;SÃO PAULO
UM CARNAVAL EM CADA ESQUINA;B2600107600000;09/04/2026;DEFERIDO;FICÇÃO;;BRASILEIRA INDEPENDENTE CONSTITUINTE DE ESPAÇO QUALIFICADO;NÃO SERIADA;72,8;;2026;;SALAS DE EXIBIÇÃO;NÃO;TEM DENDÊ PRODUÇÕES LTDA;15.128.758/0001-87;BA;SALVADOR
UM CERTO CINEMA BRASILEIRO;B2600094700000;26/03/2026;DEFERIDO;DOCUMENTÁRIO;;BRASILEIRA INDEPENDENTE CONSTITUINTE DE ESPAÇO QUALIFICADO;NÃO SERIADA;7,5;;2026;;NENHUMA DAS OPÇÕES;NÃO;NOVOS OLHARES PRODUÇÕES AUDIOVISUAIS LTDA;60.617.531/0001-50;SE;ARACAJU
UM CORAÇÃO;B2600190500000;11/06/2026;DEFERIDO;DOCUMENTÁRIO;;BRASILEIRA INDEPENDENTE CONSTITUINTE DE ESPAÇO QUALIFICADO;NÃO SERIADA;19,9;;2026;;SALAS DE EXIBIÇÃO;NÃO;ATLANTICO FILMES LTDA;22.791.682/0001-30;MG;BELO HORIZONTE
UM CORPO SEM CAVALO?;B2600245200000;27/07/2026;DEFERIDO;ANIMAÇÃO;;BRASILEIRA CONSTITUINTE DE ESPAÇO QUALIFICADO;NÃO SERIADA;8,5;;2026;;SALAS DE EXIBIÇÃO;NÃO;52.003.437 LARA MENNA BARRETO FUKE;52.003.437/0001-82;RJ;RIO DE JANEIRO
UM DIA APÓS O OUTRO;B2600085100000;19/03/2026;DEFERIDO;DOCUMENTÁRIO;;BRASILEIRA CONSTITUINTE DE ESPAÇO QUALIFICADO;NÃO SERIADA;80,8;;2026;;OUTROS MERCADOS;NÃO;FRAGA PRODUCOES DE FILMES LTDA;08.237.082/0001-02;SP;SÃO PAULO
UM DIA EXTRAORDINÁRIO;B2600009200000;12/01/2026;DEFERIDO;FICÇÃO;;BRASILEIRA INDEPENDENTE CONSTITUINTE DE ESPAÇO QUALIFICADO;NÃO SERIADA;50;;2026;;RADIODIFUSÃO DE SONS E IMAGENS (TV ABERTA);NÃO;NOVELO FILMES PRODUÇÕES AUDIOVISUAIS LTDA ME;12.772.107/0001-37;SC;FLORIANÓPOLIS
UM DIA NA VIDA DO PASTOR NA UCRÂNIA;B2600215900000;07/07/2026;DEFERIDO;DOCUMENTÁRIO;;BRASILEIRA CONSTITUINTE DE ESPAÇO QUALIFICADO;SERIADA EM TEMPORADA ÚNICA;189;3;2026;2026;OUTROS MERCADOS - VÍDEO POR DEMANDA;NÃO;UNIPRO EDITORA LTDA;30.521.728/0001-20;RJ;RIO DE JANEIRO
UM ESQUELETO;B2600184200000;04/06/2026;DEFERIDO;FICÇÃO;;BRASILEIRA INDEPENDENTE CONSTITUINTE DE ESPAÇO QUALIFICADO;NÃO SERIADA;74,8;;2026;;COMUNICAÇÃO ELETRÔNICA DE MASSA POR ASSINATURA (TV PAGA);NÃO;BICICLETA BRANCA CRIAÇÕES E PRODUÇÕES LTDA;32.216.407/0001-47;SP;SÃO PAULO
UM HUMANISTA, POR ACASO ESCRITOR;B2600083600000;18/03/2026;DEFERIDO;DOCUMENTÁRIO;;BRASILEIRA INDEPENDENTE CONSTITUINTE DE ESPAÇO QUALIFICADO;NÃO SERIADA;50,4;;2026;;OUTROS MERCADOS - VÍDEO POR DEMANDA;NÃO;LOPES ATIVIDADES DE PRODUCAO CINEMATOGRAFICA LTDA;46.390.206/0001-76;MG;BELO HORIZONTE
UM LUGAR PARA VIVER;B2600097300000;27/03/2026;DEFERIDO;FICÇÃO;;BRASILEIRA INDEPENDENTE CONSTITUINTE DE ESPAÇO QUALIFICADO;NÃO SERIADA;103,8;;2026;;SALAS DE EXIBIÇÃO;NÃO;CONTRAPONTO MULTIMEIOS LTDA;11.248.548/0001-71;SC;FLORIANÓPOLIS
UM OLHAR UM SUSPIRO UM SORRISO;B2600064300000;02/03/2026;DEFERIDO;FICÇÃO;;BRASILEIRA INDEPENDENTE CONSTITUINTE DE ESPAÇO QUALIFICADO;NÃO SERIADA;75,7;;2026;;SALAS DE EXIBIÇÃO;NÃO;STAR FILMES LTDA.;51.428.977/0001-45;SP;SÃO PAULO
UM SALVE;B2600258800000;05/08/2026;DEFERIDO;VÍDEOMUSICAL;Registro de Eventos;BRASILEIRA INDEPENDENTE CONSTITUINTE DE ESPAÇO QUALIFICADO;NÃO SERIADA;3,2;;2025;;COMUNICAÇÃO ELETRÔNICA DE MASSA POR ASSINATURA (TV PAGA);NÃO;TOPO DO MUNDO EMPREENDIMENTOS ARTISTICOS LTDA;53.712.780/0001-69;RJ;NITERÓI
UMA BREVE HISTÓRIA DA IMPRENSA LGBT+ NO BRASIL;B2600210500000;30/06/2026;DEFERIDO;DOCUMENTÁRIO;;BRASILEIRA CONSTITUINTE DE ESPAÇO QUALIFICADO;NÃO SERIADA;110,3;;2026;;COMUNICAÇÃO ELETRÔNICA DE MASSA POR ASSINATURA (TV PAGA);NÃO;LUIS FELIPE MARTINS STEFFEN;PESSOA FÍSICA;SP;SÃO PAULO
UMA DOR COLOSSAL;B2600048600000;20/02/2026;DEFERIDO;FICÇÃO;;BRASILEIRA CONSTITUINTE DE ESPAÇO QUALIFICADO;NÃO SERIADA;17,2;;2026;;OUTROS MERCADOS;NÃO;FÁBRICA DE FILMES COMUNICAÇÃO LTDA;08.060.504/0001-09;SP;SÃO PAULO
UMA ESTRADA QUE CORTA O TERRITÓRIO DO XERENTE;B2600176800000;28/05/2026;DEFERIDO;DOCUMENTÁRIO;;BRASILEIRA CONSTITUINTE DE ESPAÇO QUALIFICADO;NÃO SERIADA;72,0;;2026;;SALAS DE EXIBIÇÃO;NÃO;49.269.134 GETULIO BARROS DE MELO;49.269.134/0001-00;TO;PALMAS
UMA MENINA, UM RIO;B2600022500000;26/01/2026;DEFERIDO;ANIMAÇÃO;;BRASILEIRA CONSTITUINTE DE ESPAÇO QUALIFICADO;NÃO SERIADA;7,8;;2026;;OUTROS MERCADOS;NÃO;PINK FLAMINGO PRODUÇÕES LTDA - ME;05.463.157/0001-77;SP;SÃO PAULO
UMA QUESTÃO DE ESCOLHA;B2600159600000;15/05/2026;DEFERIDO;FICÇÃO;;BRASILEIRA INDEPENDENTE CONSTITUINTE DE ESPAÇO QUALIFICADO;NÃO SERIADA;117,1;;2025;;SALAS DE EXIBIÇÃO;NÃO;PLANO SUPERIOR PRODUÇÃO CINEMATOGRAFICA LTDA;43.235.625/0001-45;SC;FLORIANÓPOLIS
UMA TRANS BEM SAFADA;B2600146200000;05/05/2026;DEFERIDO;FICÇÃO;Erótico/Pornográfica;COMUM;NÃO SERIADA;61;;2026;;COMUNICAÇÃO ELETRÔNICA DE MASSA POR ASSINATURA (TV PAGA);NÃO;LUZ VERMELHA FILMES - PRODUTORA DE CINEMA E VÍDEO LTDA;09.152.063/0001-38;SP;SÃO PAULO
UMA TRANSEX GULOSA;B2600146300000;05/05/2026;DEFERIDO;FICÇÃO;Erótico/Pornográfica;COMUM;NÃO SERIADA;61;;2026;;COMUNICAÇÃO ELETRÔNICA DE MASSA POR ASSINATURA (TV PAGA);NÃO;LUZ VERMELHA FILMES - PRODUTORA DE CINEMA E VÍDEO LTDA;09.152.063/0001-38;SP;SÃO PAULO
UNI, DUNI, TV!;B2600082100000;18/03/2026;DEFERIDO;ANIMAÇÃO;;BRASILEIRA CONSTITUINTE DE ESPAÇO QUALIFICADO;SERIADA EM MÚLTIPLAS TEMPORADAS;520;52;2026;2026;COMUNICAÇÃO ELETRÔNICA DE MASSA POR ASSINATURA (TV PAGA);NÃO;NIRVANA TECNOLOGIA DIGITAL LTDA;24.815.120/0001-05;SP;SÃO PAULO
UNI, DUNI, TV! 2A. TEMPORADA;B2600155000000;12/05/2026;DEFERIDO;ANIMAÇÃO;;BRASILEIRA CONSTITUINTE DE ESPAÇO QUALIFICADO;SERIADA EM MÚLTIPLAS TEMPORADAS;520;52;2026;2026;COMUNICAÇÃO ELETRÔNICA DE MASSA POR ASSINATURA (TV PAGA);NÃO;NIRVANA TECNOLOGIA DIGITAL LTDA;24.815.120/0001-05;SP;SÃO PAULO
UNIDADE DE ACOLHIMENTO #1;B2600277900000;20/08/2026;DEFERIDO;DOCUMENTÁRIO;;BRASILEIRA INDEPENDENTE CONSTITUINTE DE ESPAÇO QUALIFICADO;NÃO SERIADA;66,0;;2026;;SALAS DE EXIBIÇÃO;NÃO;CLAROESCURO STUDIO LTDA;19.192.279/0001-80;MG;BELO HORIZONTE
UNIVERCIÊNCIA - 4ª TEMPORADA;B2600209200000;29/06/2026;DEFERIDO;JORNALÍSTICA;Registro de Eventos;COMUM;SERIADA EM MÚLTIPLAS TEMPORADAS;1350;45;2026;2026;RADIODIFUSÃO DE SONS E IMAGENS (TV ABERTA);NÃO;AUTARQUIA UNIVERSIDADE DO SUDOESTE;13.069.489/0001-08;BA;VITÓRIA DA CONQUISTA
UNIVERSO CIRCULAR - JOCY DE OLIVEIRA;B2600014900000;16/01/2026;DEFERIDO;DOCUMENTÁRIO;;BRASILEIRA INDEPENDENTE CONSTITUINTE DE ESPAÇO QUALIFICADO;NÃO SERIADA;86,4;;2026;;COMUNICAÇÃO ELETRÔNICA DE MASSA POR ASSINATURA (TV PAGA);SIM;GORE PRODUTORA CINEMATOGRAFICA LTDA;06.963.884/0001-66;SP;SÃO BERNARDO DO CAMPO
UNIVERSO CONECTADO;B2600130200000;27/04/2026;DEFERIDO;DOCUMENTÁRIO;;BRASILEIRA INDEPENDENTE CONSTITUINTE DE ESPAÇO QUALIFICADO;NÃO SERIADA;20;;2026;;RADIODIFUSÃO DE SONS E IMAGENS (TV ABERTA);NÃO;VACA AMARELA FILMES LTDA;10.407.637/0001-50;MG;NOVA LIMA
UNIVERSO SPANTA 2026 - MELHORES MOMENTOS;B2600014500000;16/01/2026;DEFERIDO;VÍDEOMUSICAL;Registro de Eventos;BRASILEIRA CONSTITUINTE DE ESPAÇO QUALIFICADO;SERIADA EM MÚLTIPLAS TEMPORADAS;90;2;2026;2026;RADIODIFUSÃO DE SONS E IMAGENS (TV ABERTA);NÃO;GLOBO COMUNICACAO E PARTICIPACOES S/A;27.865.757/0001-02;RJ;RIO DE JANEIRO
URARICOERA MAKUNAIMÃ ARACOARA;B2600079000000;16/03/2026;DEFERIDO;DOCUMENTÁRIO;;BRASILEIRA INDEPENDENTE CONSTITUINTE DE ESPAÇO QUALIFICADO;NÃO SERIADA;13,7;;2026;;OUTROS MERCADOS;NÃO;CASA DO SACI AUDIOVISUAL LTDA;15.307.492/0001-30;SP;ARARAQUARA
URMININU - CHICO CHICO, ORQUESTRA SESIMINAS (AO VIVO);B2600214400000;03/07/2026;DEFERIDO;VÍDEOMUSICAL;Registro de Eventos;BRASILEIRA INDEPENDENTE CONSTITUINTE DE ESPAÇO QUALIFICADO;NÃO SERIADA;3,0;;2026;;COMUNICAÇÃO ELETRÔNICA DE MASSA POR ASSINATURA (TV PAGA);NÃO;DECK PRODUÇÕES ARTÍSTICAS LTDA;30.253.090/0001-93;RJ;RIO DE JANEIRO
US MEMO PRETO ZICA;B2600089200000;24/03/2026;DEFERIDO;VÍDEOMUSICAL;Registro de Eventos;BRASILEIRA INDEPENDENTE CONSTITUINTE DE ESPAÇO QUALIFICADO;NÃO SERIADA;4,9;;2026;;RADIODIFUSÃO DE SONS E IMAGENS (TV ABERTA);NÃO;CECROPIA PRODUTORA E EDITORA MUSICAL LTDA;62.590.426/0001-08;SP;SÃO PAULO
UTILIZAÇÃO DA MÁSCARA LARÍNGEA POR ENFERMEIROS NO ATENDIMENTO PRÉ-HOSPITALAR MÓVEL DE IDOSOS;B2600218600000;08/07/2026;DEFERIDO;VARIEDADES;Vídeoaula;BRASILEIRA CONSTITUINTE DE ESPAÇO QUALIFICADO;NÃO SERIADA;5,5;;2026;;NENHUMA DAS OPÇÕES;NÃO;FERNANDO CHIQUITO COSTA;PESSOA FÍSICA;PR;FAZENDA RIO GRANDE
V.O POR F.P;B2600268800000;17/08/2026;DEFERIDO;DOCUMENTÁRIO;;BRASILEIRA INDEPENDENTE CONSTITUINTE DE ESPAÇO QUALIFICADO;NÃO SERIADA;15;;2026;;SALAS DE EXIBIÇÃO;NÃO;PESSOA PRODUÇÕES ARTÍSTICAS LTDA ME;21.054.627/0001-03;SP;SÃO PAULO
VAI CLAREAR - MOACYR LUZ E SAMBA DO TRABALHADOR;B2600086300000;22/03/2026;DEFERIDO;VÍDEOMUSICAL;Registro de Eventos;BRASILEIRA INDEPENDENTE CONSTITUINTE DE ESPAÇO QUALIFICADO;NÃO SERIADA;3,1;;2026;;COMUNICAÇÃO ELETRÔNICA DE MASSA POR ASSINATURA (TV PAGA);NÃO;BEATRIZ STALLA DE BERGALLO LTDA;45.890.676/0001-36;RJ;RIO DE JANEIRO
VAI, BRASIL;B2600184400000;05/06/2026;DEFERIDO;DOCUMENTÁRIO;;BRASILEIRA INDEPENDENTE CONSTITUINTE DE ESPAÇO QUALIFICADO;NÃO SERIADA;68,1;;2026;;RADIODIFUSÃO DE SONS E IMAGENS (TV ABERTA);NÃO;FEEL THE MATCH INC LTDA;40.820.093/0001-15;RJ;RIO DE JANEIRO
VAI, BRASIL: A SÉRIE;B2600184500000;05/06/2026;DEFERIDO;DOCUMENTÁRIO;;BRASILEIRA INDEPENDENTE CONSTITUINTE DE ESPAÇO QUALIFICADO;SERIADA EM TEMPORADA ÚNICA;132,2;3;2026;2026;RADIODIFUSÃO DE SONS E IMAGENS (TV ABERTA);NÃO;FEEL THE MATCH INC LTDA;40.820.093/0001-15;RJ;RIO DE JANEIRO
VALENTINA;B2600111500000;13/04/2026;DEFERIDO;FICÇÃO;;BRASILEIRA INDEPENDENTE CONSTITUINTE DE ESPAÇO QUALIFICADO;NÃO SERIADA;100;;2026;;SALAS DE EXIBIÇÃO;NÃO;COMPANHIA AMAZONICA DE FILMES S/S LTDA.;05.928.108/0001-62;PA;ANANINDEUA
VALSA PARA MARIA DOMINGAS;B2600263100000;08/08/2026;DEFERIDO;FICÇÃO;;BRASILEIRA CONSTITUINTE DE ESPAÇO QUALIFICADO;NÃO SERIADA;22,9;;2026;;OUTROS MERCADOS - AUDIOVISUAL EM CIRCUITO RESTRITO;NÃO;EUGÊNIA PINTO SANTANA;PESSOA FÍSICA;SP;SÃO CAETANO DO SUL
VALSA PRA DOIS;B2600230500000;16/07/2026;DEFERIDO;VÍDEOMUSICAL;Registro de Eventos;BRASILEIRA INDEPENDENTE CONSTITUINTE DE ESPAÇO QUALIFICADO;NÃO SERIADA;4,4;;2025;;COMUNICAÇÃO ELETRÔNICA DE MASSA POR ASSINATURA (TV PAGA);NÃO;21.339.314 RAFAEL VIDAL DOS SANTOS;21.339.314/0001-93;RJ;RIO DE JANEIRO
VAMOS DE VINHO - 3A TEMPORADA;B2600021200000;23/01/2026;DEFERIDO;VARIEDADES;;BRASILEIRA CONSTITUINTE DE ESPAÇO QUALIFICADO;SERIADA EM MÚLTIPLAS TEMPORADAS;1296;24;2026;2026;COMUNICAÇÃO ELETRÔNICA DE MASSA POR ASSINATURA (TV PAGA);NÃO;UNIVERSO ONLINE S.A.;01.109.184/0001-95;SP;SÃO PAULO
VAMOS INCLUIR - 2ª TEMPORADA;B2600190200000;10/06/2026;DEFERIDO;ANIMAÇÃO;;BRASILEIRA INDEPENDENTE CONSTITUINTE DE ESPAÇO QUALIFICADO;SERIADA EM MÚLTIPLAS TEMPORADAS;36;12;2026;2026;COMUNICAÇÃO ELETRÔNICA DE MASSA POR ASSINATURA (TV PAGA);NÃO;GLM MARKETING SOLUÇÕES EMPRESARIAIS EIRELI;40.737.325/0001-76;SP;SÃO PAULO
VARAL;B2600164800000;21/05/2026;DEFERIDO;VÍDEOMUSICAL;;BRASILEIRA INDEPENDENTE CONSTITUINTE DE ESPAÇO QUALIFICADO;NÃO SERIADA;2,7;;2025;;RADIODIFUSÃO DE SONS E IMAGENS (TV ABERTA);NÃO;CG AGENCIAMENTO E SERVIÇOS LTDA;30.022.536/0001-79;SP;RIBEIRÃO PRETO
VASTA NATUREZA DE MINHA MÃE;B2600038900000;09/02/2026;DEFERIDO;DOCUMENTÁRIO;;BRASILEIRA INDEPENDENTE CONSTITUINTE DE ESPAÇO QUALIFICADO;NÃO SERIADA;79,2;;2026;;SALAS DE EXIBIÇÃO;NÃO;DAFUQ FILMES LTDA;19.153.140/0001-28;GO;GOIÂNIA
VAZIO;B2600052300000;23/02/2026;DEFERIDO;VÍDEOMUSICAL;;BRASILEIRA INDEPENDENTE CONSTITUINTE DE ESPAÇO QUALIFICADO;NÃO SERIADA;2,6;;2025;;RADIODIFUSÃO DE SONS E IMAGENS (TV ABERTA);NÃO;JOÃO TERTO DA SILVA FILHO;PESSOA FÍSICA;RN;NATAL
VAZIO E FORMA: UMA BREVE JORNADA PELO AIKIDO PRATICADO POR MULHERES;B2600063700000;27/02/2026;DEFERIDO;DOCUMENTÁRIO;;BRASILEIRA INDEPENDENTE CONSTITUINTE DE ESPAÇO QUALIFICADO;NÃO SERIADA;25,8;;2026;;NENHUMA DAS OPÇÕES;NÃO;IVAN DE SANTA BÁRBARA ARANCIBIA;PESSOA FÍSICA;BA;SALVADOR
VEINS;B2600224100000;11/07/2026;DEFERIDO;ANIMAÇÃO;;BRASILEIRA INDEPENDENTE CONSTITUINTE DE ESPAÇO QUALIFICADO;NÃO SERIADA;1,9;;2026;;SALAS DE EXIBIÇÃO;NÃO;MAYARA FREIRE LOUZADA;PESSOA FÍSICA;SP;BARUERI
VELHOS BANDIDOS;B2600027400000;30/01/2026;DEFERIDO;FICÇÃO;;BRASILEIRA INDEPENDENTE CONSTITUINTE DE ESPAÇO QUALIFICADO;NÃO SERIADA;93,9;;2026;;SALAS DE EXIBIÇÃO;NÃO;CONSPIRAÇÃO FILMES ENTRETENIMENTO 3º MILÊNIO LTDA.;09.180.984/0001-04;RJ;RIO DE JANEIRO
VEM AQUI ME BUSCAR;B2600041800000;11/02/2026;DEFERIDO;VÍDEOMUSICAL;Registro de Eventos;BRASILEIRA INDEPENDENTE CONSTITUINTE DE ESPAÇO QUALIFICADO;NÃO SERIADA;213;;2025;;RADIODIFUSÃO DE SONS E IMAGENS (TV ABERTA);NÃO;EPRATA MUSIC PRODUCOES ARTISTICAS LIMITADA;33.352.321/0001-04;SP;SÃO PAULO
VEM AQUI ME BUSCAR;B2600042000000;11/02/2026;DEFERIDO;VÍDEOMUSICAL;Registro de Eventos;BRASILEIRA INDEPENDENTE CONSTITUINTE DE ESPAÇO QUALIFICADO;NÃO SERIADA;213;;2025;;COMUNICAÇÃO ELETRÔNICA DE MASSA POR ASSINATURA (TV PAGA);NÃO;EPRATA MUSIC PRODUCOES ARTISTICAS LIMITADA;33.352.321/0001-04;SP;SÃO PAULO
VEM AQUI ME BUSCAR;B2600041900000;11/02/2026;DEFERIDO;VÍDEOMUSICAL;Registro de Eventos;BRASILEIRA INDEPENDENTE CONSTITUINTE DE ESPAÇO QUALIFICADO;NÃO SERIADA;213;;2025;;COMUNICAÇÃO ELETRÔNICA DE MASSA POR ASSINATURA (TV PAGA);NÃO;EPRATA MUSIC PRODUCOES ARTISTICAS LIMITADA;33.352.321/0001-04;SP;SÃO PAULO
VEM AQUI ME BUSCAR;B2600042800000;12/02/2026;DEFERIDO;VÍDEOMUSICAL;Registro de Eventos;BRASILEIRA INDEPENDENTE CONSTITUINTE DE ESPAÇO QUALIFICADO;NÃO SERIADA;3,6;;2025;;COMUNICAÇÃO ELETRÔNICA DE MASSA POR ASSINATURA (TV PAGA);NÃO;EPRATA MUSIC PRODUCOES ARTISTICAS LIMITADA;33.352.321/0001-04;SP;SÃO PAULO
VEM GUARNICÊ;B2600262700000;07/08/2026;DEFERIDO;DOCUMENTÁRIO;;BRASILEIRA INDEPENDENTE CONSTITUINTE DE ESPAÇO QUALIFICADO;NÃO SERIADA;84,2;;2026;;SALAS DE EXIBIÇÃO;NÃO;CATIRINA FILMES E PROJETOS AUDIOVISUAIS EIRELI;17.274.368/0001-40;MA;SÃO LUÍS
VEM LARISSA;B2600029200000;02/02/2026;DEFERIDO;VARIEDADES;;BRASILEIRA CONSTITUINTE DE ESPAÇO QUALIFICADO;SERIADA DE DURAÇÃO INDETERMINADA;624;24;2026;2026;COMUNICAÇÃO ELETRÔNICA DE MASSA POR ASSINATURA (TV PAGA);NÃO;ASTARTE PRODUTORA LTDA.;26.674.863/0001-38;SP;SÃO PAULO
VEM PRO JOGO;B2600157100000;14/05/2026;DEFERIDO;VARIEDADES;;BRASILEIRA CONSTITUINTE DE ESPAÇO QUALIFICADO;NÃO SERIADA;60;;2026;;RADIODIFUSÃO DE SONS E IMAGENS (TV ABERTA);NÃO;TVSBT CANAL 4 DE SAO PAULO S/A;45.039.237/0001-14;SP;OSASCO
VENTO;B2600043000000;12/02/2026;DEFERIDO;VÍDEOMUSICAL;;BRASILEIRA INDEPENDENTE CONSTITUINTE DE ESPAÇO QUALIFICADO;NÃO SERIADA;2,9;;2026;;COMUNICAÇÃO ELETRÔNICA DE MASSA POR ASSINATURA (TV PAGA);NÃO;40.670.840 VINICIUS GARCIA DA SILVA;40.670.840/0001-86;SP;SÃO JOSÉ DOS CAMPOS
VENTO;B2600042900000;12/02/2026;DEFERIDO;VÍDEOMUSICAL;;BRASILEIRA INDEPENDENTE CONSTITUINTE DE ESPAÇO QUALIFICADO;NÃO SERIADA;176;;2026;;COMUNICAÇÃO ELETRÔNICA DE MASSA POR ASSINATURA (TV PAGA);NÃO;40.670.840 VINICIUS GARCIA DA SILVA;40.670.840/0001-86;SP;SÃO JOSÉ DOS CAMPOS
VER, OUVIR, CALAR;B2600098900000;30/03/2026;DEFERIDO;VÍDEOMUSICAL;Registro de Eventos;BRASILEIRA INDEPENDENTE CONSTITUINTE DE ESPAÇO QUALIFICADO;NÃO SERIADA;4,5;;2025;;RADIODIFUSÃO DE SONS E IMAGENS (TV ABERTA);NÃO;MADRE FILMES PRODUÇÕES AUDIOVISUAIS LTDA.;12.803.014/0001-22;PI;TERESINA
VERDE OCIDENTAL: ECOTURISMO E PRESERVAÇÃO;B2600189700000;10/06/2026;DEFERIDO;JORNALÍSTICA;;COMUM;NÃO SERIADA;17,6;;2026;;OUTROS MERCADOS;NÃO;EDVAN RIBAS DE LIMA;PESSOA FÍSICA;GO;CIDADE OCIDENTAL
VEREDA TROPICAL;B2600176600000;27/05/2026;DEFERIDO;FICÇÃO;;BRASILEIRA INDEPENDENTE CONSTITUINTE DE ESPAÇO QUALIFICADO;NÃO SERIADA;25,8;;1977;;COMUNICAÇÃO ELETRÔNICA DE MASSA POR ASSINATURA (TV PAGA);NÃO;FILMES DO SERRO LTDA.;33.451.113/0001-62;RJ;RIO DE JANEIRO
VERÃO;B2600079500000;16/03/2026;DEFERIDO;VÍDEOMUSICAL;;BRASILEIRA CONSTITUINTE DE ESPAÇO QUALIFICADO;NÃO SERIADA;3,3;;2026;;COMUNICAÇÃO ELETRÔNICA DE MASSA POR ASSINATURA (TV PAGA);NÃO;EDER PEREIRA DE QUADROS;PESSOA FÍSICA;RS;ELDORADO DO SUL
VERÃO MAIOR PARANÁ 2026;B2600003000000;06/01/2026;DEFERIDO;VARIEDADES;;BRASILEIRA CONSTITUINTE DE ESPAÇO QUALIFICADO;NÃO SERIADA;90;;2026;;RADIODIFUSÃO DE SONS E IMAGENS (TV ABERTA);NÃO;RADIO E TELEVISAO BANDEIRANTES S.A.;60.509.239/0001-13;SP;SÃO PAULO
VESTIDO DE NUVEM;B2600197500000;18/06/2026;DEFERIDO;VÍDEOMUSICAL;;BRASILEIRA INDEPENDENTE CONSTITUINTE DE ESPAÇO QUALIFICADO;NÃO SERIADA;3,6;;2026;;COMUNICAÇÃO ELETRÔNICA DE MASSA POR ASSINATURA (TV PAGA);NÃO;JOAO PAULO NICOLAU DE SIQUEIRA;PESSOA FÍSICA;SP;SÃO PAULO
VIAGEM & GASTRONOMIA;B2600010300000;13/01/2026;DEFERIDO;VARIEDADES;;BRASILEIRA CONSTITUINTE DE ESPAÇO QUALIFICADO;SERIADA EM MÚLTIPLAS TEMPORADAS;201,3;5;2025;2025;COMUNICAÇÃO ELETRÔNICA DE MASSA POR ASSINATURA (TV PAGA);NÃO;NOVUS MIDIA S.A.;32.161.939/0001-24;SP;SÃO PAULO
VIAJANDO DE KIMONO;B2600170900000;25/05/2026;DEFERIDO;DOCUMENTÁRIO;;BRASILEIRA INDEPENDENTE CONSTITUINTE DE ESPAÇO QUALIFICADO;SERIADA EM TEMPORADA ÚNICA;200;10;2026;2026;COMUNICAÇÃO ELETRÔNICA DE MASSA POR ASSINATURA (TV PAGA);NÃO;CARAVANA FILMES LTDA;33.073.154/0001-62;RJ;RIO DE JANEIRO
VIBRAR;B2600102100000;01/04/2026;DEFERIDO;VÍDEOMUSICAL;;BRASILEIRA CONSTITUINTE DE ESPAÇO QUALIFICADO;NÃO SERIADA;2,7;;2025;;COMUNICAÇÃO ELETRÔNICA DE MASSA POR ASSINATURA (TV PAGA);NÃO;BRISA DISCOS LTDA;52.957.964/0001-26;MA;SÃO LUÍS
VIBRAR;B2600100100000;31/03/2026;DEFERIDO;VÍDEOMUSICAL;;BRASILEIRA INDEPENDENTE CONSTITUINTE DE ESPAÇO QUALIFICADO;NÃO SERIADA;159;;2025;;COMUNICAÇÃO ELETRÔNICA DE MASSA POR ASSINATURA (TV PAGA);NÃO;BRISA DISCOS LTDA;52.957.964/0001-26;MA;SÃO LUÍS
VICENTE NA CIDADE FANTASMA;B2600175100000;27/05/2026;DEFERIDO;FICÇÃO;;BRASILEIRA INDEPENDENTE CONSTITUINTE DE ESPAÇO QUALIFICADO;NÃO SERIADA;110,3;;2026;;SALAS DE EXIBIÇÃO;NÃO;HIPERPLANO PESQUISA, CONSULTORIA E PRODUCOES LTDA;25.258.691/0001-59;SP;CAMPINAS
VICENTINA PEDE DESCULPAS;B2600253100000;30/07/2026;DEFERIDO;FICÇÃO;;BRASILEIRA INDEPENDENTE CONSTITUINTE DE ESPAÇO QUALIFICADO;NÃO SERIADA;145,0;;2026;;SALAS DE EXIBIÇÃO;NÃO;FILMES DE PLASTICO PRODUCOES AUDIOVISUAIS LTDA;17.456.554/0001-09;MG;BELO HORIZONTE
VICTOR XAMÃ & WILLSBIFE - APARECEU;B2600139900000;29/04/2026;DEFERIDO;VÍDEOMUSICAL;;BRASILEIRA CONSTITUINTE DE ESPAÇO QUALIFICADO;NÃO SERIADA;2,8;;2026;;COMUNICAÇÃO ELETRÔNICA DE MASSA POR ASSINATURA (TV PAGA);NÃO;VICTOR GARCIA DE ALMEIDA;PESSOA FÍSICA;AM;MANAUS
VICTOR XAMÃ - ARMADILHA FEAT. PECAOS (PROD. NOSHUGAH);B2600136900000;28/04/2026;DEFERIDO;VÍDEOMUSICAL;;BRASILEIRA CONSTITUINTE DE ESPAÇO QUALIFICADO;NÃO SERIADA;296;;2025;;COMUNICAÇÃO ELETRÔNICA DE MASSA POR ASSINATURA (TV PAGA);NÃO;VICTOR GARCIA DE ALMEIDA;PESSOA FÍSICA;AM;MANAUS
VICTOR XAMÃ - GARCIA (INTRO) & OITO CORRENTES;B2600136800000;28/04/2026;DEFERIDO;VÍDEOMUSICAL;;BRASILEIRA CONSTITUINTE DE ESPAÇO QUALIFICADO;NÃO SERIADA;5,4;;2026;;COMUNICAÇÃO ELETRÔNICA DE MASSA POR ASSINATURA (TV PAGA);NÃO;VICTOR GARCIA DE ALMEIDA;PESSOA FÍSICA;AM;MANAUS
VIDA DE ARTISTA;B2600208800000;26/06/2026;DEFERIDO;FICÇÃO;;BRASILEIRA CONSTITUINTE DE ESPAÇO QUALIFICADO;NÃO SERIADA;19,1;;2026;;SALAS DE EXIBIÇÃO;NÃO;PEDRO AUGUSTO MAMEDE DE ALBUQUERQUE MARANHÃO;PESSOA FÍSICA;DF;BRASÍLIA
VIDA E SAÚDE;B2600018900000;21/01/2026;DEFERIDO;VARIEDADES;;BRASILEIRA CONSTITUINTE DE ESPAÇO QUALIFICADO;SERIADA DE DURAÇÃO INDETERMINADA;20097;261;2026;2026;RADIODIFUSÃO DE SONS E IMAGENS (TV ABERTA);NÃO;TELEVISAO CACHOEIRA DO SUL LTDA;89.784.037/0001-61;RS;CACHOEIRA DO SUL
VIDA EM PAZ;B2600121900000;17/04/2026;DEFERIDO;VÍDEOMUSICAL;;BRASILEIRA INDEPENDENTE CONSTITUINTE DE ESPAÇO QUALIFICADO;NÃO SERIADA;3,4;;2026;;COMUNICAÇÃO ELETRÔNICA DE MASSA POR ASSINATURA (TV PAGA);NÃO;LAB 3 TV COMUNICACAO DIGITAL LTDA;09.379.100/0001-45;SP;SÃO PAULO
VIDA ENTRE FOLHAS;B2600197100000;18/06/2026;DEFERIDO;FICÇÃO;;BRASILEIRA INDEPENDENTE CONSTITUINTE DE ESPAÇO QUALIFICADO;NÃO SERIADA;94,6;;2026;;SALAS DE EXIBIÇÃO;NÃO;STAIRS PRODUCOES AUDIOVISUAIS LTDA;10.433.648/0001-05;PB;CAMPINA GRANDE
VIDAS NA EXPO;B2600062000000;26/02/2026;DEFERIDO;DOCUMENTÁRIO;;BRASILEIRA INDEPENDENTE CONSTITUINTE DE ESPAÇO QUALIFICADO;NÃO SERIADA;20,4;;2026;;OUTROS MERCADOS - VÍDEO POR DEMANDA;NÃO;OCTOGRAMA PRODUÇÕES LTDA;30.470.477/0001-00;MG;UBERLÂNDIA
VIDAS PERIFÉRICAS;B2600170600000;25/05/2026;DEFERIDO;FICÇÃO;;BRASILEIRA CONSTITUINTE DE ESPAÇO QUALIFICADO;NÃO SERIADA;119,8;;2026;;SALAS DE EXIBIÇÃO;NÃO;PAULO FRANCO DE CAMARGO;PESSOA FÍSICA;SP;SÃO PAULO
VIDEOCLIPE AUTOCONHECIMENTO;B2600015700000;18/01/2026;DEFERIDO;VÍDEOMUSICAL;Registro de Eventos;BRASILEIRA CONSTITUINTE DE ESPAÇO QUALIFICADO;NÃO SERIADA;4,4;;2025;;OUTROS MERCADOS;NÃO;KATHARINA MARIA GURGEL DE QUEIROZ;PESSOA FÍSICA;RN;MOSSORÓ
VIDEOGRAFIA MUSIC;B2600264100000;10/08/2026;DEFERIDO;VÍDEOMUSICAL;;BRASILEIRA CONSTITUINTE DE ESPAÇO QUALIFICADO;SERIADA DE DURAÇÃO INDETERMINADA;6000;100;2026;2026;COMUNICAÇÃO ELETRÔNICA DE MASSA POR ASSINATURA (TV PAGA);NÃO;PBI - PROGRAMADORA BRASILEIRA INDEPENDENTE S.A;07.254.174/0001-20;RS;PORTO ALEGRE
VIKING BRASILEIRO;B2600277600000;20/08/2026;DEFERIDO;VÍDEOMUSICAL;Registro de Eventos;BRASILEIRA INDEPENDENTE CONSTITUINTE DE ESPAÇO QUALIFICADO;NÃO SERIADA;3,8;;2026;;COMUNICAÇÃO ELETRÔNICA DE MASSA POR ASSINATURA (TV PAGA);NÃO;GABRIELA RICCIARDI CASERTA;42.271.245/0001-01;SP;SÃO PAULO
VILA DOS PÁSSAROS - RICARDO BACELAR E CAINÃ CAVALCANTE;B2600222200000;10/07/2026;DEFERIDO;VÍDEOMUSICAL;;BRASILEIRA INDEPENDENTE CONSTITUINTE DE ESPAÇO QUALIFICADO;NÃO SERIADA;4,0;;2021;;COMUNICAÇÃO ELETRÔNICA DE MASSA POR ASSINATURA (TV PAGA);NÃO;RICARDO BACELAR PAIVA;PESSOA FÍSICA;CE;FORTALEZA
VIM E IREI COMO UMA PROFECIA;B2600094600000;26/03/2026;DEFERIDO;DOCUMENTÁRIO;;BRASILEIRA INDEPENDENTE CONSTITUINTE DE ESPAÇO QUALIFICADO;NÃO SERIADA;14,5;;2026;;NENHUMA DAS OPÇÕES;NÃO;NOVOS OLHARES PRODUÇÕES AUDIOVISUAIS LTDA;60.617.531/0001-50;SE;ARACAJU
VINCENT ROSENBLATT - CATARSE VISUAL;B2600013700000;15/01/2026;DEFERIDO;DOCUMENTÁRIO;;BRASILEIRA CONSTITUINTE DE ESPAÇO QUALIFICADO;NÃO SERIADA;89,2;;2026;;SALAS DE EXIBIÇÃO;NÃO;LASCENE PRODUCOES ARTISTICAS LTDA;15.048.775/0001-04;RJ;RIO DE JANEIRO
VINCENT ROSENBLATT – ANTROPOLOGIA VISUAL CONTEMPORÂNEA;B2600007500000;09/01/2026;DEFERIDO;DOCUMENTÁRIO;;BRASILEIRA INDEPENDENTE CONSTITUINTE DE ESPAÇO QUALIFICADO;NÃO SERIADA;52,8;;2026;;COMUNICAÇÃO ELETRÔNICA DE MASSA POR ASSINATURA (TV PAGA);NÃO;LASCENE PRODUCOES ARTISTICAS LTDA;15.048.775/0001-04;RJ;RIO DE JANEIRO
VIOLÊNCIA DIGITAL, DANO REAL;B2600252800000;30/07/2026;DEFERIDO;VARIEDADES;;BRASILEIRA CONSTITUINTE DE ESPAÇO QUALIFICADO;SERIADA EM TEMPORADA ÚNICA;30;5;2026;2026;OUTROS MERCADOS;NÃO;JABUTICABA PRODUTORA DE CONTEÚDO LTDA;11.665.545/0001-33;SP;SÃO PAULO
VIRADA CULTURAL - MELHORES MOMENTOS;B2600171000000;25/05/2026;DEFERIDO;VARIEDADES;;BRASILEIRA CONSTITUINTE DE ESPAÇO QUALIFICADO;NÃO SERIADA;60;;2026;;RADIODIFUSÃO DE SONS E IMAGENS (TV ABERTA);NÃO;GLOBO COMUNICACAO E PARTICIPACOES S/A;27.865.757/0001-02;RJ;RIO DE JANEIRO
VIRADA NA JIRAYA;B2600063100000;27/02/2026;DEFERIDO;FICÇÃO;;BRASILEIRA CONSTITUINTE DE ESPAÇO QUALIFICADO;NÃO SERIADA;18,6;;2026;;OUTROS MERCADOS;NÃO;ACASSIA DELIE MENDONCA ALVES;PESSOA FÍSICA;AL;MACEIÓ
VIRO VIRA VIROU;B2600184700000;08/06/2026;DEFERIDO;VÍDEOMUSICAL;Registro de Eventos;BRASILEIRA CONSTITUINTE DE ESPAÇO QUALIFICADO;NÃO SERIADA;1,8;;2026;;COMUNICAÇÃO ELETRÔNICA DE MASSA POR ASSINATURA (TV PAGA);NÃO;BONDE RECORDS MUSIC LTDA;21.857.777/0001-47;RJ;RIO DE JANEIRO
VIRTUOSAS;B2600224300000;13/07/2026;DEFERIDO;FICÇÃO;;BRASILEIRA INDEPENDENTE CONSTITUINTE DE ESPAÇO QUALIFICADO;NÃO SERIADA;85,8;;2026;;SALAS DE EXIBIÇÃO;NÃO;NOVELO FILMES PRODUÇÕES AUDIOVISUAIS LTDA ME;12.772.107/0001-37;SC;FLORIANÓPOLIS
VISCERAL;B2600235400000;21/07/2026;DEFERIDO;VÍDEOMUSICAL;Registro de Eventos;BRASILEIRA INDEPENDENTE CONSTITUINTE DE ESPAÇO QUALIFICADO;NÃO SERIADA;3;;2026;;COMUNICAÇÃO ELETRÔNICA DE MASSA POR ASSINATURA (TV PAGA);NÃO;SALDOCE PRODUCOES ARTISTICAS LTDA;56.971.052/0001-60;RJ;RIO DE JANEIRO
VISÃO;B2600204300000;24/06/2026;DEFERIDO;DOCUMENTÁRIO;;BRASILEIRA INDEPENDENTE CONSTITUINTE DE ESPAÇO QUALIFICADO;NÃO SERIADA;9,2;;2026;;COMUNICAÇÃO ELETRÔNICA DE MASSA POR ASSINATURA (TV PAGA);NÃO;GABRIEL FERREIRA DE SANTANA;PESSOA FÍSICA;SP;SÃO PAULO
VITRINE;B2600211700000;01/07/2026;DEFERIDO;VARIEDADES;;BRASILEIRA CONSTITUINTE DE ESPAÇO QUALIFICADO;SERIADA DE DURAÇÃO INDETERMINADA;676,4;26;2026;2026;RADIODIFUSÃO DE SONS E IMAGENS (TV ABERTA);NÃO;FUND PE ANCHIETA CENTRO PAULISTA RADIO E TV EDUCATIVAS;61.914.891/0001-86;SP;SÃO PAULO
VIVA A NOITE;B2600102800000;02/04/2026;DEFERIDO;PROGRAMA DE AUDITÓRIO ANCORADO POR APRESENTADOR;;COMUM;NÃO SERIADA;90;;2026;;RADIODIFUSÃO DE SONS E IMAGENS (TV ABERTA);NÃO;TVSBT CANAL 4 DE SAO PAULO S/A;45.039.237/0001-14;SP;OSASCO
VIVA BEM OBESIDADE - CAMINHOS PARA UMA VIDA MAIS LEVE;B2600241800000;23/07/2026;DEFERIDO;VARIEDADES;;BRASILEIRA CONSTITUINTE DE ESPAÇO QUALIFICADO;SERIADA EM MÚLTIPLAS TEMPORADAS;216;4;2026;2026;COMUNICAÇÃO ELETRÔNICA DE MASSA POR ASSINATURA (TV PAGA);NÃO;UNIVERSO ONLINE S.A.;01.109.184/0001-95;SP;SÃO PAULO
VIVA RENATA: AMOR, POESIA E ANARQUIA;B2600238300000;23/07/2026;DEFERIDO;DOCUMENTÁRIO;;BRASILEIRA INDEPENDENTE CONSTITUINTE DE ESPAÇO QUALIFICADO;NÃO SERIADA;75,6;;2026;;SALAS DE EXIBIÇÃO;NÃO;ESPAÇO LÍQUIDO ESTÚDIO DE CRIAÇÃO AUDIOVISUAL E EDITORA LTDA;11.233.226/0001-59;SP;SÃO PAULO
VIVA, UMA EXPERIÊNCIA REAL;B2600044500000;18/02/2026;DEFERIDO;RELIGIOSA;;COMUM;SERIADA DE DURAÇÃO INDETERMINADA;1160;40;2026;2026;RADIODIFUSÃO DE SONS E IMAGENS (TV ABERTA);NÃO;TELEVISAO CACHOEIRA DO SUL LTDA;89.784.037/0001-61;RS;CACHOEIRA DO SUL
VIVER O MAR - CONSERVAÇÃO E TRANSFORMAÇÃO;B2600013000000;15/01/2026;DEFERIDO;DOCUMENTÁRIO;;BRASILEIRA INDEPENDENTE CONSTITUINTE DE ESPAÇO QUALIFICADO;SERIADA EM TEMPORADA ÚNICA;125;5;2026;2026;COMUNICAÇÃO ELETRÔNICA DE MASSA POR ASSINATURA (TV PAGA);NÃO;DUO2.TV LTDA;07.929.498/0001-10;SP;SÃO PAULO
VIVER SERTANEJO 2026;B2600001400000;02/01/2026;DEFERIDO;VARIEDADES;;BRASILEIRA CONSTITUINTE DE ESPAÇO QUALIFICADO;SERIADA EM MÚLTIPLAS TEMPORADAS;1890;42;2026;2026;RADIODIFUSÃO DE SONS E IMAGENS (TV ABERTA);NÃO;GLOBO COMUNICACAO E PARTICIPACOES S/A;27.865.757/0001-02;RJ;RIO DE JANEIRO
VIVER É RARO 3ª TEMPORADA;B2600112100000;14/04/2026;DEFERIDO;DOCUMENTÁRIO;;BRASILEIRA INDEPENDENTE CONSTITUINTE DE ESPAÇO QUALIFICADO;SERIADA EM MÚLTIPLAS TEMPORADAS;210;7;2026;2026;COMUNICAÇÃO ELETRÔNICA DE MASSA POR ASSINATURA (TV PAGA);NÃO;RJ SERVICOS CINE GROUP LTDA;13.021.376/0001-24;RJ;RIO DE JANEIRO
VIVO 76;B2600275900000;19/08/2026;DEFERIDO;DOCUMENTÁRIO;;BRASILEIRA INDEPENDENTE CONSTITUINTE DE ESPAÇO QUALIFICADO;NÃO SERIADA;102,0;;2026;;SALAS DE EXIBIÇÃO;NÃO;PERDIDAS ILUSÕES LTDA;10.485.031/0001-33;PE;RECIFE
VIÚVOS;B2600130000000;27/04/2026;DEFERIDO;FICÇÃO;;BRASILEIRA INDEPENDENTE CONSTITUINTE DE ESPAÇO QUALIFICADO;NÃO SERIADA;82,5;;2026;;SALAS DE EXIBIÇÃO;NÃO;ASK THE RABBIT ENTRETENIMENTO LTDA;09.640.643/0001-74;SP;SÃO PAULO
VOCÊ ESTÁ PRONTA PARA DECIDIR COM CONSCIÊNCIA;B2600076700000;12/03/2026;DEFERIDO;VARIEDADES;Vídeoaula;BRASILEIRA INDEPENDENTE CONSTITUINTE DE ESPAÇO QUALIFICADO;NÃO SERIADA;1,2;;2026;;VIDEO DOMÉSTICO;NÃO;LAUANY SILVA DE MEDEIROS;PESSOA FÍSICA;PA;TUCURUÍ
VOCÊ LEMBRA;B2600255100000;03/08/2026;DEFERIDO;DOCUMENTÁRIO;;BRASILEIRA INDEPENDENTE CONSTITUINTE DE ESPAÇO QUALIFICADO;NÃO SERIADA;16,8;;2026;;COMUNICAÇÃO ELETRÔNICA DE MASSA POR ASSINATURA (TV PAGA);NÃO;FOPAGÔ FILMES LTDA;54.063.935/0001-46;MG;BELO HORIZONTE
VOCÊ ME BALANÇOU;B2600002900000;05/01/2026;DEFERIDO;VÍDEOMUSICAL;Registro de Eventos;BRASILEIRA INDEPENDENTE CONSTITUINTE DE ESPAÇO QUALIFICADO;NÃO SERIADA;195,1;;2025;;RADIODIFUSÃO DE SONS E IMAGENS (TV ABERTA);NÃO;PAZ E BEM EDICOES MUSICAIS LTDA;12.050.776/0001-03;RJ;RIO DE JANEIRO
VOCÊ NÃO SABE O QUE É AMOR;B2600036900000;08/02/2026;DEFERIDO;VÍDEOMUSICAL;Registro de Eventos;BRASILEIRA CONSTITUINTE DE ESPAÇO QUALIFICADO;NÃO SERIADA;3,4;;2024;;COMUNICAÇÃO ELETRÔNICA DE MASSA POR ASSINATURA (TV PAGA);NÃO;BONDE RECORDS MUSIC LTDA;21.857.777/0001-47;RJ;RIO DE JANEIRO
VOCÊ SABE (LUAU 1KILO);B2600207300000;25/06/2026;DEFERIDO;VÍDEOMUSICAL;;BRASILEIRA INDEPENDENTE CONSTITUINTE DE ESPAÇO QUALIFICADO;NÃO SERIADA;3,5;;2026;;COMUNICAÇÃO ELETRÔNICA DE MASSA POR ASSINATURA (TV PAGA);NÃO;1 KILO GRAVADORA E EDITORA LTDA;29.318.673/0001-76;RJ;RIO DE JANEIRO
VOEPASS 2283: A QUEDA;B2600233100000;20/07/2026;DEFERIDO;DOCUMENTÁRIO;;BRASILEIRA CONSTITUINTE DE ESPAÇO QUALIFICADO;SERIADA EM TEMPORADA ÚNICA;105;3;2026;2026;RADIODIFUSÃO DE SONS E IMAGENS (TV ABERTA);NÃO;GLOBO COMUNICACAO E PARTICIPACOES S/A;27.865.757/0001-02;RJ;RIO DE JANEIRO
VOINHA, DIZEM QUE A VIDA É APRESSADA;B2600086800000;23/03/2026;DEFERIDO;DOCUMENTÁRIO;;BRASILEIRA INDEPENDENTE CONSTITUINTE DE ESPAÇO QUALIFICADO;NÃO SERIADA;12,7;;2026;;OUTROS MERCADOS - VÍDEO POR DEMANDA;NÃO;LOPES ATIVIDADES DE PRODUCAO CINEMATOGRAFICA LTDA;46.390.206/0001-76;MG;BELO HORIZONTE
VOLTA PRA CASA - MAUI;B2600162700000;19/05/2026;DEFERIDO;VÍDEOMUSICAL;Registro de Eventos;BRASILEIRA INDEPENDENTE CONSTITUINTE DE ESPAÇO QUALIFICADO;NÃO SERIADA;3,8;;2026;;COMUNICAÇÃO ELETRÔNICA DE MASSA POR ASSINATURA (TV PAGA);NÃO;DECK PRODUÇÕES ARTÍSTICAS LTDA;30.253.090/0001-93;RJ;RIO DE JANEIRO
VOLTAREI;B2600081500000;18/03/2026;DEFERIDO;FICÇÃO;;BRASILEIRA CONSTITUINTE DE ESPAÇO QUALIFICADO;NÃO SERIADA;7,1;;2026;;SALAS DE EXIBIÇÃO;NÃO;TIAGO RODRIGUES DE SOUZA VIEIRA;PESSOA FÍSICA;DF;BRASÍLIA
VOLTEI NA FOTO;B2600105600000;07/04/2026;DEFERIDO;FICÇÃO;;BRASILEIRA CONSTITUINTE DE ESPAÇO QUALIFICADO;NÃO SERIADA;90;;2025;;COMUNICAÇÃO ELETRÔNICA DE MASSA POR ASSINATURA (TV PAGA);NÃO;GLOBO COMUNICACAO E PARTICIPACOES S/A;27.865.757/0001-02;RJ;RIO DE JANEIRO
VOLTO NÃO;B2600070700000;06/03/2026;DEFERIDO;VÍDEOMUSICAL;;BRASILEIRA INDEPENDENTE CONSTITUINTE DE ESPAÇO QUALIFICADO;NÃO SERIADA;2,9;;2026;;COMUNICAÇÃO ELETRÔNICA DE MASSA POR ASSINATURA (TV PAGA);NÃO;53.450.239 ANA PAULA BOVI VALLILO;53.450.239/0001-20;SP;SANTANA DE PARNAÍBA
VOO DE VOLTA;B2600083500000;18/03/2026;DEFERIDO;DOCUMENTÁRIO;;BRASILEIRA INDEPENDENTE CONSTITUINTE DE ESPAÇO QUALIFICADO;NÃO SERIADA;15,5;;2026;;OUTROS MERCADOS - AUDIOVISUAL EM CIRCUITO RESTRITO;NÃO;MOCHILA PRODUÇÃO CULTURAL E AUDIOVISUAL LTDA;24.845.470/0001-14;RS;PORTO ALEGRE
VOO LIVRE;B2600125900000;23/04/2026;DEFERIDO;VÍDEOMUSICAL;Registro de Eventos;BRASILEIRA INDEPENDENTE CONSTITUINTE DE ESPAÇO QUALIFICADO;NÃO SERIADA;3,2;;2024;;SALAS DE EXIBIÇÃO;NÃO;JÁDER LOURES DE BRITO;PESSOA FÍSICA;MG;PONTE NOVA
VOU SAIR PRA CATAR GENTE;B2600052400000;23/02/2026;DEFERIDO;DOCUMENTÁRIO;;BRASILEIRA INDEPENDENTE CONSTITUINTE DE ESPAÇO QUALIFICADO;NÃO SERIADA;39,5;;2026;;OUTROS MERCADOS - VÍDEO POR DEMANDA;NÃO;CIBELE APPES DE SOUSA COELHO;33.865.357/0001-91;SP;SÃO PAULO
VOU-ME EMBORA;B2600164100000;20/05/2026;DEFERIDO;DOCUMENTÁRIO;;BRASILEIRA INDEPENDENTE CONSTITUINTE DE ESPAÇO QUALIFICADO;NÃO SERIADA;65,8;;2026;;SALAS DE EXIBIÇÃO;NÃO;IBIRÁ CULTURAL LTDA;17.331.690/0001-64;SP;SÃO BERNARDO DO CAMPO
VOVÓ;B2600122700000;20/04/2026;DEFERIDO;VÍDEOMUSICAL;Registro de Eventos;BRASILEIRA INDEPENDENTE CONSTITUINTE DE ESPAÇO QUALIFICADO;NÃO SERIADA;0,8;;2019;;SALAS DE EXIBIÇÃO;NÃO;GUAJUPIA FILMES LTDA;50.205.115/0001-90;RJ;RIO DE JANEIRO
VOZ GUIA;B2600015300000;16/01/2026;DEFERIDO;DOCUMENTÁRIO;;BRASILEIRA INDEPENDENTE CONSTITUINTE DE ESPAÇO QUALIFICADO;SERIADA EM MÚLTIPLAS TEMPORADAS;88;4;2026;2026;RADIODIFUSÃO DE SONS E IMAGENS (TV ABERTA);NÃO;TEM DENDÊ PRODUÇÕES LTDA;15.128.758/0001-87;BA;SALVADOR
VOZ PARA CUMANÁ: SÉRIE DE AUDIODRAMA COM IMIGRANTES VENEZUELANOS;B2600071700000;10/03/2026;DEFERIDO;FICÇÃO;;BRASILEIRA INDEPENDENTE CONSTITUINTE DE ESPAÇO QUALIFICADO;SERIADA EM TEMPORADA ÚNICA;73,0;3;2026;2026;RADIODIFUSÃO DE SONS E IMAGENS (TV ABERTA);NÃO;57.364.059 GABRIEL FONTOURA MOTTA;57.364.059/0001-86;RS;PORTO ALEGRE
VOZES DA AMAZÔNIA;B2600002500000;05/01/2026;DEFERIDO;DOCUMENTÁRIO;;BRASILEIRA INDEPENDENTE CONSTITUINTE DE ESPAÇO QUALIFICADO;NÃO SERIADA;75,3;;2026;;RADIODIFUSÃO DE SONS E IMAGENS (TV ABERTA);NÃO;POLLEN STUDIOS PRODUCOES LTDA;11.823.909/0001-66;SP;SÃO PAULO
VOZES DO COCAL;B2600177700000;28/05/2026;DEFERIDO;DOCUMENTÁRIO;;BRASILEIRA CONSTITUINTE DE ESPAÇO QUALIFICADO;NÃO SERIADA;15;;2026;;SALAS DE EXIBIÇÃO;NÃO;54.260.399 JOSUE CASTILHO DOS SANTOS;54.260.399/0001-79;PA;SÃO SEBASTIÃO DA BOA VISTA
VOZÃO, CORAÇÃO DO MEU POVÃO;B2600210900000;30/06/2026;DEFERIDO;DOCUMENTÁRIO;;BRASILEIRA INDEPENDENTE CONSTITUINTE DE ESPAÇO QUALIFICADO;NÃO SERIADA;88,4;;2026;;RADIODIFUSÃO DE SONS E IMAGENS (TV ABERTA);NÃO;M MARGARITA HERNANDEZ PASCUAL;00.993.636/0001-81;CE;FORTALEZA
VULTO SAGRADO;B2600080000000;17/03/2026;DEFERIDO;FICÇÃO;;BRASILEIRA INDEPENDENTE CONSTITUINTE DE ESPAÇO QUALIFICADO;NÃO SERIADA;18;;2026;;SALAS DE EXIBIÇÃO;NÃO;RILDAS FILMES E PRODUCOES ARTISTICAS LTDA;51.102.990/0001-00;RJ;RIO DAS OSTRAS
VÁRZEA;B2600199300000;19/06/2026;DEFERIDO;DOCUMENTÁRIO;;BRASILEIRA INDEPENDENTE CONSTITUINTE DE ESPAÇO QUALIFICADO;NÃO SERIADA;9,7;;2026;;OUTROS MERCADOS - AUDIOVISUAL EM CIRCUITO RESTRITO;NÃO;HABITANTE FILMES LTDA;29.211.421/0001-43;SP;CAMPINAS
VÉIA NADA;B2600004900000;07/01/2026;DEFERIDO;DOCUMENTÁRIO;;BRASILEIRA INDEPENDENTE CONSTITUINTE DE ESPAÇO QUALIFICADO;NÃO SERIADA;51,1;;2026;;RADIODIFUSÃO DE SONS E IMAGENS (TV ABERTA);NÃO;POLLEN STUDIOS PRODUCOES LTDA;11.823.909/0001-66;SP;SÃO PAULO
VÊ SE PODE;B2600217900000;08/07/2026;DEFERIDO;VARIEDADES;;BRASILEIRA CONSTITUINTE DE ESPAÇO QUALIFICADO;SERIADA DE DURAÇÃO INDETERMINADA;1500;25;2026;2026;RADIODIFUSÃO DE SONS E IMAGENS (TV ABERTA);NÃO;TV OMEGA LTDA.;02.131.538/0001-60;SP;OSASCO
VÊNUS DE SEDA;B2600102300000;02/04/2026;DEFERIDO;FICÇÃO;Erótico/Pornográfica;COMUM;NÃO SERIADA;72,6;;2026;;COMUNICAÇÃO ELETRÔNICA DE MASSA POR ASSINATURA (TV PAGA);NÃO;LUZ VERMELHA FILMES - PRODUTORA DE CINEMA E VÍDEO LTDA;09.152.063/0001-38;SP;SÃO PAULO
VÊNUS DE SEDA;B2600223300000;10/07/2026;DEFERIDO;FICÇÃO;Erótico/Pornográfica;COMUM;NÃO SERIADA;72,6;;2026;;COMUNICAÇÃO ELETRÔNICA DE MASSA POR ASSINATURA (TV PAGA);NÃO;LUZ VERMELHA FILMES - PRODUTORA DE CINEMA E VÍDEO LTDA;09.152.063/0001-38;SP;SÃO PAULO
VÍCIO;B2600280000000;23/08/2026;DEFERIDO;DOCUMENTÁRIO;;BRASILEIRA CONSTITUINTE DE ESPAÇO QUALIFICADO;NÃO SERIADA;7,0;;2026;;SALAS DE EXIBIÇÃO;NÃO;GLAUBER TIAGO DAL PAZ;PESSOA FÍSICA;RS;CAXIAS DO SUL
VÍCIOS DE CARNAVAL;B2600257300000;04/08/2026;DEFERIDO;VÍDEOMUSICAL;Registro de Eventos;BRASILEIRA INDEPENDENTE CONSTITUINTE DE ESPAÇO QUALIFICADO;NÃO SERIADA;2,7;;2025;;COMUNICAÇÃO ELETRÔNICA DE MASSA POR ASSINATURA (TV PAGA);NÃO;TOPO DO MUNDO EMPREENDIMENTOS ARTISTICOS LTDA;53.712.780/0001-69;RJ;NITERÓI
VÍDEO INFORMATIVO SOBRE O CADASTRO, ACOMPANHAMENTO E RETIRADA DOS PRODUTOS PELO PTNED;B2600065700000;03/03/2026;DEFERIDO;VARIEDADES;Vídeoaula;BRASILEIRA CONSTITUINTE DE ESPAÇO QUALIFICADO;NÃO SERIADA;4,6;;2025;;VIDEO DOMÉSTICO;NÃO;NATÁLIA CAROLINA GONÇALVES CREPALDE;PESSOA FÍSICA;DF;BRASÍLIA
VÓ MARIA;B2600103100000;02/04/2026;DEFERIDO;DOCUMENTÁRIO;;BRASILEIRA INDEPENDENTE CONSTITUINTE DE ESPAÇO QUALIFICADO;NÃO SERIADA;14,0;;2026;;NENHUMA DAS OPÇÕES;NÃO;CADJU FILMES – ARTE CULTURA E COMUNICAÇÃO LTDA;40.169.602/0001-91;MT;CUIABÁ
WALTER & LUCY;B2600214100000;03/07/2026;DEFERIDO;FICÇÃO;;BRASILEIRA INDEPENDENTE CONSTITUINTE DE ESPAÇO QUALIFICADO;NÃO SERIADA;19,2;;2026;;NENHUMA DAS OPÇÕES;NÃO;ALMERIA FILMES LTDA;62.767.545/0001-85;RJ;RIO DE JANEIRO
WE, BROTHERS;B2600212400000;01/07/2026;DEFERIDO;FICÇÃO;;BRASILEIRA INDEPENDENTE CONSTITUINTE DE ESPAÇO QUALIFICADO;NÃO SERIADA;30;;2026;;OUTROS MERCADOS - VÍDEO POR DEMANDA;NÃO;36.780.865 RENATA SIQUEIRA GUIMARAES DE LIMA;36.780.865/0001-65;RJ;RIO DE JANEIRO
WEBMOTORS;B2600102900000;02/04/2026;DEFERIDO;VARIEDADES;;BRASILEIRA CONSTITUINTE DE ESPAÇO QUALIFICADO;NÃO SERIADA;30;;2026;;RADIODIFUSÃO DE SONS E IMAGENS (TV ABERTA);NÃO;TVSBT CANAL 4 DE SAO PAULO S/A;45.039.237/0001-14;SP;OSASCO
WHAT ABOUT LOVE;B2600015000000;16/01/2026;DEFERIDO;FICÇÃO;;BRASILEIRA INDEPENDENTE CONSTITUINTE DE ESPAÇO QUALIFICADO;NÃO SERIADA;67,2;;2026;;SALAS DE EXIBIÇÃO;NÃO;VISION FILMES E PRODUCOES LTDA;14.184.538/0001-08;BA;SALVADOR
WHEN WIND MEETS LIMIT;B2600194700000;17/06/2026;DEFERIDO;DOCUMENTÁRIO;;BRASILEIRA CONSTITUINTE DE ESPAÇO QUALIFICADO;NÃO SERIADA;6,5;;2026;;COMUNICAÇÃO ELETRÔNICA DE MASSA POR ASSINATURA (TV PAGA);NÃO;IMM ESPORTE E ENTRETENIMENTO LTDA.;06.951.432/0001-64;SP;SÃO PAULO
WHISKY E GELO;B2600121000000;17/04/2026;DEFERIDO;VÍDEOMUSICAL;Registro de Eventos;BRASILEIRA CONSTITUINTE DE ESPAÇO QUALIFICADO;NÃO SERIADA;2,6;;2019;;VIDEO DOMÉSTICO;NÃO;WORK SHOW PRODUCOES E ENTRETENIMENTO ARTISTICOS LTDA;20.077.216/0001-62;GO;GOIÂNIA
XINGU À MARGEM;B2600271300000;18/08/2026;DEFERIDO;DOCUMENTÁRIO;;BRASILEIRA INDEPENDENTE CONSTITUINTE DE ESPAÇO QUALIFICADO;NÃO SERIADA;81,5;;2026;;SALAS DE EXIBIÇÃO;NÃO;WALLACE NOGUEIRA SANTOS SILVA PRODUÇÕES;07.837.887/0001-16;BA;SALVADOR
XINGU, NOSSO RIO SAGRADO;B2600104300000;06/04/2026;DEFERIDO;DOCUMENTÁRIO;;BRASILEIRA INDEPENDENTE CONSTITUINTE DE ESPAÇO QUALIFICADO;NÃO SERIADA;77,0;;2026;;SALAS DE EXIBIÇÃO;NÃO;CEZAR AUGUSTO A. MORAES LTDA.;22.188.491/0001-89;PA;BELÉM
Y ANHEMBI;B2600202900000;23/06/2026;DEFERIDO;DOCUMENTÁRIO;;BRASILEIRA INDEPENDENTE CONSTITUINTE DE ESPAÇO QUALIFICADO;NÃO SERIADA;30;;2026;;SALAS DE EXIBIÇÃO;NÃO;ILUMINA SERVICOS CULTURAIS LTDA;65.087.025/0001-10;SP;SÃO PAULO
YEMANJÁ;B2600121700000;17/04/2026;DEFERIDO;VÍDEOMUSICAL;Registro de Eventos;BRASILEIRA INDEPENDENTE CONSTITUINTE DE ESPAÇO QUALIFICADO;NÃO SERIADA;1,6;;2019;;SALAS DE EXIBIÇÃO;NÃO;GUAJUPIA FILMES LTDA;50.205.115/0001-90;RJ;RIO DE JANEIRO
YKAMIABAS;B2600184300000;05/06/2026;DEFERIDO;FICÇÃO;;BRASILEIRA INDEPENDENTE CONSTITUINTE DE ESPAÇO QUALIFICADO;NÃO SERIADA;104,8;;2026;;SALAS DE EXIBIÇÃO;NÃO;IGUAPE PRODUCOES LTDA;01.950.362/0001-06;AM;MANAUS
YOU CUT MY WINGS;B2600208400000;26/06/2026;DEFERIDO;VÍDEOMUSICAL;;BRASILEIRA INDEPENDENTE CONSTITUINTE DE ESPAÇO QUALIFICADO;NÃO SERIADA;3,7;;2026;;COMUNICAÇÃO ELETRÔNICA DE MASSA POR ASSINATURA (TV PAGA);NÃO;VEGAS CULTURAL LTDA;52.743.723/0001-84;SP;AMERICANA
YOUFASHION - 7ª TEMPORADA;B2600276000000;19/08/2026;DEFERIDO;VARIEDADES;;BRASILEIRA CONSTITUINTE DE ESPAÇO QUALIFICADO;SERIADA EM MÚLTIPLAS TEMPORADAS;400;80;2026;2026;COMUNICAÇÃO ELETRÔNICA DE MASSA POR ASSINATURA (TV PAGA);NÃO;PBI - PROGRAMADORA BRASILEIRA INDEPENDENTE S.A;07.254.174/0001-20;RS;PORTO ALEGRE
YUPI BABY 6A. TEMPORADA;B2600178900000;28/05/2026;DEFERIDO;ANIMAÇÃO;;BRASILEIRA CONSTITUINTE DE ESPAÇO QUALIFICADO;SERIADA EM MÚLTIPLAS TEMPORADAS;700;140;2026;2026;COMUNICAÇÃO ELETRÔNICA DE MASSA POR ASSINATURA (TV PAGA);NÃO;NIRVANA TECNOLOGIA DIGITAL LTDA;24.815.120/0001-05;SP;SÃO PAULO
ZACK;B2600097600000;29/03/2026;DEFERIDO;FICÇÃO;;BRASILEIRA INDEPENDENTE CONSTITUINTE DE ESPAÇO QUALIFICADO;NÃO SERIADA;43,4;;2026;;OUTROS MERCADOS - VÍDEO POR DEMANDA;NÃO;PARAISO FILMES LTDA;32.267.625/0001-00;SP;JUNDIAÍ
ZAYON;B2600020800000;23/01/2026;DEFERIDO;FICÇÃO;;BRASILEIRA CONSTITUINTE DE ESPAÇO QUALIFICADO;NÃO SERIADA;11,5;;2026;;OUTROS MERCADOS - VÍDEO POR DEMANDA;NÃO;TRES MARGENS PRODUCOES CINEMATOGRAFICAS LTDA;21.566.529/0001-47;PR;FOZ DO IGUAÇU
ZEFERINA - MARIA BRASILEIRA;B2600018300000;21/01/2026;DEFERIDO;DOCUMENTÁRIO;;BRASILEIRA INDEPENDENTE CONSTITUINTE DE ESPAÇO QUALIFICADO;NÃO SERIADA;123,8;;2026;;SALAS DE EXIBIÇÃO;NÃO;GRATTITUDE FILMS PRODUCTIONS LTDA;30.693.863/0001-52;SP;RIBEIRÃO PRETO
ZICO - O SAMURAI DE QUINTINO;B2600070100000;06/03/2026;DEFERIDO;DOCUMENTÁRIO;;BRASILEIRA INDEPENDENTE CONSTITUINTE DE ESPAÇO QUALIFICADO;NÃO SERIADA;103,6;;2026;;SALAS DE EXIBIÇÃO;NÃO;VUDOO SINCE 2010 PRODUÇÕES LTDA;12.261.496/0001-36;RJ;RIO DE JANEIRO
ZILA;B2600252900000;30/07/2026;DEFERIDO;FICÇÃO;;BRASILEIRA INDEPENDENTE CONSTITUINTE DE ESPAÇO QUALIFICADO;NÃO SERIADA;19,8;;2026;;SALAS DE EXIBIÇÃO;NÃO;HORLLE AGENCIA, PRODUÇÃO E COMPANHIA DE TEATRO E CINEMA LTDA;49.670.647/0001-10;RS;PORTO ALEGRE
ZIMBRA AO VIVO NO TEATRO BRADESCO;B2600123600000;21/04/2026;DEFERIDO;VÍDEOMUSICAL;Registro de Eventos;BRASILEIRA INDEPENDENTE CONSTITUINTE DE ESPAÇO QUALIFICADO;NÃO SERIADA;86,3;;2026;;COMUNICAÇÃO ELETRÔNICA DE MASSA POR ASSINATURA (TV PAGA);NÃO;HENRIQUE GARCIA RONCOLETTA;PESSOA FÍSICA;SP;JUNDIAÍ
ZONA DE CONFORTO;B2600086900000;23/03/2026;DEFERIDO;VARIEDADES;;BRASILEIRA INDEPENDENTE CONSTITUINTE DE ESPAÇO QUALIFICADO;NÃO SERIADA;70;;2026;;OUTROS MERCADOS - VÍDEO POR DEMANDA;NÃO;NON STOP PRODUÇÕES S/A;23.497.344/0001-53;MG;JUIZ DE FORA
ZÉ ONÇA, RELATOS DE UMA MEMÓRIA;B2600174300000;26/05/2026;DEFERIDO;DOCUMENTÁRIO;;BRASILEIRA CONSTITUINTE DE ESPAÇO QUALIFICADO;NÃO SERIADA;17,0;;2026;;OUTROS MERCADOS;NÃO;49.269.134 GETULIO BARROS DE MELO;49.269.134/0001-00;TO;PALMAS
À BEIRA;B2600173900000;26/05/2026;DEFERIDO;FICÇÃO;;BRASILEIRA INDEPENDENTE CONSTITUINTE DE ESPAÇO QUALIFICADO;NÃO SERIADA;7,6;;2026;;SALAS DE EXIBIÇÃO;NÃO;DRM AUDIOVISUAL LTDA;13.936.784/0001-06;SP;SÃO PAULO
À VERA;B2600272800000;18/08/2026;DEFERIDO;FICÇÃO;;BRASILEIRA INDEPENDENTE CONSTITUINTE DE ESPAÇO QUALIFICADO;NÃO SERIADA;22,4;;2026;;SALAS DE EXIBIÇÃO;NÃO;FLORA MATSUBARA HOLLANDER;PESSOA FÍSICA;SP;SÃO PAULO
ÁGUA ABAIXO;B2600139000000;29/04/2026;DEFERIDO;ANIMAÇÃO;;BRASILEIRA INDEPENDENTE CONSTITUINTE DE ESPAÇO QUALIFICADO;NÃO SERIADA;3,5;;2026;;OUTROS MERCADOS - VÍDEO POR DEMANDA;NÃO;LISANDRO LUIS LOPES DOS SANTOS - ME;24.307.966/0001-34;RS;PORTO ALEGRE
ÁGUA CAPITAL - UMA HISTÓRIA DE DESIGUALDADE;B2600126900000;24/04/2026;DEFERIDO;DOCUMENTÁRIO;;BRASILEIRA INDEPENDENTE CONSTITUINTE DE ESPAÇO QUALIFICADO;SERIADA EM TEMPORADA ÚNICA;223;4;2026;2026;RADIODIFUSÃO DE SONS E IMAGENS (TV ABERTA);NÃO;SÍMIO FILMES LTDA;09.942.024/0001-34;PE;OLINDA
ÁRVORE GENEALÓGICA;B2600186000000;08/06/2026;DEFERIDO;FICÇÃO;;BRASILEIRA INDEPENDENTE CONSTITUINTE DE ESPAÇO QUALIFICADO;NÃO SERIADA;16,9;;2026;;SALAS DE EXIBIÇÃO;NÃO;PH7 - PRODUTORA E PRESTADORA DE SERVICOS LTDA;08.745.908/0001-36;RS;PORTO ALEGRE
É BRASILEIRO;B2600205600000;24/06/2026;DEFERIDO;VÍDEOMUSICAL;Registro de Eventos;BRASILEIRA INDEPENDENTE CONSTITUINTE DE ESPAÇO QUALIFICADO;NÃO SERIADA;3,1;;2026;;COMUNICAÇÃO ELETRÔNICA DE MASSA POR ASSINATURA (TV PAGA);NÃO;FS ENTRETENIMENTO LTDA;62.976.606/0001-14;RJ;RIO DE JANEIRO
É DE CASA 2026;B2600001000000;02/01/2026;DEFERIDO;VARIEDADES;;BRASILEIRA CONSTITUINTE DE ESPAÇO QUALIFICADO;SERIADA EM MÚLTIPLAS TEMPORADAS;8580;52;2026;2026;RADIODIFUSÃO DE SONS E IMAGENS (TV ABERTA);NÃO;GLOBO COMUNICACAO E PARTICIPACOES S/A;27.865.757/0001-02;RJ;RIO DE JANEIRO
É QUASE VERDADE;B2600004800000;07/01/2026;DEFERIDO;FICÇÃO;;BRASILEIRA INDEPENDENTE CONSTITUINTE DE ESPAÇO QUALIFICADO;NÃO SERIADA;41,2;;2026;;RADIODIFUSÃO DE SONS E IMAGENS (TV ABERTA);NÃO;CINCO CINCO PRODUÇÕES ENTRETENIMENTO E COMUNICAÇÃO LTDA;06.914.274/0001-72;ES;VITÓRIA
